Tienda,Marca,Producto,Precio anterior,Precio actual,Link,Texto completo
Cuidado con el Perro,Cuidado con el Perro,bolsa hueso con monedero ,239.2,299,https://www.cuidadoconelperro.com.mx/bolsa hueso con monedero 601250961012220, 20% | Bolsa Hueso con Monedero | $239.20 | $299.00
Cuidado con el Perro,Cuidado con el Perro,bolsa con doble asa amarilla ,209.25,279,https://www.cuidadoconelperro.com.mx/bolsa con doble asa amarilla 601260361010353, 25% | Bolsa con Doble Asa Amarilla | $209.25 | $279.00
Cuidado con el Perro,Cuidado con el Perro,bolsa pin mariposa blanca ,209.25,279,https://www.cuidadoconelperro.com.mx/bolsa pin mariposa blanca 601250661011307, 25% | Bolsa Pin Mariposa Blanca | $209.25 | $279.00
Cuidado con el Perro,Cuidado con el Perro,bolsa sintetica con asa ajustable hueso ,186.75,249,https://www.cuidadoconelperro.com.mx/bolsa sintetica con asa ajustable hueso 601250461010420, 25% | Bolsa Sintética con Asa Ajustable Hueso | $186.75 | $249.00
Cuidado con el Perro,Cuidado con el Perro,bolsa sintetica rectangular blanca ,186.75,249,https://www.cuidadoconelperro.com.mx/bolsa sintetica rectangular blanca 601250461010426, 25% | Bolsa Sintética Rectangular Blanca | $186.75 | $249.00
Cuidado con el Perro,Cuidado con el Perro,bolsa con anilla y bolsillo blanca ,174.3,249,https://www.cuidadoconelperro.com.mx/bolsa con anilla y bolsillo blanca 601250961012150, 30% | Bolsa con Anilla y Bolsillo Blanca | $174.30 | $249.00
Cuidado con el Perro,Cuidado con el Perro,bolsa con monedero redondo hueso ,195.3,279,https://www.cuidadoconelperro.com.mx/bolsa con monedero redondo hueso 601251061012307, 30% | Bolsa con Monedero Redondo Hueso | $195.30 | $279.00
Cuidado con el Perro,Cuidado con el Perro,bolsa cuadrada transparente cerezas ,181.3,259,https://www.cuidadoconelperro.com.mx/bolsa cuadrada transparente cerezas 601260261010012, 30% | Bolsa Cuadrada Transparente Cerezas | $181.30 | $259.00
Cuidado con el Perro,Cuidado con el Perro,bolsa con placa hello blanca ,181.35,279,https://www.cuidadoconelperro.com.mx/bolsa con placa hello blanca 601250861012148, 35% | Bolsa con Placa Hello Blanca | $181.35 | $279.00
Cuidado con el Perro,Cuidado con el Perro,bolsa sintetica blanca ,161.85,249,https://www.cuidadoconelperro.com.mx/bolsa sintetica blanca 601251161012907, 35% | Bolsa Sintética Blanca | $161.85 | $249.00
Cuidado con el Perro,Cuidado con el Perro,tote bag ramen hueso ,64.94,99.9,https://www.cuidadoconelperro.com.mx/tote bag ramen hueso 601260261010015, 35% | Tote Bag Ramen Hueso | $64.94 | $99.90
Cuidado con el Perro,Cuidado con el Perro,bolsa con flores blanca ,137.4,229,https://www.cuidadoconelperro.com.mx/bolsa con flores blanca 601251161012941, 40% | Bolsa con Flores Blanca | $137.40 | $229.00
Cuidado con el Perro,Cuidado con el Perro,bolsa con monedero negra ,167.4,279,https://www.cuidadoconelperro.com.mx/bolsa con monedero negra 601260261010008, 40% | Bolsa con Monedero Negra | $167.40 | $279.00
Cuidado con el Perro,Cuidado con el Perro,bolsa corazon rojo ,167.4,279,https://www.cuidadoconelperro.com.mx/bolsa corazon rojo 601260261010007, 40% | Bolsa Corazón Rojo | $167.40 | $279.00
Cuidado con el Perro,Cuidado con el Perro,bolsa luna con monedero negra ,167.4,279,https://www.cuidadoconelperro.com.mx/bolsa luna con monedero negra 601251161012935, 40% | Bolsa Luna con Monedero Negra | $167.40 | $279.00
Liverpool,GUESS,Bolsa crossbody Sunetra para mujer,137900,96530,https://www.liverpool.com.mx/tienda/pdp/bolsa crossbody guess sunetra para mujer/1183178015?skuid=1183178543,Amarillo
Liverpool,OLIMBA,Bolsa hobo para mujer,129900,64900,https://www.liverpool.com.mx/tienda/pdp/bolsa hobo olimba para mujer/99993527847?skuid=1192246811,Amarillo
Liverpool,OLIMBA,Bolsa satchel para mujer,119900,49900,https://www.liverpool.com.mx/tienda/pdp/bolsa satchel olimba para mujer/99990343521?skuid=1186378039,Amarillo
Liverpool,BUBBA,Bolsa tote para mujer,,109900,https://www.liverpool.com.mx/tienda/pdp/bolsa tote bubba para mujer/99994701587?skuid=1194254497,Amarillo | Gris | Rosa
Liverpool,OLIMBA,Bolsa clutch para mujer,129900,64950,https://www.liverpool.com.mx/tienda/pdp/bolsa clutch olimba para mujer/99992007554?skuid=1189199381,Amarillo | Negro | Azul | Rosa | Café
Suburbia,PRADA,Bolsa shoulder de piel vegana para mujer,,479000,https://www.suburbia.com.mx/tienda/pdp/bolsa shoulder prada de piel vegana para mujer/99994797943?skuid=1195622627,Amarillo | Verde | Azul | Rojo
Liverpool,LIKËPINK,Bolsa bandolera Fashion And Style para mujer,111900,48655,https://www.liverpool.com.mx/tienda/pdp/bolsa bandolera lik%C3%ABpink fashion and style para mujer/1145542436?skuid=1145542436,Azul
Suburbia,LIKËPINK,Bolsa bandolera Fashion And Style para mujer,111900,47556,https://www.suburbia.com.mx/tienda/pdp/bolsa bandolera lik%C3%ABpink fashion and style para mujer/1145542436?skuid=1145542436,Azul
Liverpool,LOVER,Bolsa bowler para mujer,109900,61900,https://www.liverpool.com.mx/tienda/pdp/bolsa bowler lover para mujer/9934971644?skuid=1116558030,Azul
Suburbia,LOVER,Bolsa bowler para mujer,109900,61900,https://www.suburbia.com.mx/tienda/pdp/bolsa bowler lover para mujer/9934971644?skuid=1116558030,Azul
Liverpool,WESTIES,Bolsa crossbody para mujer,149900,127400,https://www.liverpool.com.mx/tienda/pdp/bolsa crossbody westies para mujer/99987085710?skuid=1181075089,Azul
Liverpool,GENÉRICA,Bolsa crossbody para mujer,88300,56014,https://www.liverpool.com.mx/tienda/pdp/bolsa crossbody gen%C3%A9rica para mujer/1153284209?skuid=1153284209,Azul
Suburbia,GENÉRICA,Bolsa crossbody para mujer,88300,49657,https://www.suburbia.com.mx/tienda/pdp/bolsa crossbody gen%C3%A9rica para mujer/1153284209?skuid=1153284209,Azul
Liverpool,TOMMY HILFIGER,Bolsa crossbody Popette para mujer,,169900,https://www.liverpool.com.mx/tienda/pdp/bolsa crossbody tommy hilfiger popette para mujer/1181611011?skuid=1181611011,Azul
Suburbia,WÜND,Bolsa frame de cuero para mujer,119900,87450,https://www.suburbia.com.mx/tienda/pdp/bolsa frame w%C3%BCnd de cuero para mujer/1156895721?skuid=1156895721,Azul
Liverpool,WÜND,Bolsa frame de cuero para mujer,,68737,https://www.liverpool.com.mx/tienda/pdp/bolsa frame w%C3%BCnd de cuero para mujer/1156895721?skuid=1156895721,Azul
Liverpool,OLIMBA,Bolsa hobo para mujer,129900,64950,https://www.liverpool.com.mx/tienda/pdp/bolsa hobo olimba para mujer/99990935981?skuid=1187293762,Azul
Suburbia,WESTIES,Bolsa satchel Mandisa para mujer,169900,118900,https://www.suburbia.com.mx/tienda/pdp/bolsa satchel westies mandisa para mujer/1173099637?skuid=1173099637,Azul
Suburbia,COACH,Bolsa satchel Rowan para mujer,799900,639900,https://www.suburbia.com.mx/tienda/pdp/bolsa satchel coach rowan para mujer/1193945038?skuid=1193945038,Azul
Liverpool,LACOSTE,Bolsa shopper Spring Summer 24 para mujer,,319000,https://www.liverpool.com.mx/tienda/pdp/bolsa shopper lacoste spring summer 24 para mujer/1072880170?skuid=1072880184,Azul
Liverpool,LIKËPINK,Bolsa tote Chic Elegance para mujer,123800,104748,https://www.liverpool.com.mx/tienda/pdp/bolsa tote lik%C3%ABpink chic elegance para mujer/1148608322?skuid=1148608322,Azul
Suburbia,Suburbia,BOLSA TOTE CONCHA BRILLOS,399,399,https://shasa.com/products/bolsa tote concha brillos?&fromnostocategory=true,Azul
Suburbia,Suburbia,BOLSA TOTE CONCHA BRILLOS,349,399,https://shasa.com/products/bolsa tote concha brillos?&fromnostocategory=true,Azul
Liverpool,Genérica,Bolsa tote de cuero para mujer,,66313,https://www.liverpool.com.mx/tienda/pdp/bolsa tote gen%C3%A9rica de cuero para mujer/1153517700?skuid=1153517700,Azul
Suburbia,Genérica,Bolsa tote de cuero para mujer,,66313,https://www.suburbia.com.mx/tienda/pdp/bolsa tote gen%C3%A9rica de cuero para mujer/1153517700?skuid=1153517700,Azul
Liverpool,LOVER,Bolsa tote para mujer,119900,66900,https://www.liverpool.com.mx/tienda/pdp/bolsa tote lover para mujer/99968204354?skuid=1150321677,Azul
Suburbia,LOVER,Bolsa tote para mujer,119900,66900,https://www.suburbia.com.mx/tienda/pdp/bolsa tote lover para mujer/99968204354?skuid=1150321677,Azul
Liverpool,OLIMBA,Bolsa tote para mujer,129900,59900,https://www.liverpool.com.mx/tienda/pdp/bolsa tote olimba para mujer/99986436025?skuid=1180048681,Azul
Liverpool,TOMMY HILFIGER,Bolsa tote Popette para mujer,,199900,https://www.liverpool.com.mx/tienda/pdp/bolsa tote tommy hilfiger popette para mujer/1181612041?skuid=1181612041,Azul
Liverpool,WESTIES,bolsa tote westies kaveh para mujer,,139900,https://www.liverpool.com.mx/tienda/pdp/bolsa tote westies kaveh para mujer/1185166740?skuid=1185166798,Azul
Suburbia,Suburbia,Cartera croco pastel,249,249,https://shasa.com/products/cartera croco pastel?&fromnostocategory=true,Azul
Suburbia,Suburbia,Cartera croco pastel,249,249,https://shasa.com/products/cartera croco pastel?&fromnostocategory=true,Azul
Suburbia,HPC POLO,Cartera para mujer,64900,36900,https://www.suburbia.com.mx/tienda/pdp/cartera hpc polo para mujer/1122777908?skuid=1122777908,Azul
Liverpool,OLIMBA,Bolsa tote para mujer,119900,59950,https://www.liverpool.com.mx/tienda/pdp/bolsa tote olimba para mujer/99985081528?skuid=1177710101,Azul | Beige | Café
Suburbia,OLIMBA,Bolsa tote para mujer,119900,59950,https://www.suburbia.com.mx/tienda/pdp/bolsa tote olimba para mujer/99985081528?skuid=1177710101,Azul | Beige | Café
Liverpool,CLOE,backpack cloe ofolia para mujer,,219900,https://www.liverpool.com.mx/tienda/pdp/backpack cloe ofolia para mujer/1191247343?skuid=1191247350,Azul | Beige | Camel
Liverpool,CLOE,bolsa satchel cloe yotadi para mujer,,189900,https://www.liverpool.com.mx/tienda/pdp/bolsa satchel cloe yotadi para mujer/1191258256?skuid=1191258262,Azul | Beige | Negro
Suburbia,TED LAPIDUS,Bolsa crossbody para mujer,49900,49900,https://www.suburbia.com.mx/tienda/pdp/bolsa crossbody ted lapidus para mujer/sb5015063433?skuid=sb5015063442,Azul | Beige | Rosa
Liverpool,OLIMBA,Bolsa tote para mujer,129900,64900,https://www.liverpool.com.mx/tienda/pdp/bolsa tote olimba para mujer/99993527837?skuid=1192305281,Azul | Blanco | Café
Suburbia,OLIMBA,Bolsa tote para mujer,129900,64900,https://www.suburbia.com.mx/tienda/pdp/bolsa tote olimba para mujer/99993527837?skuid=1192305281,Azul | Blanco | Café
Liverpool,CLOE,bolsa shoulder cloe para mujer,,199900,https://www.liverpool.com.mx/tienda/pdp/bolsa shoulder cloe para mujer/1191155066?skuid=1191155072,Azul | Blanco | Negro | Rosa
Liverpool,CLOE,bolsa crossbody cloe tinbrali i para mujer,,179900,https://www.liverpool.com.mx/tienda/pdp/bolsa crossbody cloe tinbrali i para mujer/1191247696?skuid=1191247708,Azul | Café
Liverpool,OLIMBA,Bolsa satchel para mujer,129900,64950,https://www.liverpool.com.mx/tienda/pdp/bolsa satchel olimba para mujer/99990935977?skuid=1187293835,Azul | Café
Suburbia,OLIMBA,Bolsa satchel para mujer,129900,64950,https://www.suburbia.com.mx/tienda/pdp/bolsa satchel olimba para mujer/99986690213?skuid=1180361975,Azul | Café | Amarillo
Liverpool,OLIMBA,Bolsa crossbody para mujer,99900,44900,https://www.liverpool.com.mx/tienda/pdp/bolsa crossbody olimba para mujer/99983614294?skuid=1175146594,Azul | Café | Negro
Liverpool,CLOE,bolsa satchel cloe tinbrali i para mujer,,239900,https://www.liverpool.com.mx/tienda/pdp/bolsa satchel cloe tinbrali i para mujer/1191257675?skuid=1191257681,Azul | Café | Negro
Liverpool,OLIMBA,Bolsa crossbody para mujer,99900,39900,https://www.liverpool.com.mx/tienda/pdp/bolsa crossbody olimba para mujer/99975355416?skuid=1162466468,Azul | Café | Verde
Liverpool,CLOE,bolsa bucket cloe eneli para mujer,,179900,https://www.liverpool.com.mx/tienda/pdp/bolsa bucket cloe eneli para mujer/1191139320?skuid=1191139336,Azul | Camel | Negro
Liverpool,CLOE,bolsa tote cloe xabali para mujer,,209900,https://www.liverpool.com.mx/tienda/pdp/bolsa tote cloe xabali para mujer/1189789423?skuid=1189789439,Azul | Camel | Negro
Suburbia,Suburbia,Tarjetero PU flores,149,149,https://shasa.com/products/tarjetero pu flores?&fromnostocategory=true,Azul | Multicolor | Rojo
Suburbia,Suburbia,Tarjetero PU flores,499,149,https://shasa.com/products/tarjetero pu flores?&fromnostocategory=true,Azul | Multicolor | Rojo
Liverpool,OLIMBA,Bolsa clutch para mujer,129900,64950,https://www.liverpool.com.mx/tienda/pdp/bolsa clutch olimba para mujer/99992007523?skuid=1189128963,Azul | Negro
Suburbia,WEEKEND,Bolsa hobo para mujer,39900,39900,https://www.suburbia.com.mx/tienda/pdp/bolsa hobo weekend para mujer/sb5014377426?skuid=sb5014377443,Azul | Negro
Suburbia,Suburbia,Bolsa media luna slouchy,499,499,https://shasa.com/products/bolsa media luna slouchy?&fromnostocategory=true,Azul | Negro
Suburbia,Suburbia,Bolsa media luna slouchy,399,499,https://shasa.com/products/bolsa media luna slouchy?&fromnostocategory=true,Azul | Negro
Liverpool,CLOE,bolsa shoulder cloe de algod%C3%B3n para mujer,,209900,https://www.liverpool.com.mx/tienda/pdp/bolsa shoulder cloe de algod%C3%B3n para mujer/1187414538?skuid=1187414543,Azul | Negro
Suburbia,WEEKEND,Bolsa shoulder para mujer,29900,29900,https://www.suburbia.com.mx/tienda/pdp/bolsa shoulder weekend para mujer/sb5011844261?skuid=sb5011844270,Azul | Negro
Liverpool,LOVER,Bolsa tote con mascada colgante,119900,66900,https://www.liverpool.com.mx/tienda/pdp/bolsa tote lover con mascada colgante/23451649?skuid=1102602958,Azul | Negro
Suburbia,LOVER,Bolsa tote con mascada colgante,119900,66900,https://www.suburbia.com.mx/tienda/pdp/bolsa tote lover con mascada colgante/23451649?skuid=1102602958,Azul | Negro
Liverpool,OLIMBA,Bolsa crossbody para mujer,129900,64900,https://www.liverpool.com.mx/tienda/pdp/bolsa crossbody olimba para mujer/99993047052?skuid=1191467155,Azul | Negro | Beige | Café
Liverpool,OLIMBA,Bolsa crossbody para mujer,109900,54950,https://www.liverpool.com.mx/tienda/pdp/bolsa crossbody olimba para mujer/99985081529?skuid=1177711043,Azul | Negro | Beige | Café
Liverpool,OLIMBA,Bolsa hobo para mujer,129900,64900,https://www.liverpool.com.mx/tienda/pdp/bolsa hobo olimba para mujer/99993527825?skuid=1192721322,Azul | Negro | Beige | Café
Liverpool,OLIMBA,Bolsa tote para mujer,119900,59950,https://www.liverpool.com.mx/tienda/pdp/bolsa tote olimba para mujer/99985081536?skuid=1177710616,Azul | Negro | Beige | Café
Suburbia,OLIMBA,Bolsa tote para mujer,119900,59950,https://www.suburbia.com.mx/tienda/pdp/bolsa tote olimba para mujer/99985081536?skuid=1177710616,Azul | Negro | Beige | Café
Liverpool,OLIMBA,Bolsa crossbody para mujer,119900,49900,https://www.liverpool.com.mx/tienda/pdp/bolsa crossbody olimba para mujer/99987685693?skuid=1182279168,Azul | Negro | Beige | Rosa | Café
Liverpool,OLIMBA,Bolsa crossbody para mujer,129900,64900,https://www.liverpool.com.mx/tienda/pdp/bolsa crossbody olimba para mujer/99993047028?skuid=1191323111,Azul | Negro | Blanco | Café
Liverpool,OLIMBA,Bolsa clutch para mujer,129900,59900,https://www.liverpool.com.mx/tienda/pdp/bolsa clutch olimba para mujer/99992007526?skuid=1189200095,Azul | Negro | Blanco | Rosa
Liverpool,OLIMBA,Bolsa tote para mujer,119900,49900,https://www.liverpool.com.mx/tienda/pdp/bolsa tote olimba para mujer/99987685690?skuid=1182279737,Azul | Negro | Blanco | Rosa | Café
Liverpool,WESTIES,bolsa crossbody westies para mujer,,149900,https://www.liverpool.com.mx/tienda/pdp/bolsa crossbody westies para mujer/1185779113?skuid=1185779129,Azul | Negro | Café
Liverpool,OLIMBA,Bolsa tote para mujer,139900,64900,https://www.liverpool.com.mx/tienda/pdp/bolsa tote olimba para mujer/99993527881?skuid=1192311230,Azul | Negro | Café | Gris
Liverpool,CLOE,bolsa crossbody cloe irias para mujer,,179900,https://www.liverpool.com.mx/tienda/pdp/bolsa crossbody cloe irias para mujer/1191144781?skuid=1191144798,Azul | Negro | Rosa
Liverpool,LOVER,Bolsa crossbody Lover para mujer,109900,64900,https://www.liverpool.com.mx/tienda/pdp/bolsa crossbody lover lover para mujer/9945480708?skuid=1126497071,Azul | Negro | Rosa
Liverpool,CLOE,bolsa tote cloe irias para mujer,,199900,https://www.liverpool.com.mx/tienda/pdp/bolsa tote cloe irias para mujer/1191139036?skuid=1191139042,Azul | Negro | Rosa
Liverpool,OLIMBA,Bolsa crossbody para mujer,109900,49900,https://www.liverpool.com.mx/tienda/pdp/bolsa crossbody olimba para mujer/99987685691?skuid=1182279788,Azul | Negro | Rosa | Café | Amarillo
Liverpool,OLIMBA,Bolsa tote para mujer,129900,59900,https://www.liverpool.com.mx/tienda/pdp/bolsa tote olimba para mujer/99986436032?skuid=1180048924,Azul | Negro | Rosa | Café | Naranja
Suburbia,OLIMBA,Bolsa tote para mujer,129900,59900,https://www.suburbia.com.mx/tienda/pdp/bolsa tote olimba para mujer/99986436032?skuid=1180048924,Azul | Negro | Rosa | Café | Naranja
Liverpool,OLIMBA,Bolsa satchel para mujer,129900,64950,https://www.liverpool.com.mx/tienda/pdp/bolsa satchel olimba para mujer/99992007555?skuid=1189201067,Azul | Negro | Rosa | Café | Rojo
Liverpool,OLIMBA,Bolsa satchel para mujer,129900,64950,https://www.liverpool.com.mx/tienda/pdp/bolsa satchel olimba para mujer/99986436023?skuid=1179958143,Azul | Negro | Rosa | Verde | Gris
Liverpool,OLIMBA,Bolsa satchel para mujer,119900,59950,https://www.liverpool.com.mx/tienda/pdp/bolsa satchel olimba para mujer/99990343516?skuid=1186377369,Azul | Negro | Verde | Café
Suburbia,OLIMBA,Bolsa satchel para mujer,119900,59950,https://www.suburbia.com.mx/tienda/pdp/bolsa satchel olimba para mujer/99990343516?skuid=1186377369,Azul | Negro | Verde | Café
Liverpool,CLOE,bolsa tote cloe gaselia para mujer,,229900,https://www.liverpool.com.mx/tienda/pdp/bolsa tote cloe gaselia para mujer/1191257802?skuid=1191257819,Azul | Negro | Verde | Rosa
Liverpool,CLOE,bolsa tote cloe gaselia para mujer,,209900,https://www.liverpool.com.mx/tienda/pdp/bolsa tote cloe gaselia para mujer/1191248382?skuid=1191248399,Azul | Negro | Verde | Rosa
Suburbia,TED LAPIDUS,Cartera para mujer,29900,29900,https://www.suburbia.com.mx/tienda/pdp/cartera ted lapidus para mujer/sb5014606701?skuid=sb5014606710,Azul | Rojo
Liverpool,OLIMBA,Bolsa tote para mujer,119900,59950,https://www.liverpool.com.mx/tienda/pdp/bolsa tote olimba para mujer/99985081534?skuid=1177711221,Azul | Rosa | Verde
Farfetch,Farfetch,Balenciaga,,41145,https://www.farfetch.com/mx/shopping/women/balenciaga le city arena lamb tote bag item 25046932.aspx,"Balenciaga | Le City Arena Lamb tote bag | $41,145"
Farfetch,BALMAIN,Balmain,,40028,https://www.farfetch.com/mx/shopping/women/balmain medium anthem shoulder bag item 33755598.aspx,"Balmain | medium Anthem shoulder bag | $40,028"
Liverpool,ANEKKE,bolsa crossbody anekke para mujer,,239900,https://www.liverpool.com.mx/tienda/pdp/bolsa crossbody anekke para mujer/1189261917?skuid=1189263127,Beige
Suburbia,HPC POLO,Bolsa crossbody Casual para mujer,99900,49900,https://www.suburbia.com.mx/tienda/pdp/bolsa crossbody hpc polo casual para mujer/1141535541?skuid=1141535541,Beige
Liverpool,YUZEFI,Bolsa crossbody Dinner Roll de piel para mujer,362900,290320,https://www.liverpool.com.mx/tienda/pdp/bolsa crossbody yuzefi dinner roll de piel para mujer/1124926838?skuid=1124926838,Beige
Liverpool,NINE WEST,Bolsa crossbody Eloisse para mujer,209900,178400,https://www.liverpool.com.mx/tienda/pdp/bolsa crossbody nine west eloisse para mujer/1188434645?skuid=1188434645,Beige
Suburbia,HPC POLO,Bolsa crossbody Ninguna para mujer,109900,71700,https://www.suburbia.com.mx/tienda/pdp/backpack crossbody hpc polo para mujer/1156650036?skuid=1156650036,Beige
Suburbia,KARL LAGERFELD,Bolsa crossbody para mujer,410000,286900,https://www.suburbia.com.mx/tienda/pdp/bolsa crossbody karl lagerfeld para mujer/1197316523?skuid=1197316523,Beige
Liverpool,OLIMBA,Bolsa crossbody para mujer,109900,54950,https://www.liverpool.com.mx/tienda/pdp/bolsa crossbody olimba para mujer/99987685688?skuid=1182279583,Beige
Liverpool,ANEKKE,bolsa satchel anekke de mujer,,269900,https://www.liverpool.com.mx/tienda/pdp/bolsa satchel anekke de mujer/1189262719?skuid=1189263429,Beige
Liverpool,ANEKKE,bolsa satchel anekke muse para mujer,,269900,https://www.liverpool.com.mx/tienda/pdp/bolsa satchel anekke muse para mujer/1189262336?skuid=1189262341,Beige
Liverpool,GUESS,Bolsa satchel Brenton para mujer,,299000,https://www.liverpool.com.mx/tienda/pdp/bolsa satchel guess brenton para mujer/1169795828?skuid=1169795858,Beige
Liverpool,GUESS,Bolsa satchel Lyndi para mujer,,269000,https://www.liverpool.com.mx/tienda/pdp/bolsa satchel guess lyndi para mujer/1191009726?skuid=1191009726,Beige
Liverpool,WESTIES,Bolsa satchel para mujer,189900,161400,https://www.liverpool.com.mx/tienda/pdp/bolsa satchel westies para mujer/99990253697?skuid=1185934922,Beige
Liverpool,NINE WEST,Bolsa shoulder para mujer,189900,161400,https://www.liverpool.com.mx/tienda/pdp/bolsa shoulder nine west para mujer/1185521539?skuid=1185521539,Beige
Suburbia,Suburbia,BOLSA TEJIDA PLAYA,399,399,https://shasa.com/products/bolsa tejida playa?&fromnostocategory=true,Beige
Suburbia,Suburbia,BOLSA TEJIDA PLAYA,299,399,https://shasa.com/products/bolsa tejida playa?&fromnostocategory=true,Beige
Suburbia,SAMSONITE,Bolsa tote Brightbeyond unisex,369900,221940,https://www.suburbia.com.mx/tienda/pdp/bolsa tote samsonite brightbeyond unisex/1170552284?skuid=1170552284,Beige
Suburbia,Suburbia,Bolsa tote canvas mini print flor,199,199,https://shasa.com/products/bolsa tote canvas mini print flor?&fromnostocategory=true,Beige
Suburbia,Suburbia,Bolsa tote canvas mini print flor,499,199,https://shasa.com/products/bolsa tote canvas mini print flor?&fromnostocategory=true,Beige
Liverpool,LAB.G,Bolsa tote de cuero para mujer,179900,66341,https://www.liverpool.com.mx/tienda/pdp/bolsa tote lab.g de cuero para mujer/1132598840?skuid=1132598840,Beige
Suburbia,LAB.G,Bolsa tote de cuero para mujer,179900,66341,https://www.suburbia.com.mx/tienda/pdp/bolsa tote lab.g de cuero para mujer/1132598840?skuid=1132598840,Beige
Suburbia,LIKËPINK,Bolsa tote Fashion And Life unisex,199700,80640,https://www.suburbia.com.mx/tienda/pdp/bolsa tote lik%C3%ABpink fashion and life unisex/1143115140?skuid=1143115140,Beige
Suburbia,MIOW,Bolsa tote For Cat Lovers para mujer,71800,53800,https://www.suburbia.com.mx/tienda/pdp/bolsa tote miow for cat lovers para mujer/1194914888?skuid=1194914888,Beige
Liverpool,H&CO,bolsa tote h&co para mujer,,149900,https://www.liverpool.com.mx/tienda/pdp/bolsa tote h&co para mujer/1108450751?skuid=1108450751,Beige
Suburbia,WESTIES,Bolsa tote Killua para mujer,,169900,https://www.suburbia.com.mx/tienda/pdp/bolsa tote westies killua para mujer/1185686031?skuid=1185686031,Beige
Liverpool,CALVIN KLEIN,Bolsa tote para mujer,,299900,https://www.liverpool.com.mx/tienda/pdp/bolsa tote calvin klein para mujer/1190036274?skuid=1190036274,Beige
Liverpool,INVIGORATE,Bolsa tote para mujer,52700,45826,https://www.liverpool.com.mx/tienda/pdp/bolsa tote invigorate para mujer/1176289593?skuid=1176289593,Beige
Liverpool,ADORN,Bolsa tote para mujer,49400,42956,https://www.liverpool.com.mx/tienda/pdp/bolsa tote adorn para mujer/1176288597?skuid=1176288597,Beige
Suburbia,GENERICA,Bolsa tote Peanuts Snoopy para mujer,90000,59853,https://www.suburbia.com.mx/tienda/pdp/bolsa tote generica peanuts snoopy para mujer/1194920977?skuid=1194920977,Beige
Liverpool,BY MEXICO,Bolsa tote Totebag México para mujer,42000,38000,https://www.liverpool.com.mx/tienda/pdp/bolsa tote by mexico totebag m%C3%A9xico para mujer/1153843275?skuid=1153843275,Beige
Liverpool,ANEKKE,bolsa wristlet anekke sophia para mujer,,69900,https://www.liverpool.com.mx/tienda/pdp/bolsa wristlet anekke sophia para mujer/1189263570?skuid=1189263585,Beige
Suburbia,LAB.G,Mochila para viaje impermeable para mujer,215300,190000,https://www.suburbia.com.mx/tienda/pdp/mochila para viaje lab.g impermeable para mujer/1180136203?skuid=1180136203,Beige
Liverpool,CLOE,set de bolsas cloe ogozira para mujer,,219900,https://www.liverpool.com.mx/tienda/pdp/set de bolsas cloe ogozira para mujer/1189784839?skuid=1189784844,Beige
Suburbia,Suburbia,Tote bag mini bordados México,249,249,https://shasa.com/products/tote bag mini bordados mexico?&fromnostocategory=true,Beige
Suburbia,Suburbia,Tote bag mini bordados México,499,249,https://shasa.com/products/tote bag mini bordados mexico?&fromnostocategory=true,Beige
Liverpool,NINE WEST,Bolsa satchel Koralie para mujer,229900,195400,https://www.liverpool.com.mx/tienda/pdp/%22set/bolsa%22 satchel nine west koralie no aplica %22de%22 sint%C3%A9tico %22para%22 (si aplica) mujer/99996165180?skuid=1197115897,Beige | Azul
Liverpool,GUESS,Bolsa satchel Noelle II para mujer,,259000,https://www.liverpool.com.mx/tienda/pdp/bolsa satchel guess noelle ii para mujer/1191296115?skuid=1191296121,Beige | Azul
Suburbia,WEEKEND,Bolsa bucket para mujer,29900,29900,https://www.suburbia.com.mx/tienda/pdp/bolsa bucket weekend para mujer/sb5014562452?skuid=sb5014562461,Beige | Azul | Negro
Suburbia,WEEKEND,Bolsa Crossbody para mujer,29900,29900,https://www.suburbia.com.mx/tienda/pdp/bolsa crossbody weekend para mujer/sb5013921971?skuid=sb5013921981,Beige | Azul | Negro
Suburbia,TED LAPIDUS,Bolsa tote para mujer,49900,49900,https://www.suburbia.com.mx/tienda/pdp/bolsa tote ted lapidus para mujer/sb5015063719?skuid=sb5015063728,Beige | Azul | Negro
Suburbia,Suburbia,Bolsa slouchy suede,499,499,https://shasa.com/products/bolsa slouchy suede?&fromnostocategory=true,Beige | Café
Suburbia,Suburbia,Bolsa slouchy suede,449,499,https://shasa.com/products/bolsa slouchy suede?&fromnostocategory=true,Beige | Café
Liverpool,CLOE,bolsa shoulder cloe filina para mujer,,179900,https://www.liverpool.com.mx/tienda/pdp/bolsa shoulder cloe filina para mujer/1191138943?skuid=1191138950,Beige | Café | Negro
Suburbia,WESTIES,Bolsa tote Dumi para mujer,139900,139900,https://www.suburbia.com.mx/tienda/pdp/bolsa tote westies dumi para mujer/sb5015165970?skuid=sb5015165989,Beige | Café | Negro
Liverpool,OLIMBA,Bolsa satchel para mujer,129900,64900,https://www.liverpool.com.mx/tienda/pdp/bolsa satchel olimba para mujer/99994908346?skuid=1194989802,Beige | Café | Negro | Azul
Liverpool,CLOE,bolsa bowler cloe yailami para mujer,,169900,https://www.liverpool.com.mx/tienda/pdp/bolsa bowler cloe yailami para mujer/1189788478?skuid=1189788483,Beige | Camel | Negro
Liverpool,HUSER,bolsa tote huser para mujer,,149900,https://www.liverpool.com.mx/tienda/pdp/bolsa tote huser para mujer/1191988025?skuid=1191988031,Beige | Camel | Negro
Liverpool,CLOE,bolsa bowler cloe gazgaki para mujer,,169900,https://www.liverpool.com.mx/tienda/pdp/bolsa bowler cloe gazgaki para mujer/1189780787?skuid=1189780792,Beige | Camel | Negro | Verde
Liverpool,WESTIES,bolsa satchel westies shougo para mujer,,189900,https://www.liverpool.com.mx/tienda/pdp/bolsa satchel westies shougo para mujer/1185779598?skuid=1185779609,Beige | Marfil
Suburbia,Suburbia,Bolsa clutch crochet,449,449,https://shasa.com/products/bolsa clutch crochet?&fromnostocategory=true,Beige | Negro
Suburbia,Suburbia,Bolsa clutch crochet,399,449,https://shasa.com/products/bolsa clutch crochet?&fromnostocategory=true,Beige | Negro
Liverpool,CALVIN KLEIN,Bolsa crossbody para mujer,157900,157900,https://www.liverpool.com.mx/tienda/pdp/bolsa crossbody calvin klein para mujer/1184679255?skuid=1184679261,Beige | Negro
Liverpool,PARFOIS,Bolsa crossbody para mujer,,79900,https://www.liverpool.com.mx/tienda/pdp/bolsa crossbody parfois para mujer/1194390074?skuid=1194390081,Beige | Negro
Liverpool,LUCKYLY,Bolsa crossbody Siena para mujer,86900,69900,https://www.liverpool.com.mx/tienda/pdp/bolsa crossbody luckyly siena para mujer/99990110049?skuid=1185672871,Beige | Negro
Suburbia,WESTIES,Bolsa satchel para mujer,139900,139900,https://www.suburbia.com.mx/tienda/pdp/bolsa satchel westies para mujer/sb5014333623?skuid=sb5014333632,Beige | Negro
Liverpool,H&CO,set de bolsas h&co para mujer,,159900,https://www.liverpool.com.mx/tienda/pdp/set de bolsas h&co para mujer/1193080560?skuid=1193080576,Beige | Negro
Liverpool,WESTIES,set de bolsas tote westies ruhollah para mujer,,169900,https://www.liverpool.com.mx/tienda/pdp/set de bolsas tote westies ruhollah para mujer/1191768858?skuid=1191768864,Beige | Negro
Liverpool,WESTIES,set de bolsas satchel westies ruhollah para mujer,,149900,https://www.liverpool.com.mx/tienda/pdp/set de bolsas satchel westies ruhollah para mujer/1191768700?skuid=1191768716,Beige | Negro | Rojo
Liverpool,WESTIES,set de bolsas westies capote para mujer,,169900,https://www.liverpool.com.mx/tienda/pdp/set de bolsas westies capote para mujer/1193597309?skuid=1193597315,Beige | Negro | Rosa | Café | Azul
Liverpool,HUSER BASICS,bolsa crossbody huser basics para mujer,,69900,https://www.liverpool.com.mx/tienda/pdp/bolsa crossbody huser basics para mujer/1191987886?skuid=1191987892,Beige | Negro | Verde
Liverpool,OLIMBA,Bolsa tote para mujer,109900,59900,https://www.liverpool.com.mx/tienda/pdp/bolsa tote olimba para mujer/99985081541?skuid=1177710284,Beige | Rosa | Café | Verde | Azul | Gris
Liverpool,LUCKYLY,Bolsa tote para mujer,144900,92900,https://www.liverpool.com.mx/tienda/pdp/bolsa tote luckyly para mujer/9941297358?skuid=1123593401,Beige | Rosa | Negro
Suburbia,WEEKEND,Backpack para mujer,39900,39900,https://www.suburbia.com.mx/tienda/pdp/backpack weekend para mujer/sb5012682027?skuid=sb5012682044,Blanco
Liverpool,LAB.G,Bolsa bandolera para mujer,,91354,https://www.liverpool.com.mx/tienda/pdp/bolsa bandolera lab.g para mujer/1151211468?skuid=1151211468,Blanco
Liverpool,Genérica,Bolsa crossbody Bolsa Con Broche De Mariposa para mujer,,56191,https://www.liverpool.com.mx/tienda/pdp/bolsa crossbody gen%C3%A9rica bolsa con broche de mariposa para mujer/1149309566?skuid=1149309566,Blanco
Suburbia,Genérica,Bolsa crossbody Bolsa Con Broche De Mariposa para mujer,89900,51252,https://www.suburbia.com.mx/tienda/pdp/bolsa crossbody gen%C3%A9rica bolsa con broche de mariposa para mujer/1149309566?skuid=1149309566,Blanco
Liverpool,CLOE,bolsa crossbody cloe para mujer,,179900,https://www.liverpool.com.mx/tienda/pdp/bolsa crossbody cloe para mujer/1187462818?skuid=1187463421,Blanco
Suburbia,Suburbia,Bolsa Crossbody Estructurada Textura,399,399,https://shasa.com/products/bolsa crossbody estructurada textura?&fromnostocategory=true,Blanco
Suburbia,Suburbia,Bolsa Crossbody Estructurada Textura,149,399,https://shasa.com/products/bolsa crossbody estructurada textura?&fromnostocategory=true,Blanco
Liverpool,H&CO,bolsa crossbody h&co 2021 para mujer,,89900,https://www.liverpool.com.mx/tienda/pdp/bolsa crossbody h&co 2021 para mujer/1108451285?skuid=1108451285,Blanco
Liverpool,LOVER,Bolsa crossbody Nacional para mujer,119900,64900,https://www.liverpool.com.mx/tienda/pdp/bolsa crossbody lover nacional para mujer/1187057872?skuid=1187057872,Blanco
Suburbia,HPC POLO,Bolsa crossbody Ninguna para mujer,150000,45900,https://www.suburbia.com.mx/tienda/pdp/bolsa crossbody hpc polo ninguna para mujer/1187274911?skuid=1187274911,Blanco
Liverpool,LOVER,Bolsa crossbody para mujer,109900,74900,https://www.liverpool.com.mx/tienda/pdp/bolsa crossbody lover para mujer/1179830911?skuid=1179830911,Blanco
Liverpool,HPC POLO,Bolsa crossbody para mujer,109900,55000,https://www.liverpool.com.mx/tienda/pdp/backpack crossbody hpc polo para mujer/1131835708?skuid=1131835708,Blanco
Liverpool,HPC POLO,Bolsa crossbody para mujer,99900,49900,https://www.liverpool.com.mx/tienda/pdp/bolsa crossbody hpc polo para mujer/1156460814?skuid=1156460814,Blanco
Suburbia,ENSO,Bolsa crossbody Soft Quilt para mujer,119900,59900,https://www.suburbia.com.mx/tienda/pdp/bolsa crossbody enso soft quilt para mujer/1192952065?skuid=1192952065,Blanco
Liverpool,PUNT ROMA,Bolsa hobo para mujer,119900,101915,https://www.liverpool.com.mx/tienda/pdp/bolsa hobo punt roma para mujer/1191543571?skuid=1191543587,Blanco
Suburbia,OLIMBA,Bolsa hobo para mujer,129900,64950,https://www.suburbia.com.mx/tienda/pdp/bolsa hobo olimba para mujer/99990935987?skuid=1187428200,Blanco
Liverpool,GUESS,Bolsa satchel Noelle II para mujer,,259000,https://www.liverpool.com.mx/tienda/pdp/bolsa satchel guess noelle ii para mujer/1191296156?skuid=1191296156,Blanco
Liverpool,GUESS,Bolsa shoulder Noelle II para mujer,,239000,https://www.liverpool.com.mx/tienda/pdp/bolsa shoulder guess noelle ii para mujer/1191129152?skuid=1191129152,Blanco
Liverpool,XTELLAR,Bolsa shoulder para mujer,91962,64374,https://www.liverpool.com.mx/tienda/pdp/bolsa shoulder xtellar para mujer/1177985224?skuid=1177985224,Blanco
Liverpool,CLOE,bolsa tote cloe xamali para mujer,,139900,https://www.liverpool.com.mx/tienda/pdp/bolsa tote cloe xamali para mujer/1192113626?skuid=1192113641,Blanco
Liverpool,NINE WEST,Bolsa tote Eastyn para mujer,209900,178400,https://www.liverpool.com.mx/tienda/pdp/bolsa tote nine west eastyn para mujer/99988045558?skuid=1182617535,Blanco
Liverpool,H&CO,bolsa tote h&co 2021 para mujer,,149900,https://www.liverpool.com.mx/tienda/pdp/bolsa tote h&co 2021 para mujer/1108450106?skuid=1108450106,Blanco
Liverpool,LIKËPINK,Bolsa tote para mujer,,70510,https://www.liverpool.com.mx/tienda/pdp/bolsa tote lik%C3%ABpink para mujer/1143507862?skuid=1143507862,Blanco
Suburbia,Suburbia,Cartera croco charm perlas,249,249,https://shasa.com/products/cartera croco charm perlas 2?&fromnostocategory=true,Blanco
Suburbia,Suburbia,Cartera croco charm perlas,499,249,https://shasa.com/products/cartera croco charm perlas 2?&fromnostocategory=true,Blanco
Suburbia,AQUILA,Organizador para cosméticos 7 piezas unisex,73000,55900,https://www.suburbia.com.mx/tienda/pdp/organizador para cosm%C3%A9ticos aquila 7 piezas unisex/1148147643?skuid=1148147643,Blanco
Suburbia,Suburbia,Bolsa Crossbody Monocolor,349,349,https://shasa.com/products/bolsa crossbody monocolor 8?&fromnostocategory=true,Blanco | Amarillo
Suburbia,Suburbia,Bolsa Crossbody Monocolor,299,349,https://shasa.com/products/bolsa crossbody monocolor 8?&fromnostocategory=true,Blanco | Amarillo
Liverpool,STEVE MADDEN,bolsa crossbody steve madden para mujer,,269900,https://www.liverpool.com.mx/tienda/pdp/bolsa crossbody steve madden para mujer/1189166035?skuid=1189166041,Blanco | Azul
Suburbia,TED LAPIDUS,Bolsa satchel para mujer,49900,49900,https://www.suburbia.com.mx/tienda/pdp/bolsa satchel ted lapidus para mujer/sb5014578162?skuid=sb5014578171,Blanco | Azul
Liverpool,H&CO,bolsa crossbody h&co christina para mujer,,119900,https://www.liverpool.com.mx/tienda/pdp/bolsa crossbody h&co christina para mujer/1192363151?skuid=1192363167,Blanco | Azul | Negro
Suburbia,WEEKEND,Bolsa satchel para mujer,49900,49900,https://www.suburbia.com.mx/tienda/pdp/bolsa satchel weekend para mujer/sb5012830182?skuid=sb5012830191,Blanco | Azul | Negro
Liverpool,H&CO,bolsa tote h&co christina para mujer,,169900,https://www.liverpool.com.mx/tienda/pdp/bolsa tote h&co christina para mujer/1192346833?skuid=1192346840,Blanco | Azul | Negro
Liverpool,Genérica,Bolsa tote Kit Moda Casual para mujer,127700,127700,https://www.liverpool.com.mx/tienda/pdp/bolsa tote gen%C3%A9rica kit moda casual para mujer/99960932343?skuid=1139587401,Blanco | Café
Liverpool,OLIMBA,Bolsa tote para mujer,109900,49900,https://www.liverpool.com.mx/tienda/pdp/bolsa tote olimba para mujer/99987685687?skuid=1182279524,Blanco | Café | Gris | Rosa
Suburbia,OLIMBA,Bolsa tote para mujer,109900,49900,https://www.suburbia.com.mx/tienda/pdp/bolsa tote olimba para mujer/99987685687?skuid=1182279524,Blanco | Café | Gris | Rosa
Liverpool,CLOE,bolsa hobo cloe ninsali para mujer,,179900,https://www.liverpool.com.mx/tienda/pdp/bolsa hobo cloe ninsali para mujer/1189785126?skuid=1189785131,Blanco | Camel | Negro
Liverpool,CLOE,bolsa tote cloe ninsali para mujer,,199900,https://www.liverpool.com.mx/tienda/pdp/bolsa tote cloe ninsali para mujer/1189785665?skuid=1189785671,Blanco | Camel | Negro
Liverpool,MAP,bolsa shopper map para mujer,77900,54530,https://www.liverpool.com.mx/tienda/pdp/bolsa shopper map para mujer/1181116420?skuid=1181116435,Blanco | Dorado | Negro
Liverpool,MAP,bolsa tote map para mujer,64900,45430,https://www.liverpool.com.mx/tienda/pdp/bolsa tote map para mujer/1181116152?skuid=1181116168,Blanco | Dorado | Negro
Suburbia,TED LAPIDUS,Bolsa backpack para mujer,49900,49900,https://www.suburbia.com.mx/tienda/pdp/bolsa backpack ted lapidus para mujer/sb5015063832?skuid=sb5015063841,Blanco | Negro
Suburbia,Suburbia,Bolsa baguette pu glossy,499,499,https://shasa.com/products/bolsa baguette pu glossy?&fromnostocategory=true,Blanco | Negro
Suburbia,Suburbia,Bolsa baguette pu glossy,449,499,https://shasa.com/products/bolsa baguette pu glossy?&fromnostocategory=true,Blanco | Negro
Liverpool,CALVIN KLEIN,Bolsa crossbody para mujer,,314900,https://www.liverpool.com.mx/tienda/pdp/bolsa crossbody calvin klein para mujer/1189791631?skuid=1189791646,Blanco | Negro
Liverpool,CLOE,bolsa satchel cloe para mujer,,229900,https://www.liverpool.com.mx/tienda/pdp/bolsa satchel cloe para mujer/1187542072?skuid=1187542088,Blanco | Negro
Liverpool,STEVE MADDEN,bolsa tote steve madden para mujer,,319900,https://www.liverpool.com.mx/tienda/pdp/bolsa tote steve madden para mujer/1189166485?skuid=1189166491,Blanco | Negro
Suburbia,Suburbia,Cartera midi broche girable,249,249,https://shasa.com/products/cartera midi broche girable?&fromnostocategory=true,Blanco | Negro
Suburbia,Suburbia,Cartera midi broche girable,249,249,https://shasa.com/products/cartera midi broche girable?&fromnostocategory=true,Blanco | Negro
Suburbia,Suburbia,Bolsa shoulder cadena,499,499,https://shasa.com/products/bolsa shoulder cadena?&fromnostocategory=true,Blanco | Negro | Rojo
Suburbia,Suburbia,Bolsa shoulder cadena,499,499,https://shasa.com/products/bolsa shoulder cadena?&fromnostocategory=true,Blanco | Negro | Rojo
Suburbia,TED LAPIDUS,Bolsa crossbody para mujer,49900,49900,https://www.suburbia.com.mx/tienda/pdp/bolsa crossbody ted lapidus para mujer/sb5015063514?skuid=sb5015063523,Blanco | Rojo | Khaki
Suburbia,TED LAPIDUS,Bolsa satchel para mujer,59900,59900,https://www.suburbia.com.mx/tienda/pdp/bolsa satchel ted lapidus para mujer/sb5015063476?skuid=sb5015063485,Blanco | Rojo | Khaki
Suburbia,WEEKEND,Bolsa dome para mujer,59900,59900,https://www.suburbia.com.mx/tienda/pdp/bolsa dome weekend para mujer/sb5014084411?skuid=sb5014084438,Blanco | Rojo | Negro
Suburbia,WEEKEND,Bolsa satchel para mujer,69900,69900,https://www.suburbia.com.mx/tienda/pdp/bolsa satchel weekend para mujer/sb5014084470?skuid=sb5014084489,Blanco | Rojo | Negro
Liverpool,H&CO,bolsa tote h&co margaret para mujer,,159900,https://www.liverpool.com.mx/tienda/pdp/bolsa tote h&co margaret para mujer/1190780331?skuid=1190780356,Blanco | Rosa
Suburbia,WEEKEND,Bolsa crossbody para mujer,29900,29900,https://www.suburbia.com.mx/tienda/pdp/bolsa crossbody weekend para mujer/sb5011855718?skuid=sb5011855727,Blanco | Rosa | Azul | Negro
Suburbia,WEEKEND,Bolsa tote para mujer,49900,49900,https://www.suburbia.com.mx/tienda/pdp/bolsa tote weekend para mujer/sb5011855629?skuid=sb5011855638,Blanco | Rosa | Azul | Negro
Suburbia,Suburbia,Monedero croco charm perlas,199,199,https://shasa.com/products/monedero croco charm perlas?&fromnostocategory=true,Blanco | Verde
Suburbia,Suburbia,Monedero croco charm perlas,249,199,https://shasa.com/products/monedero croco charm perlas?&fromnostocategory=true,Blanco | Verde
Liverpool,GUESS,Bolsa crossbody Atabey para mujer,,269000,https://www.liverpool.com.mx/tienda/pdp/bolsa crossbody guess atabey para mujer/1187360993?skuid=1187361008,Blanco | Verde | Negro
Suburbia,MERAKI,Bolsa hobo Hera Bag para mujer,169900,144900,https://www.suburbia.com.mx/tienda/pdp/bolsa hobo meraki hera bag para mujer/99962169961?skuid=1141692298,Blanco | Verde | Negro
Lululemon,Lululemon,Bolsa ajustable para mat de yoga,,1800,https://www.lululemon.mx/es mx/p/bolsa ajustable para mat de yoga/prod10520254.html,"Bolsa ajustable para mat de yoga | Mex$1,800 | Compra rápida"
Lululemon,Lululemon,Bolsa City Essentials pequeña de hombro 3L,,2100,https://www.lululemon.mx/es mx/p/bolsa city essentials pequena de hombro 3l/prod11870653.html?dwvar_prod11870653_color=075787,"Bolsa City Essentials pequeña de hombro 3L | Mex$2,100 | Compra rápida"
Lululemon,Lululemon,Bolsa City Essentials Small Shoulder 3L Alternativa de piel con textura lisa,,3800,https://www.lululemon.mx/es mx/p/bolsa city essentials small shoulder 3l alternativa de piel con textura lisa/grkwjbkcm9.html?dwvar_grkwjbkcm9_color=075265,"Bolsa City Essentials Small Shoulder 3L Alternativa de piel con textura lisa | Mex$3,800 | Compra rápida"
Coach,Coach,Bolsa Coach Cargo Tote 26,,10090,https://mx.coach.com/bolsa coach cargo tote 26 ccx13 b4ei 1/p,"Bolsa Coach Cargo Tote 26 | $10,090.00"
Coach,Coach,Bolsa Coach Crossbody Lana 19,,7690,https://mx.coach.com/bolsa coach crossbody lana 19 ccy32 b4mpl 1/p,"Bolsa Coach Crossbody Lana 19 | Verde | Blanco | Café | $7,690.00"
Coach,Coach,Bolsa Coach Shoulder Bag Bleecker Bucket,,11790,https://mx.coach.com/bolsa coach shoulder bag bucket ccc23 b4bk 1/p,"Bolsa Coach Shoulder Bag Bleecker Bucket | $11,790.00"
Coach,Coach,Bolsa Coach Shoulder Bag Bleecker Bucket 21,,7690,https://mx.coach.com/bolsa coach shoulder bag bucket 21 ccx07 b4mpl 1/p,"Bolsa Coach Shoulder Bag Bleecker Bucket 21 | $7,690.00"
Coach,Coach,Bolsa Coach Shoulder Bag Tabby Chain en Suede,,14290,https://mx.coach.com/bolsa shoulder bag tabbt suede chain cck51 b4wbr/p,"Bolsa Coach Shoulder Bag Tabby Chain en Suede | $14,290.00"
Coach,Coach,Bolsa Coach Tote Broadway,,10290,https://mx.coach.com/bolsa coach tote broadway ccb54 mpl/p,"Bolsa Coach Tote Broadway | undefined | undefined | $10,290.00"
Cuidado con el Perro,Cuidado con el Perro,Bolsa con Asa Ajustable Blanca,,279,https://www.cuidadoconelperro.com.mx/bolsa con asa ajustable blanca 601260261010006,Bolsa con Asa Ajustable Blanca | $279.00
Cuidado con el Perro,Cuidado con el Perro,Bolsa con Asa Ajustable Hueso,,249,https://www.cuidadoconelperro.com.mx/bolsa con asa ajustable hueso 601260261010010,Bolsa con Asa Ajustable Hueso | $249.00
Coach,Coach,Bolsa Crossbody Coach Elora Piel,,5090,https://mx.coach.com/bolsa crossbody coach elora piel ccy30 b4yth/p,"Bolsa Crossbody Coach Elora Piel | $5,090.00"
Coach,Coach,Bolsa Crossbody Coach Jonie,,7250,https://mx.coach.com/bolsa crossbody coach jonie ccy24 b4ymw 1/p,"Bolsa Crossbody Coach Jonie | $7,250.00"
Coach,Coach,Bolsa Crossbody Coach Kira Piel,,5890,https://mx.coach.com/bolsa crossbody coach kira piel cdy89 b4 ha/p,"Bolsa Crossbody Coach Kira Piel | Café | Blanco | $5,890.00"
Coach,Coach,Bolsa Crossbody Coach Tabby Chain 19,,7250,https://mx.coach.com/bolsa crossbody coach tabby chain 19 cbf14 b4py 1/p,"Bolsa Crossbody Coach Tabby Chain 19 | Blanco | Rosa | $7,250.00"
Coach,Coach,Bolsa Crossbody Mila,,5890,https://mx.coach.com/bolsa crossbody mila cao01 b4ha/p,"Bolsa Crossbody Mila | $5,890.00"
Lululemon,Lululemon,Bolsa cruzada Everywhere pequeña 2L,,1500,https://www.lululemon.mx/es mx/p/bolsa cruzada everywhere pequena 2l/prod11870677.html,"Bolsa cruzada Everywhere pequeña 2L | Mex$1,500 | Compra rápida"
Cuidado con el Perro,Cuidado con el Perro,Bolsa Cuadrada con Detalle de PU Negra,,349,https://www.cuidadoconelperro.com.mx/bolsa cuadrada con detalle de pu negra 601260261010013,Bolsa Cuadrada con Detalle de PU Negra | $349.00
Lululemon,Lululemon,"Bolsa de hombro City Essentials de 18L, estilo oversized",,3300,https://www.lululemon.mx/es mx/p/bolsa de hombro city essentials de 18l estilo oversized/e0gx3hxdmq.html,"Bolsa de hombro City Essentials de 18L, estilo oversized | Mex$3,300 | Compra rápida"
Lululemon,Lululemon,"Bolsa Duffle 3 en 1 para el gimnasio, grande 35L",,5000,https://www.lululemon.mx/es mx/p/bolsa duffle 3 en 1 para el gimnasio grande 35l/cc0bzvgp2g.html?dwvar_cc0bzvgp2g_color=075373,"Bolsa Duffle 3 en 1 para el gimnasio, grande 35L | Mex$5,000 | Compra rápida"
Lululemon,Lululemon,Bolsa Everywhere tipo crossbody 2L Herrajes metálicos,,2100,https://www.lululemon.mx/es mx/p/bolsa everywhere tipo crossbody 2l herrajes metalicos/prod11740001.html?dwvar_prod11740001_color=0393,"Bolsa Everywhere tipo crossbody 2L Herrajes metálicos | Mex$2,100 | Compra rápida"
Cuidado con el Perro,Cuidado con el Perro,Bolsa Flores Blanca,,249,https://www.cuidadoconelperro.com.mx/bolsa flores blanca 601260261010018,Bolsa Flores Blanca | $249.00
Cuidado con el Perro,Cuidado con el Perro,Bolsa Luna con Monedero Blanca,,279,https://www.cuidadoconelperro.com.mx/bolsa luna con monedero blanca 601251161012936,Bolsa Luna con Monedero Blanca | $279.00
Lululemon,Lululemon,Bolsa neceser de viaje 3.5L,,1300,https://www.lululemon.mx/es mx/p/bolsa neceser de viaje 3.5l/prod20001407.html?dwvar_prod20001407_color=077177,"Bolsa neceser de viaje 3.5L | Mex$1,300 | Compra rápida"
Lululemon,Lululemon,Bolsa para raqueta 19L,,4800,https://www.lululemon.mx/es mx/p/bolsa para raqueta 19l/prod11870412.html?dwvar_prod11870412_color=011185,"Bolsa para raqueta 19L | Mex$4,800 | Compra rápida"
Lululemon,Lululemon,Bolsa para raquetas y palas pequeñas 16.5L,,4800,https://www.lululemon.mx/es mx/p/bolsa para raquetas y palas pequenas 16.5l/c5czja73ch.html?dwvar_c5czja73ch_color=011185,"Bolsa para raquetas y palas pequeñas 16.5L | Mex$4,800 | Compra rápida"
Coach,Coach,Bolsa Shoulder Bag Brooklyn 28,,7690,https://mx.coach.com/bolsa shoulder bag brooklyn 28 cu068 b4bk/p,"Bolsa Shoulder Bag Brooklyn 28 | $7,690.00"
Coach,Coach,Bolsa Shoulder Bag Empire 34 Glazed,,12890,https://mx.coach.com/bolsa shoulder bag empire 34 glazed ccm57 b4mpl/p,"Bolsa Shoulder Bag Empire 34 Glazed | $12,890.00"
Coach,Coach,Bolsa Shoulder Bag Hamptons Hobo,,7690,https://mx.coach.com/bolsa shoulder bag hamptons hobo cw642 lhblk/p,"Bolsa Shoulder Bag Hamptons Hobo | $7,690.00"
Coach,Coach,Bolsa Shoulder Bag Jet,,7690,https://mx.coach.com/bolsa shoulder bag jet cam16 b4ha 1/p,"Bolsa Shoulder Bag Jet | $7,690.00"
Coach,Coach,Bolsa Shoulder Bag Juliet 25,,10090,https://mx.coach.com/bolsa shoulder bag juliet 25 cw640 b4ha/p,"Bolsa Shoulder Bag Juliet 25 | $10,090.00"
Coach,Coach,Bolsa Shoulder Bag Juliet 38,,14290,https://mx.coach.com/bolsa shoulder bag juliet 38 cy817 b4bk/p,"Bolsa Shoulder Bag Juliet 38 | $14,290.00"
Coach,Coach,Bolsa Shoulder Bag Lana,,12890,https://mx.coach.com/bolsa shoulder bag coach hadley cm544 b4cbd/p,"Bolsa Shoulder Bag Lana | $12,890.00"
Coach,Coach,Bolsa Shoulder Bag Quilted Tabby 20,,10290,https://mx.coach.com/bolsa shoulder bag quilted tabby 20 cp149 b4bk/p,"Bolsa Shoulder Bag Quilted Tabby 20 | $10,290.00"
Coach,Coach,Bolsa Shoulder Bag Quilted Tabby 26,,15790,https://mx.coach.com/bolsa shoulder bag quilted tabby 26 cp150 b4 ha/p,"Bolsa Shoulder Bag Quilted Tabby 26 | $15,790.00"
Coach,Coach,Bolsa Shoulder Bag Soft Tabby,,15690,https://mx.coach.com/bolsa shoulder bag soft tabby cu124 lhmpl/p,"Bolsa Shoulder Bag Soft Tabby | $15,690.00"
Coach,Coach,Bolsa Shoulder Bag Tabby 20,,10990,https://mx.coach.com/bolsa shoulder bag tabby 20 cy201 b4mpl/p,"Bolsa Shoulder Bag Tabby 20 | $10,990.00"
Coach,Coach,Bolsa Shoulder Bag Tabby 26,,15790,https://mx.coach.com/bolsa shoulder bag tabby 26 cp150 b4mpl/p,"Bolsa Shoulder Bag Tabby 26 | $15,790.00"
Coach,Coach,Bolsa Shoulder Bag Tabby Chain,,14290,https://mx.coach.com/bolsa shoulder bag tabby chain cy919 b4ha/p,"Bolsa Shoulder Bag Tabby Chain | $14,290.00"
Coach,Coach,Bolsa Shoulder Bag Tabby Chain 30,,16950,https://mx.coach.com/bolsa shoulder bag tabby chain 30 cy920 b4bk/p,"Bolsa Shoulder Bag Tabby Chain 30 | $16,950.00"
Coach,Coach,Bolsa Shoulder Bag Tabby Chain 35,,20690,https://mx.coach.com/bolsa shoulder bag tabby chain 35 cy921 b4bk/p,"Bolsa Shoulder Bag Tabby Chain 35 | $20,690.00"
Lululemon,Lululemon,Bolsa Slouchy Sling grande 13L,,2500,https://www.lululemon.mx/es mx/p/bolsa slouchy sling grande 13l/prod11750234.html?dwvar_prod11750234_color=072762,"Bolsa Slouchy Sling grande 13L | Mex$2,500 | Compra rápida"
Cuidado con el Perro,Cuidado con el Perro,Bolsa Tipo Ante Beige Oscuro,,279,https://www.cuidadoconelperro.com.mx/bolsa tipo ante beige oscuro 601260261010005,Bolsa Tipo Ante Beige Oscuro | $279.00
Coach,Coach,Bolsa Tote Coach Cargo 20,,3890,https://mx.coach.com/bolsa tote coach cargo 20 cz098 b4pk 1/p,"Bolsa Tote Coach Cargo 20 | $3,890.00"
Coach,Coach,Bolsa Tote Coach Cargo 26,,5090,https://mx.coach.com/bolsa tote coach cargo 26 cp164 b4pk 1/p,"Bolsa Tote Coach Cargo 26 | Rosa | Negro | $5,090.00"
Lululemon,Lululemon,Bolsa tote Daily con múltiples bolsillos 20L,,1800,https://www.lululemon.mx/es mx/p/bolsa tote daily con multiples bolsillos 20l/prod11570307.html?dwvar_prod11570307_color=0001,"Bolsa tote Daily con múltiples bolsillos 20L | Mex$1,800 | Compra rápida"
Lululemon,Lululemon,Bolsa tote de diario con multibolsillos 19.5L,,3800,https://www.lululemon.mx/es mx/p/bolsa tote de diario con multibolsillos 19.5l/prod11870076.html?dwvar_prod11870076_color=076059,"Bolsa tote de diario con multibolsillos 19.5L | Mex$3,800 | Compra rápida"
Coach,Coach,Bolsa Tote Varsity KI 26,,5090,https://mx.coach.com/bolsa tote varsity ki 26 cp164 lhblk 1/p,"Bolsa Tote Varsity KI 26 | Rosa | Negro | $5,090.00"
Cuadra,Cuadra,BOLSO CON LOGO PERFORADO,,8895,,"BOLSO CON LOGO PERFORADO | $ 8,895"
Cuadra,Cuadra,BOLSO CON PIEL DE MANTARRAYA Y CRISTALES,,9195,,"BOLSO CON PIEL DE MANTARRAYA Y CRISTALES | $ 9,195"
Cuadra,Cuadra,BOLSO DE MANO EN PIEL GENUINA DE MANTARRAYA PARA DAMA,,10195,,"BOLSO DE MANO EN PIEL GENUINA DE MANTARRAYA PARA DAMA | $ 10,195"
Cuadra,Cuadra,BOLSO EN PIEL GENUINA CON CRISTALES,,9795,,"BOLSO EN PIEL GENUINA CON CRISTALES | $ 9,795"
Cuadra,Cuadra,BOLSO EN PIEL GENUINA PARA DAMA,,7295,,"BOLSO EN PIEL GENUINA PARA DAMA | $ 7,295"
Coach,Coach,Brooklyn Shoulder Bag 39,,12890,https://mx.coach.com/bolsa shoulder bag brooklyn 39 cu044 b4mpl/p,"Brooklyn Shoulder Bag 39 | $12,890.00"
Suburbia,GENÉRICA,Backpack casual universal impermeable unisex,141900,55141,https://www.suburbia.com.mx/tienda/pdp/backpack casual universal gen%C3%A9rica impermeable unisex/1150096622?skuid=1150096622,Café
Suburbia,LIKËPINK,Backpack de piel,96000,55837,https://www.suburbia.com.mx/tienda/pdp/backpack lik%C3%ABpink de piel/1143666782?skuid=1143666782,Café
Liverpool,THAT S IT,bolsa bucket that s it para mujer,,69900,https://www.liverpool.com.mx/tienda/pdp/bolsa bucket that s it para mujer/1190845875?skuid=1190845881,Café
Suburbia,HPC POLO,Bolsa Casual Formal para mujer,119900,84900,https://www.suburbia.com.mx/tienda/pdp/bolsa hpc polo casual formal para mujer/1139843734?skuid=1139843734,Café
Suburbia,ANGELOZANO,Bolsa crossbody Beatriz de piel para mujer,273200,163900,https://www.suburbia.com.mx/tienda/pdp/bolsa crossbody angelozano beatriz de piel para mujer/99991399029?skuid=1187690486,Café
Liverpool,CLOE,bolsa crossbody cloe nanbreli para mujer,,159900,https://www.liverpool.com.mx/tienda/pdp/bolsa crossbody cloe nanbreli para mujer/1191154337?skuid=1191154343,Café
Suburbia,LIKËPINK,Bolsa crossbody Fashion And Style de piel para mujer,91900,61331,https://www.suburbia.com.mx/tienda/pdp/bolsa crossbody lik%C3%ABpink fashion and style de piel para mujer/1145251601?skuid=1145251601,Café
Liverpool,H&CO,bolsa crossbody h&co 2021 para mujer,,119900,https://www.liverpool.com.mx/tienda/pdp/bolsa crossbody h&co 2021 para mujer/1108450777?skuid=1108450777,Café
Liverpool,H&CO,bolsa crossbody h&co 2021 para mujer,,89900,https://www.liverpool.com.mx/tienda/pdp/bolsa crossbody h&co 2021 para mujer/1108451021?skuid=1108451021,Café
Liverpool,H&CO,bolsa crossbody h&co para mujer,,129900,https://www.liverpool.com.mx/tienda/pdp/bolsa crossbody h&co para mujer/1187302802?skuid=1187302818,Café
Liverpool,COOL CAPITAL,Bolsa crossbody Kora para mujer,49900,36900,https://www.liverpool.com.mx/tienda/pdp/bolsa crossbody cool capital kora para mujer/1185806592?skuid=1185806592,Café
Liverpool,Genérica,Bolsa crossbody para mujer,229900,137779,https://www.liverpool.com.mx/tienda/pdp/bolsa crossbody gen%C3%A9rica para mujer/1150206665?skuid=1150206665,Café
Liverpool,LAB.G,Bolsa crossbody para mujer,,75000,https://www.liverpool.com.mx/tienda/pdp/bolsa crossbody lab.g para mujer/1180075093?skuid=1180075093,Café
Suburbia,Suburbia,Bolsa estructurada shoulder charm corazon,549,549,https://shasa.com/products/bolsa estructurada shoulder charm corazon?&fromnostocategory=true,Café
Suburbia,Suburbia,Bolsa estructurada shoulder charm corazon,499,549,https://shasa.com/products/bolsa estructurada shoulder charm corazon?&fromnostocategory=true,Café
Suburbia,FOSSIL,Bolsa hobo Dillon de piel para mujer,1004379,772600,https://www.suburbia.com.mx/tienda/pdp/bolsa hobo fossil dillon de piel para mujer/1184186884?skuid=1184186884,Café
Suburbia,Suburbia,Bolsa hobo suave,499,499,https://shasa.com/products/bolsa hobo suave?&fromnostocategory=true,Café
Suburbia,Suburbia,Bolsa hobo suave,249,499,https://shasa.com/products/bolsa hobo suave?&fromnostocategory=true,Café
Liverpool,WESTIES,Bolsa satchel Dumi para mujer,129900,110400,https://www.liverpool.com.mx/tienda/pdp/bolsa satchel westies dumi para mujer/99992145272?skuid=1189402658,Café
Liverpool,GUESS,Bolsa satchel Melinda para mujer,,349000,https://www.liverpool.com.mx/tienda/pdp/bolsa satchel guess melinda para mujer/1186399969?skuid=1186399982,Café
Suburbia,ANGELOZANO,Bolsa satchel México Querido de piel para mujer,374000,224400,https://www.suburbia.com.mx/tienda/pdp/bolsa satchel angelozano m%C3%A9xico querido de piel para mujer/1094608658?skuid=1094608658,Café
Suburbia,ANGELOZANO,Bolsa satchel Samantha de piel para mujer,410200,246100,https://www.suburbia.com.mx/tienda/pdp/bolsa satchel angelozano samantha de piel para mujer/99984299131?skuid=1176017771,Café
Liverpool,LAB.G,Bolsa shopper para mujer,,113309,https://www.liverpool.com.mx/tienda/pdp/bolsa shopper lab.g para mujer/1179815806?skuid=1179815806,Café
Suburbia,LAB.G,Bolsa shopper para mujer,213000,100339,https://www.suburbia.com.mx/tienda/pdp/bolsa shopper lab.g para mujer/1179815806?skuid=1179815806,Café
Suburbia,Suburbia,Bolsa shoulder charm textura,499,499,https://shasa.com/products/bolsa shoulder charm textura?&fromnostocategory=true,Café
Suburbia,Suburbia,Bolsa shoulder charm textura,499,499,https://shasa.com/products/bolsa shoulder charm textura?&fromnostocategory=true,Café
Liverpool,WÜND,Bolsa shoulder para mujer,,67625,https://www.liverpool.com.mx/tienda/pdp/bolsa shoulder w%C3%BCnd para mujer/1161795417?skuid=1161795417,Café
Liverpool,LIKEPINK,Bolsa shoulder Pinky Fashion para mujer,111200,96090,https://www.liverpool.com.mx/tienda/pdp/bolsa shoulder likepink pinky fashion para mujer/1170619648?skuid=1170619648,Café
Liverpool,ADIDAS ORIGINALS,Bolsa shoulder W L Ess Pouch para mujer,,44900,https://www.liverpool.com.mx/tienda/pdp/bolsa shoulder adidas originals w l ess pouch para mujer/1192111133?skuid=1192111133,Café
Suburbia,Suburbia,BOLSA TEJIDA PLAYA ORILLA COLOR,599,599,https://shasa.com/products/bolsa tejida playa orilla color?&fromnostocategory=true,Café
Suburbia,Suburbia,BOLSA TEJIDA PLAYA ORILLA COLOR,599,599,https://shasa.com/products/bolsa tejida playa orilla color?&fromnostocategory=true,Café
Liverpool,PERRY ELLIS,Bolsa tote Alice para mujer,199900,109900,https://www.liverpool.com.mx/tienda/pdp/bolsa tote perry ellis alice para mujer/1131274978?skuid=1131274978,Café
Suburbia,YOIKO,Bolsa tote Aurélie Charm Perrito para mujer,178900,94900,https://www.suburbia.com.mx/tienda/pdp/bolsa tote yoiko aur%C3%A9lie charm perrito para mujer/99982475167?skuid=1172673682,Café
Liverpool,CLOE,bolsa tote cloe cacid i para mujer,,159900,https://www.liverpool.com.mx/tienda/pdp/bolsa tote cloe cacid i para mujer/1186390040?skuid=1186390063,Café
Liverpool,CLOE,Bolsa tote Gritylia para mujer,,119900,https://www.liverpool.com.mx/tienda/pdp/bolsa tote cloe gritylia para mujer/1180117996?skuid=1180118019,Café
Liverpool,H&CO,bolsa tote h&co 2021 para mujer,,149900,https://www.liverpool.com.mx/tienda/pdp/bolsa tote h&co 2021 para mujer/1108450114?skuid=1108450114,Café
Liverpool,H&CO,bolsa tote h&co 2021 para mujer,,149900,https://www.liverpool.com.mx/tienda/pdp/bolsa tote h&co 2021 para mujer/1108450793?skuid=1108450793,Café
Liverpool,GUESS,Bolsa tote Jane para mujer,217900,152530,https://www.liverpool.com.mx/tienda/pdp/bolsa tote guess jane para mujer/1182637300?skuid=1182637625,Café
Liverpool,NINE WEST,Bolsa tote para mujer,209900,178400,https://www.liverpool.com.mx/tienda/pdp/bolsa tote nine west para mujer/99986993248?skuid=1181128239,Café
Liverpool,PERRY ELLIS,Bolsa tote Wren para mujer,189900,129900,https://www.liverpool.com.mx/tienda/pdp/bolsa tote perry ellis wren para mujer/1160752129?skuid=1160752129,Café
Suburbia,LAB.G,Mochila casual impermeable unisex,129900,79251,https://www.suburbia.com.mx/tienda/pdp/mochila casual lab.g impermeable unisex/1179987941?skuid=1179987941,Café
Liverpool,GUESS,Set de bolsas Latona II para mujer,,249000,https://www.liverpool.com.mx/tienda/pdp/set de bolsas guess latona ii para mujer/1187374860?skuid=1187374860,Café
Suburbia,WESTIES,Set de bolsas Ruhollah para mujer,,169900,https://www.suburbia.com.mx/tienda/pdp/set de bolsas westies ruhollah para mujer/1194060668?skuid=1194060668,Café
Liverpool,WESTIES,Set de bolsas Ruhollah para mujer,169900,144400,https://www.liverpool.com.mx/tienda/pdp/set de bolsas westies ruhollah para mujer/1194060668?skuid=1194060668,Café
Liverpool,WESTIES,Set de bolsas Ruhollah para mujer,149900,127400,https://www.liverpool.com.mx/tienda/pdp/set de bolsas westies ruhollah para mujer/1194058400?skuid=1194058400,Café
Liverpool,H&CO,set de bolsas tote h&co carlotta para mujer,,179900,https://www.liverpool.com.mx/tienda/pdp/set de bolsas tote h&co carlotta para mujer/1189010035?skuid=1189010059,Café
Suburbia,WESTIES,Bolsa satchel Henar para mujer,189900,132900,https://www.suburbia.com.mx/tienda/pdp/bolsa satchel westies henar para mujer/99979666054?skuid=1169005016,Café | Azul
Liverpool,CLOE,bolsa satchel cloe alasmi ii para mujer,,209900,https://www.liverpool.com.mx/tienda/pdp/bolsa satchel cloe alasmi ii para mujer/1192113570?skuid=1192113586,Café | Azul | Beige
Liverpool,GUESS,Bolsa crossbody Noelle II para mujer,,269000,https://www.liverpool.com.mx/tienda/pdp/bolsa crossbody guess noelle ii para mujer/1191004700?skuid=1191004716,Café | Azul | Negro
Liverpool,GUESS,Bolsa hobo Darcy para mujer,,309000,https://www.liverpool.com.mx/tienda/pdp/bolsa hobo guess darcy para mujer/1191043241?skuid=1191043258,Café | Beige
Suburbia,WEEKEND,Bolsa tote para mujer,69900,69900,https://www.suburbia.com.mx/tienda/pdp/bolsa tote weekend para mujer/sb5014084518?skuid=sb5014084527,Café | Beige | Negro
Liverpool,H&CO,bolsa satchel h&co promo para mujer,,159900,https://www.liverpool.com.mx/tienda/pdp/bolsa satchel h&co promo para mujer/1193116939?skuid=1193116945,Café | Beige | Rosa
Liverpool,PARFOIS,Bolsa crossbody Cora de cuero para mujer,,99900,https://www.liverpool.com.mx/tienda/pdp/bolsa crossbody parfois cora de cuero para mujer/1191233172?skuid=1191233197,Café | Camel
Liverpool,PARFOIS,Bolsa Bucket para mujer,,69900,https://www.liverpool.com.mx/tienda/pdp/bolsa bucket parfois para mujer/1191232621?skuid=1191232638,Café | Camel | Negro | Verde
Liverpool,STEVE MADDEN,bolsa crossbody steve madden para mujer,,119900,https://www.liverpool.com.mx/tienda/pdp/bolsa crossbody steve madden para mujer/1132385932?skuid=1132385943,Café | Multicolor
Suburbia,JENNYFER,Backpack 2023 para mujer,129900,90900,https://www.suburbia.com.mx/tienda/pdp/backpack jennyfer 2023 para mujer/9957538652?skuid=1135616415,Café | Negro
Suburbia,Suburbia,Bolsa boho aplicación bolas,599,599,https://shasa.com/products/bolsa boho aplicacion bolas?&fromnostocategory=true,Café | Negro
Suburbia,Suburbia,Bolsa boho aplicación bolas,599,599,https://shasa.com/products/bolsa boho aplicacion bolas?&fromnostocategory=true,Café | Negro
Suburbia,Suburbia,Bolsa bowling mini,499,499,https://shasa.com/products/bolsa bowling mini?&fromnostocategory=true,Café | Negro
Suburbia,Suburbia,Bolsa bowling mini,399,499,https://shasa.com/products/bolsa bowling mini?&fromnostocategory=true,Café | Negro
Suburbia,Suburbia,Bolsa estructurada grande kly,599,599,https://shasa.com/products/bolsa estructurada grande kly?&fromnostocategory=true,Café | Negro
Suburbia,Suburbia,Bolsa estructurada grande kly,199,599,https://shasa.com/products/bolsa estructurada grande kly?&fromnostocategory=true,Café | Negro
Suburbia,Suburbia,Bolsa hoba media luna remaches,499,499,https://shasa.com/products/bolsa hoba media luna remaches?&fromnostocategory=true,Café | Negro
Suburbia,Suburbia,Bolsa hoba media luna remaches,599,499,https://shasa.com/products/bolsa hoba media luna remaches?&fromnostocategory=true,Café | Negro
Suburbia,Suburbia,Bolsa hombro sencilla,449,449,https://shasa.com/products/bola hombro sencilla?&fromnostocategory=true,Café | Negro
Suburbia,Suburbia,Bolsa hombro sencilla,399,449,https://shasa.com/products/bola hombro sencilla?&fromnostocategory=true,Café | Negro
Liverpool,CLOE,bolsa satchel cloe nanbreli para mujer,,189900,https://www.liverpool.com.mx/tienda/pdp/bolsa satchel cloe nanbreli para mujer/1191152067?skuid=1191152073,Café | Negro
Liverpool,GUESS,Bolsa satchel Leona Logo para mujer,,309000,https://www.liverpool.com.mx/tienda/pdp/bolsa satchel guess leona logo para mujer/1191005030?skuid=1191005046,Café | Negro
Liverpool,GUESS,Bolsa satchel Noelle II para mujer,,319000,https://www.liverpool.com.mx/tienda/pdp/bolsa satchel guess noelle ii para mujer/1191009604?skuid=1191009611,Café | Negro
Liverpool,GUESS,Bolsa shoulder Lyndi para mujer,,199000,https://www.liverpool.com.mx/tienda/pdp/bolsa shoulder guess lyndi para mujer/1191010009?skuid=1191010015,Café | Negro
Liverpool,GUESS,Bolsa shoulder Noelle Ii para mujer,,239000,https://www.liverpool.com.mx/tienda/pdp/bolsa shoulder guess noelle ii para mujer/1182638314?skuid=1182639326,Café | Negro
Suburbia,Suburbia,Bolsa slouchy diagonal,499,499,https://shasa.com/products/bolsa slouchy diagonal?&fromnostocategory=true,Café | Negro
Suburbia,Suburbia,Bolsa slouchy diagonal,249,499,https://shasa.com/products/bolsa slouchy diagonal?&fromnostocategory=true,Café | Negro
Liverpool,GUESS,Bolsa tote Isola para mujer,,299000,https://www.liverpool.com.mx/tienda/pdp/bolsa tote guess isola para mujer/1187375044?skuid=1187375068,Café | Negro
Suburbia,YOIKO,Bolsa tote para mujer,187900,187900,https://www.suburbia.com.mx/tienda/pdp/bolsa tote yoiko para mujer/99993389007?skuid=1191810038,Café | Negro
Suburbia,Suburbia,Bolsa tote suede oversize,499,499,https://shasa.com/products/bolsa tote suede oversize?&fromnostocategory=true,Café | Negro
Suburbia,Suburbia,Bolsa tote suede oversize,399,499,https://shasa.com/products/bolsa tote suede oversize?&fromnostocategory=true,Café | Negro
Liverpool,WESTIES,bolsa tote westies ferrus para mujer,,149900,https://www.liverpool.com.mx/tienda/pdp/bolsa tote westies ferrus para mujer/1125480785?skuid=1125480795,Café | Negro
Suburbia,Suburbia,Cartera mini onda croco,249,249,https://shasa.com/products/cartera mini onda croco?&fromnostocategory=true,Café | Negro
Suburbia,Suburbia,Cartera mini onda croco,499,249,https://shasa.com/products/cartera mini onda croco?&fromnostocategory=true,Café | Negro
Suburbia,Suburbia,Cartera ositos,249,249,https://shasa.com/products/cartera ositos?&fromnostocategory=true,Café | Negro
Suburbia,Suburbia,Cartera ositos,549,249,https://shasa.com/products/cartera ositos?&fromnostocategory=true,Café | Negro
Suburbia,Suburbia,Cartera remaches corazon jareta nudo,199,199,https://shasa.com/products/cartera remaches corazon jareta nudo?&fromnostocategory=true,Café | Negro
Suburbia,Suburbia,Cartera remaches corazon jareta nudo,599,199,https://shasa.com/products/cartera remaches corazon jareta nudo?&fromnostocategory=true,Café | Negro
Liverpool,CLOE,bolsa tote cloe batzila para mujer,,199900,https://www.liverpool.com.mx/tienda/pdp/bolsa tote cloe batzila para mujer/1191150072?skuid=1191150089,Café | Negro | Rojo
Liverpool,GUESS,Bolsa satchel para mujer,,289000,https://www.liverpool.com.mx/tienda/pdp/bolsa satchel guess para mujer/1191008764?skuid=1191008771,Café | Negro | Rosa | Beige
Liverpool,WESTIES,bolsa satchel westies eshal para mujer,,169900,https://www.liverpool.com.mx/tienda/pdp/bolsa satchel westies eshal para mujer/1185779628?skuid=1185779633,Café | Rojo | Negro
Liverpool,MOON & SELF,Bolsa crossbody para mujer,119900,89900,https://www.liverpool.com.mx/tienda/pdp/bolsa crossbody moon & self para mujer/99993665496?skuid=1192280270,Café | Rosa | Negro | Blanco
Suburbia,OLIVIA NEMI,Bolsa crossbody Armadillo unisex,,300000,https://www.suburbia.com.mx/tienda/pdp/bolsa crossbody olivia nemi armadillo unisex/99972852583?skuid=1158164643,Café | Verde
Liverpool,H&CO,set de bolsas tote h&co carlotta para mujer,,179900,https://www.liverpool.com.mx/tienda/pdp/set de bolsas tote h&co carlotta para mujer/1189009495?skuid=1189009514,Café | Verde
Liverpool,YOIKO,Bolsa crossbody Camille para mujer,129900,85900,https://www.liverpool.com.mx/tienda/pdp/bolsa crossbody yoiko camille para mujer/99982408199?skuid=1172620236,Camel
Suburbia,YOIKO,Bolsa crossbody Camille para mujer,129900,85900,https://www.suburbia.com.mx/tienda/pdp/bolsa crossbody yoiko camille para mujer/99982408199?skuid=1172620236,Camel
Liverpool,PARFOIS,Bolsa crossbody Fame para mujer,,44900,https://www.liverpool.com.mx/tienda/pdp/bolsa crossbody parfois fame para mujer/1186381661?skuid=1186381676,Camel
Liverpool,CLOE,bolsa tote cloe fionali para mujer,,179900,https://www.liverpool.com.mx/tienda/pdp/bolsa tote cloe fionali para mujer/1192162911?skuid=1192163630,Camel
Liverpool,YOIKO,Bolsa tote Luxe para mujer,159900,99900,https://www.liverpool.com.mx/tienda/pdp/bolsa tote yoiko luxe para mujer/1175054461?skuid=1175054461,Camel
Suburbia,Suburbia,Bolsa tote suede flecos,599,599,https://shasa.com/products/bolsa tote suede flecos?&fromnostocategory=true,Camel
Suburbia,Suburbia,Bolsa tote suede flecos,499,599,https://shasa.com/products/bolsa tote suede flecos?&fromnostocategory=true,Camel
Suburbia,WEEKEND,Bolsa tote para mujer,49900,49900,https://www.suburbia.com.mx/tienda/pdp/bolsa tote weekend para mujer/sb5014377469?skuid=sb5014377478,Camel | Azul | Negro
Liverpool,PARFOIS,Bolsa tote para mujer,,89900,https://www.liverpool.com.mx/tienda/pdp/bolsa tote parfois para mujer/1194390228?skuid=1194390234,Camel | Gris
Liverpool,CLOE,bolsa crossbody cloe yeletsa para mujer,,189900,https://www.liverpool.com.mx/tienda/pdp/bolsa crossbody cloe yeletsa para mujer/1191255907?skuid=1191255913,Camel | Lila | Negro
Liverpool,CLOE,bolsa hobo cloe ilivani para mujer,,169900,https://www.liverpool.com.mx/tienda/pdp/bolsa hobo cloe ilivani para mujer/1191257586?skuid=1191257592,Camel | Lila | Negro
Liverpool,CLOE,bolsa satchel cloe yeletsa para mujer,,219900,https://www.liverpool.com.mx/tienda/pdp/bolsa satchel cloe yeletsa para mujer/1191257713?skuid=1191258220,Camel | Lila | Negro
Liverpool,CLOE,bolsa tote cloe ilivani para mujer,,199900,https://www.liverpool.com.mx/tienda/pdp/bolsa tote cloe ilivani para mujer/1191258396?skuid=1191258408,Camel | Lila | Negro
Liverpool,CLOE,bolsa hobo cloe para mujer,,189900,https://www.liverpool.com.mx/tienda/pdp/bolsa hobo cloe para mujer/1189788664?skuid=1189788688,Camel | Negro
Suburbia,WEEKEND,Bolsa bucket de mujer,39900,39900,https://www.suburbia.com.mx/tienda/pdp/bolsa bucket weekend de mujer/sb5014501526?skuid=sb5014501535,Camel | Rojo | Azul
Suburbia,WEEKEND,Bolsa satchel para mujer,39900,39900,https://www.suburbia.com.mx/tienda/pdp/bolsa satchel weekend para mujer/sb5014503847?skuid=sb5014503856,Camel | Rosa | Azul | Negro
Liverpool,H&CO,bolsa tote h&co clarisse para mujer,,149900,https://www.liverpool.com.mx/tienda/pdp/bolsa tote h&co clarisse para mujer/1187303477?skuid=1187303491,Camel | Verde
Lululemon,Lululemon,Cangurera Everywhere 1L Logotipo con rayas,,1300,https://www.lululemon.mx/es mx/p/cangurera everywhere 1l logotipo con rayas/dl4st1oohw.html?dwvar_dl4st1oohw_color=075281,"Cangurera Everywhere 1L Logotipo con rayas | Mex$1,300 | Compra rápida"
Lululemon,Lululemon,Cangurera Everywhere grande 2L,,1300,https://www.lululemon.mx/es mx/p/cangurera everywhere grande 2l/prod11130156.html?dwvar_prod11130156_color=075163,"Cangurera Everywhere grande 2L | Mex$1,300 | Compra rápida"
Lululemon,Lululemon,Charm de corazón,,1000,https://www.lululemon.mx/es mx/p/charm de corazon/hfbmsaorw9.html,"Charm de corazón | Mex$1,000 | Compra rápida"
Farfetch,Farfetch,Chloé,,48008,https://www.farfetch.com/mx/shopping/women/chloe paddington grained leather shoulder bag item 31932577.aspx,"Chloé | Paddington grained leather shoulder bag | $48,008"
Farfetch,Farfetch,Chloé,,68399,https://www.farfetch.com/mx/shopping/women/chloe small bracelet bird handle woven tote bag item 33897156.aspx,"Chloé | small Bracelet bird handle woven tote bag | $68,399"
Farfetch,Farfetch,Coach,16752,10790,https://www.farfetch.com/mx/shopping/women/coach 27 kisslock frame interwoven tote bag item 34913342.aspx,"Coach | 27 Kisslock Frame interwoven tote bag | $16,752 | $10,790 |  35%"
Farfetch,Farfetch,Coach,7690,6737,https://www.farfetch.com/mx/shopping/women/coach lana logo detail tote bag item 34804701.aspx,"Coach | Lana logo detail tote bag | $7,690 | $6,737 |  10%"
Farfetch,Farfetch,Coach,9635,9308,https://www.farfetch.com/mx/shopping/women/coach tabby 20 shoulder bag item 26371669.aspx,"Coach | Tabby 20 shoulder bag | $9,635 | $9,308"
Cuadra,Cuadra,CROSSBODY EN PIEL GENUINA DE MANTARRAYA PARA DAMA,,7595,,"CROSSBODY EN PIEL GENUINA DE MANTARRAYA PARA DAMA | $ 7,595"
Cuadra,Cuadra,CROSSBODY EN PIEL GENUINA DE MANTARRAYA PARA DAMA,,8195,,"CROSSBODY EN PIEL GENUINA DE MANTARRAYA PARA DAMA | $ 8,195"
Farfetch,Farfetch,DeMellier,,14865,https://www.farfetch.com/mx/shopping/women/demellier the hudson brown tote bag item 32363001.aspx,"DeMellier | The Hudson brown tote bag | $14,865"
Farfetch,Farfetch,DeMellier,,12782,https://www.farfetch.com/mx/shopping/women/demellier the new york tote bag item 32363009.aspx,"DeMellier | The New York tote bag | $12,782"
Farfetch,Farfetch,DeMellier,,14778,https://www.farfetch.com/mx/shopping/women/demellier the vancouver shoulder bag item 20017375.aspx,"DeMellier | The Vancouver shoulder bag | $14,778"
Liverpool,CALVIN KLEIN,Bolsa shoulder para mujer,,259900,https://www.liverpool.com.mx/tienda/pdp/bolsa shoulder calvin klein para mujer/1188658392?skuid=1188658403,Dorado
Farfetch,Farfetch,DRAGON DIFFUSION,,11497,https://www.farfetch.com/mx/shopping/women/dragon diffusion santa croce tote bag item 18604018.aspx,"DRAGON DIFFUSION | Santa Croce tote bag | $11,497"
Lululemon,Lululemon,Favorito para regalo,,1000,https://www.lululemon.mx/es mx/p/cangurera everywhere de 1l/prod8900747.html?dwvar_prod8900747_color=074673,"Favorito para regalo | Cangurera Everywhere de 1L | Mex$1,000 | Compra rápida"
Farfetch,Farfetch,Featured,,26850,https://www.farfetch.com/mx/shopping/women/gianvito rossi leopard print sienna bucket bag item 33929072.aspx,"Featured | Gianvito Rossi | leopard print Sienna bucket bag | $26,850"
Farfetch,Farfetch,Featured,,50700,https://www.farfetch.com/mx/shopping/women/gianvito rossi vali tote bag item 29328026.aspx,"Featured | Gianvito Rossi | Valì tote bag | $50,700"
Farfetch,Farfetch,Featured,,18226,https://www.farfetch.com/mx/shopping/women/maison de sabre medium palais belting tote bag item 32761485.aspx,"Featured | MAISON de SABRÉ | medium Palais belting tote bag | $18,226"
Farfetch,Farfetch,Featured,,12596,https://www.farfetch.com/mx/shopping/women/maison de sabre mini bucket bag item 35754203.aspx,"Featured | MAISON de SABRÉ | mini bucket bag | $12,596"
Farfetch,Farfetch,Featured,,8516,https://www.farfetch.com/mx/shopping/women/potamy leopard print mini bag item 32255635.aspx,"Featured | POTAMY | leopard print mini bag | $8,516"
Farfetch,Farfetch,Featured,,10590,https://www.farfetch.com/mx/shopping/women/sandro mini tangoso suede bucket bag item 29913810.aspx,"Featured | SANDRO | mini Tangoso suede bucket bag | $10,590"
Farfetch,Farfetch,Givenchy,43143,16997,https://www.farfetch.com/mx/shopping/women/givenchy monogram g tote bag item 18843515.aspx,"Givenchy | monogram G Tote bag | $43,143 | $16,997 |  60%"
Suburbia,LAB.G,Backpack Backpack para mujer,89800,46559,https://www.suburbia.com.mx/tienda/pdp/backpack lab.g backpack para mujer/1131761178?skuid=1131761178,Gris
Liverpool,OLIMBA,Backpack para mujer,109900,40000,https://www.liverpool.com.mx/tienda/pdp/backpack olimba para mujer/99984614410?skuid=1176954813,Gris
Liverpool,LIKËPINK,Bolsa crossbody de cuero para mujer,,62223,https://www.liverpool.com.mx/tienda/pdp/bolsa crossbody lik%C3%ABpink de cuero para mujer/1145557069?skuid=1145557069,Gris
Suburbia,LIKËPINK,Bolsa crossbody de cuero para mujer,111500,55883,https://www.suburbia.com.mx/tienda/pdp/bolsa crossbody lik%C3%ABpink de cuero para mujer/1145557069?skuid=1145557069,Gris
Suburbia,LULULEMON,Bolsa crossbody Quilted para mujer,430000,299800,https://www.suburbia.com.mx/tienda/pdp/bolsa crossbody lululemon quilted para mujer/1153672241?skuid=1153672241,Gris
Suburbia,LIKËPINK,Bolsa shoulder Diario para mujer,100000,66446,https://www.suburbia.com.mx/tienda/pdp/bolsa shoulder lik%C3%ABpink diario para mujer/1141733539?skuid=1141733539,Gris
Liverpool,H&CO,bolsa tote h&co beatrice para mujer,,159900,https://www.liverpool.com.mx/tienda/pdp/bolsa tote h&co beatrice para mujer/1189010078?skuid=1189010091,Gris
Suburbia,LIKËPINK,Bolsa tote Set De Bolsas de cuero para mujer,,56375,https://www.suburbia.com.mx/tienda/pdp/bolsa tote lik%C3%ABpink set de bolsas de cuero para mujer/1142286633?skuid=1142286633,Gris
Liverpool,LIKËPINK,Bolsa tote Set De Bolsas de cuero para mujer,,54558,https://www.liverpool.com.mx/tienda/pdp/bolsa tote lik%C3%ABpink set de bolsas de cuero para mujer/1142286633?skuid=1142286633,Gris
Suburbia,MARC JACOBS,Bolsa crossbody de piel para mujer,479900,479900,https://www.suburbia.com.mx/tienda/pdp/bolsa crossbody marc jacobs de piel para mujer/9960185932?skuid=1138431335,Gris | Beige | Café | Khaki | Multicolor
Liverpool,PARFOIS,Bolsa shoulder Malva para mujer,,69900,https://www.liverpool.com.mx/tienda/pdp/bolsa shoulder parfois malva para mujer/1193265527?skuid=1193265533,Gris | Camel | Khaki
Suburbia,Suburbia,Bolsa tote nylon cadenas,499,499,https://shasa.com/products/bolsa tote nylon cadenas 1?&fromnostocategory=true,Gris | Negro
Suburbia,Suburbia,Bolsa tote nylon cadenas,499,499,https://shasa.com/products/bolsa tote nylon cadenas 1?&fromnostocategory=true,Gris | Negro
Liverpool,WESTIES,Bolsa satchel para mujer,149900,149900,https://www.liverpool.com.mx/tienda/pdp/bolsa satchel westies para mujer/99987085713?skuid=1181075097,Gris | Negro | Beige
Liverpool,VEK,Bolsa tote línea 24 para mujer,118600,88950,https://www.liverpool.com.mx/tienda/pdp/bolsa tote vek l%C3%ADnea 24 para mujer/99964974838?skuid=1145034201,Gris | Rojo | Azul | Café | Negro
El Palacio de Hierro,ADIDAS ORIGINALS,Bolsa crossbody Adicolor Classic Unisex,,529,https://www.elpalaciodehierro.com/adidas originals bolsa crossbody adicolor classic unisex 44653207.html?cid=102005,MESES SIN INTERESES | ADIDAS ORIGINALS | Bolsa crossbody Adicolor Classic Unisex | $529.00
El Palacio de Hierro,ADOLFO DOMINGUEZ,Bolsa bucket con bordado Mujer,,4290,https://www.elpalaciodehierro.com/adolfo dominguez bolsa bucket con bordado mujer 45318066.html?cid=102005,"ADOLFO DOMINGUEZ | Bolsa bucket con bordado Mujer | $4,290.00"
El Palacio de Hierro,ADOLFO DOMINGUEZ,Backpack Nuuk Colibrí Mujer,,5890,https://www.elpalaciodehierro.com/adolfo dominguez bolsa crossbody amarilla en piel lisa mujer 45301958.html?cid=102005,"ADOLFO DOMINGUEZ | Bolsa Crossbody Amarilla en Piel Lisa Mujer | $6,190.00"
El Palacio de Hierro,ADOLFO DOMINGUEZ,Bolsa clutch Noel Mujer,,5890,https://www.elpalaciodehierro.com/adolfo dominguez bolsa crossbody dorna lisa mujer 45301946.html?cid=102005,"ADOLFO DOMINGUEZ | Bolsa crossbody Dorna lisa Mujer | $4,690.00"
El Palacio de Hierro,ADOLFO DOMINGUEZ,Bolsa Crossbody Amarilla en Piel Lisa Mujer,,6190,https://www.elpalaciodehierro.com/adolfo dominguez bolsa crossbody en piel bovina lisa mujer 45124314.html?cid=102005,"ADOLFO DOMINGUEZ | Bolsa Crossbody en piel bovina lisa Mujer | $6,190.00"
El Palacio de Hierro,ADOLFO DOMINGUEZ,Bolsa crossbody Dorna lisa Mujer,,4690,https://www.elpalaciodehierro.com/adolfo dominguez bolsa crossbody en piel lisa mujer 45124308.html?cid=102005,"ADOLFO DOMINGUEZ | Bolsa crossbody en piel lisa Mujer | $8,190.00"
El Palacio de Hierro,ADOLFO DOMINGUEZ,Bolsa Crossbody en piel bovina lisa Mujer,,6190,https://www.elpalaciodehierro.com/adolfo dominguez bolsa crossbody en piel lisa mujer 45124320.html?cid=102005,"ADOLFO DOMINGUEZ | Bolsa crossbody en piel lisa Mujer | $5,290.00"
El Palacio de Hierro,ADOLFO DOMINGUEZ,Bolsa crossbody en piel lisa Mujer,,8190,https://www.elpalaciodehierro.com/adolfo dominguez bolsa crossbody lisa mujer 45124294.html?cid=102005,"ADOLFO DOMINGUEZ | Bolsa crossbody lisa Mujer | $4,590.00"
El Palacio de Hierro,ADOLFO DOMINGUEZ,Bolsa clutch multicolor en piel Torogoz estampada Mujer,,6190,https://www.elpalaciodehierro.com/adolfo dominguez bolsa crossbody lisa mujer 45124298.html?cid=102005,"ADOLFO DOMINGUEZ | Bolsa crossbody lisa Mujer | $4,290.00"
El Palacio de Hierro,ADOLFO DOMINGUEZ,Bolsa crossbody en piel lisa Mujer,,5290,https://www.elpalaciodehierro.com/adolfo dominguez bolsa crossbody lisa mujer 45301960.html?cid=102005,"ADOLFO DOMINGUEZ | Bolsa crossbody lisa Mujer | $5,290.00"
El Palacio de Hierro,ADOLFO DOMINGUEZ,Bolsa Clutch metálica Mujer,,6590,https://www.elpalaciodehierro.com/adolfo dominguez bolsa crossbody luna liso mujer 45252085.html?cid=102005,"ADOLFO DOMINGUEZ | Bolsa crossbody Luna liso Mujer | $4,390.00"
El Palacio de Hierro,ADOLFO DOMINGUEZ,Backpack para mujer,,4590,https://www.elpalaciodehierro.com/adolfo dominguez bolsa crossbody luna liso mujer 45252093.html?cid=102005,"ADOLFO DOMINGUEZ | Bolsa crossbody Luna liso Mujer | $3,590.00"
El Palacio de Hierro,ADOLFO DOMINGUEZ,Bolsa crossbody lisa Mujer,,4590,https://www.elpalaciodehierro.com/adolfo dominguez bolsa crossbody multicolor en piel lisa mujer 45301962.html?cid=102005,"ADOLFO DOMINGUEZ | Bolsa Crossbody Multicolor en piel Lisa Mujer | $6,690.00"
El Palacio de Hierro,ADOLFO DOMINGUEZ,Bolsa crossbody lisa Mujer,,4290,https://www.elpalaciodehierro.com/adolfo dominguez bolsa crossbody negra en piel lisa mujer 45318060.html?cid=102005,"ADOLFO DOMINGUEZ | Bolsa Crossbody negra en piel lisa Mujer | $5,890.00"
El Palacio de Hierro,ADOLFO DOMINGUEZ,Backpack Nuuk Colibrí Mujer,,3590,https://www.elpalaciodehierro.com/adolfo dominguez bolsa crossbody orion lisa mujer 45252069.html?cid=102005,"ADOLFO DOMINGUEZ | Bolsa crossbody Orión lisa Mujer | $3,690.00"
El Palacio de Hierro,ADOLFO DOMINGUEZ,Bolsa crossbody lisa Mujer,,5290,https://www.elpalaciodehierro.com/adolfo dominguez bolsa crossbody texturizada mujer 45301948.html?cid=102005,"ADOLFO DOMINGUEZ | Bolsa crossbody texturizada Mujer | $4,690.00"
El Palacio de Hierro,ADOLFO DOMINGUEZ,Bolsa crossbody Luna liso Mujer,,4390,https://www.elpalaciodehierro.com/adolfo dominguez bolsa crossbody texturizada mujer 45301950.html?cid=102005,"ADOLFO DOMINGUEZ | Bolsa Crossbody texturizada Mujer | $4,290.00"
El Palacio de Hierro,ADOLFO DOMINGUEZ,Bolsa crossbody Luna liso Mujer,,3590,https://www.elpalaciodehierro.com/adolfo dominguez bolsa hobo liso mujer 45252081.html?cid=102005,"ADOLFO DOMINGUEZ | Bolsa hobo liso Mujer | $4,490.00"
El Palacio de Hierro,ADOLFO DOMINGUEZ,Bolsa Crossbody Multicolor en piel Lisa Mujer,,6690,https://www.elpalaciodehierro.com/adolfo dominguez bolsa mini crossbody en piel bovina dorna lisa mujer 45215114.html?cid=102005,"ADOLFO DOMINGUEZ | Bolsa mini Crossbody en piel bovina Dorna lisa Mujer | $5,290.00"
El Palacio de Hierro,ADOLFO DOMINGUEZ,Bolsa Crossbody negra en piel lisa Mujer,,5890,https://www.elpalaciodehierro.com/adolfo dominguez bolsa shopper texturizada mujer 45301944.html?cid=102005,"ADOLFO DOMINGUEZ | Bolsa shopper texturizada Mujer | $5,290.00"
El Palacio de Hierro,ADOLFO DOMINGUEZ,Bolsa crossbody Orión lisa Mujer,,3690,https://www.elpalaciodehierro.com/adolfo dominguez bolsa shoulder beige microdiseno mujer 45301956.html?cid=102005,"ADOLFO DOMINGUEZ | Bolsa Shoulder Beige Microdiseño Mujer | $4,290.00"
El Palacio de Hierro,ADOLFO DOMINGUEZ,Bolsa crossbody texturizada Mujer,,4690,https://www.elpalaciodehierro.com/adolfo dominguez bolsa shoulder cafe microdiseno mujer 45301954.html?cid=102005,"ADOLFO DOMINGUEZ | Bolsa Shoulder Café Microdiseño Mujer | $4,290.00"
El Palacio de Hierro,ADOLFO DOMINGUEZ,Bolsa Crossbody texturizada Mujer,,4290,https://www.elpalaciodehierro.com/adolfo dominguez bolsa shoulder con pedreria plateada mujer 45155745.html?cid=102005,"ADOLFO DOMINGUEZ | Bolsa shoulder con pedrería plateada Mujer | $4,790.00"
El Palacio de Hierro,ADOLFO DOMINGUEZ,Bolsa hobo liso Mujer,,4490,https://www.elpalaciodehierro.com/adolfo dominguez bolsa shoulder en piel lisa mujer 45124318.html?cid=102005,"ADOLFO DOMINGUEZ | Bolsa shoulder en piel lisa Mujer | $8,190.00"
El Palacio de Hierro,ADOLFO DOMINGUEZ,Bolsa mini Crossbody en piel bovina Dorna lisa Mujer,,5290,https://www.elpalaciodehierro.com/adolfo dominguez bolsa shoulder en piel liso mujer 45252107.html?cid=102005,"ADOLFO DOMINGUEZ | Bolsa shoulder en piel liso Mujer | $7,790.00"
El Palacio de Hierro,ADOLFO DOMINGUEZ,Bolsa shopper texturizada Mujer,,5290,https://www.elpalaciodehierro.com/adolfo dominguez bolsa shoulder en piel liso mujer 45255258.html?cid=102005,"ADOLFO DOMINGUEZ | Bolsa shoulder en piel liso Mujer | $8,290.00"
El Palacio de Hierro,ADOLFO DOMINGUEZ,Bolsa Shoulder Beige Microdiseño Mujer,,4290,https://www.elpalaciodehierro.com/adolfo dominguez bolsa shoulder lisa mujer 45124310.html?cid=102005,"ADOLFO DOMINGUEZ | Bolsa shoulder lisa mujer | $8,190.00"
El Palacio de Hierro,ADOLFO DOMINGUEZ,Bolsa Shoulder Café Microdiseño Mujer,,4290,https://www.elpalaciodehierro.com/adolfo dominguez bolsa shoulder lisa negra mujer 45155741.html?cid=102005,"ADOLFO DOMINGUEZ | Bolsa shoulder lisa negra Mujer | $4,690.00"
El Palacio de Hierro,ADOLFO DOMINGUEZ,Bolsa shoulder con pedrería plateada Mujer,,4790,https://www.elpalaciodehierro.com/adolfo dominguez bolsa shoulder liso mujer 45252061.html?cid=102005,"ADOLFO DOMINGUEZ | Bolsa shoulder liso Mujer | $4,290.00"
El Palacio de Hierro,ADOLFO DOMINGUEZ,Bolsa shoulder en piel lisa Mujer,,8190,https://www.elpalaciodehierro.com/adolfo dominguez bolsa shoulder liso mujer 45252087.html?cid=102005,"ADOLFO DOMINGUEZ | Bolsa shoulder liso Mujer | $4,390.00"
El Palacio de Hierro,ADOLFO DOMINGUEZ,Bolsa shoulder en piel liso Mujer,,7790,https://www.elpalaciodehierro.com/adolfo dominguez bolsa shoulder liso mujer 45252091.html?cid=102005,"ADOLFO DOMINGUEZ | Bolsa shoulder liso Mujer | $3,590.00"
El Palacio de Hierro,ADOLFO DOMINGUEZ,Bolsa shoulder en piel liso Mujer,,8290,https://www.elpalaciodehierro.com/adolfo dominguez bolsa shoulder luna liso mujer 45252079.html?cid=102005,"ADOLFO DOMINGUEZ | Bolsa shoulder Luna liso Mujer | $4,490.00"
El Palacio de Hierro,ADOLFO DOMINGUEZ,Bolsa shoulder lisa mujer,,8190,https://www.elpalaciodehierro.com/adolfo dominguez bolsa shoulder malva con pedreria mujer 45155743.html?cid=102005,"ADOLFO DOMINGUEZ | Bolsa shoulder malva con pedrería Mujer | $4,790.00"
El Palacio de Hierro,ADOLFO DOMINGUEZ,Bolsa shoulder lisa negra Mujer,,4690,https://www.elpalaciodehierro.com/adolfo dominguez bolsa shoulder mica canvas lisa mujer 45162594.html?cid=102005,"ADOLFO DOMINGUEZ | Bolsa shoulder Mica canvas lisa Mujer | $5,390.00"
El Palacio de Hierro,ADOLFO DOMINGUEZ,Bolsa shoulder liso Mujer,,4290,https://www.elpalaciodehierro.com/adolfo dominguez bolsa shoulder negra lisa mujer 45155739.html?cid=102005,"ADOLFO DOMINGUEZ | Bolsa shoulder negra lisa Mujer | $4,090.00"
El Palacio de Hierro,ADOLFO DOMINGUEZ,Bolsa shoulder liso Mujer,,4390,https://www.elpalaciodehierro.com/adolfo dominguez bolsa tote con estampado mujer 45252097.html?cid=102005,"ADOLFO DOMINGUEZ | Bolsa tote con estampado Mujer | $5,090.00"
El Palacio de Hierro,ADOLFO DOMINGUEZ,Bolsa shoulder liso Mujer,,3590,https://www.elpalaciodehierro.com/adolfo dominguez bolsa tote con rayas mujer 45318062.html?cid=102005,"ADOLFO DOMINGUEZ | Bolsa Tote con rayas Mujer | $5,290.00"
El Palacio de Hierro,ADOLFO DOMINGUEZ,Bolsa shoulder Luna liso Mujer,,4490,https://www.elpalaciodehierro.com/adolfo dominguez bolsa tote en piel eclipse lisa mujer 45318086.html?cid=102005,"ADOLFO DOMINGUEZ | Bolsa tote en piel Eclipse lisa Mujer | $3,690.00"
El Palacio de Hierro,ADOLFO DOMINGUEZ,Bolsa shoulder malva con pedrería Mujer,,4790,https://www.elpalaciodehierro.com/adolfo dominguez bolsa tote estampada mujer 45252099.html?cid=102005,"ADOLFO DOMINGUEZ | Bolsa tote estampada Mujer | $5,090.00"
El Palacio de Hierro,ADOLFO DOMINGUEZ,Bolsa shoulder Mica canvas lisa Mujer,,5390,https://www.elpalaciodehierro.com/adolfo dominguez bolsa tote fantasia mujer 45354111.html?cid=102005,"ADOLFO DOMINGUEZ | Bolsa Tote Fantasía Mujer | $4,990.00"
El Palacio de Hierro,ADOLFO DOMINGUEZ,Bolsa shoulder negra lisa Mujer,,4090,https://www.elpalaciodehierro.com/adolfo dominguez cartera en piel lisa mujer 45124322.html?cid=102005,"ADOLFO DOMINGUEZ | Cartera en piel lisa Mujer | $2,490.00"
El Palacio de Hierro,ADOLFO DOMINGUEZ,Bolsa clutch para mujer,,5890,https://www.elpalaciodehierro.com/adolfo dominguez cartera en piel lisa mujer 45124324.html?cid=102005,"ADOLFO DOMINGUEZ | Cartera en piel lisa Mujer | $1,890.00"
El Palacio de Hierro,ADOLFO DOMINGUEZ,Bolsa tote con estampado Mujer,,5090,https://www.elpalaciodehierro.com/adolfo dominguez cartera en piel lisa mujer 45155749.html?cid=102005,"ADOLFO DOMINGUEZ | Cartera en piel lisa Mujer | $2,790.00"
El Palacio de Hierro,ADOLFO DOMINGUEZ,Bolsa Tote con rayas Mujer,,5290,https://www.elpalaciodehierro.com/adolfo dominguez cartera en piel lisa mujer 45155751.html?cid=102005,"ADOLFO DOMINGUEZ | Cartera en piel lisa Mujer | $5,290.00"
El Palacio de Hierro,ADOLFO DOMINGUEZ,Bolsa tote en piel Eclipse lisa Mujer,,3690,https://www.elpalaciodehierro.com/adolfo dominguez cartera en piel lisa mujer 45155753.html?cid=102005,"ADOLFO DOMINGUEZ | Cartera en piel lisa Mujer | $3,690.00"
El Palacio de Hierro,ADOLFO DOMINGUEZ,Bolsa tote estampada Mujer,,5090,https://www.elpalaciodehierro.com/adolfo dominguez cartera en piel liso mujer 45255272.html?cid=102005,"ADOLFO DOMINGUEZ | Cartera en piel liso Mujer | $2,290.00"
El Palacio de Hierro,ADOLFO DOMINGUEZ,Bolsa Tote Fantasía Mujer,,4990,https://www.elpalaciodehierro.com/adolfo dominguez tarjetero asimetrico en piel liso mujer 45155759.html?cid=102005,"ADOLFO DOMINGUEZ | Tarjetero asimétrico en piel liso Mujer | $2,190.00"
El Palacio de Hierro,ADOLFO DOMINGUEZ,Backpack para mujer,,5090,https://www.elpalaciodehierro.com/aldo bolsa clutch con brillantes mujer 44876040.html?cid=102005,"MESES SIN INTERESES | ALDO | Bolsa clutch con brillantes Mujer | $1,499.00 | $749.50"
El Palacio de Hierro,ADOLFO DOMINGUEZ,Bolsa clutch para mujer,,4290,https://www.elpalaciodehierro.com/aldo bolsa clutch love fantasia mujer 45202891.html?cid=102005,"MESES SIN INTERESES | ALDO | Bolsa clutch Love fantasía Mujer | $1,499.00 | $1,199.20"
El Palacio de Hierro,ADOLFO DOMINGUEZ,Bolsa clutch Noel Mujer,,4390,https://www.elpalaciodehierro.com/aldo bolsa crossbody animalskin mujer 45021645.html?cid=102005,"MESES SIN INTERESES | ALDO | Bolsa crossbody animalskin Mujer | $1,499.00 | $1,199.20"
El Palacio de Hierro,ADOLFO DOMINGUEZ,Backpack para mujer,,5090,https://www.elpalaciodehierro.com/aldo bolsa crossbody animal skin mujer 45021707.html?cid=102005,"MESES SIN INTERESES | ALDO | Bolsa crossbody Animal Skin Mujer | $1,699.00"
El Palacio de Hierro,ADOLFO DOMINGUEZ,Cartera en piel lisa Mujer,,2490,https://www.elpalaciodehierro.com/aldo bolsa crossbody avelia estampada mujer 45202931.html?cid=102005,"MESES SIN INTERESES | ALDO | Bolsa crossbody Avelia estampada Mujer | $1,699.00"
El Palacio de Hierro,ADOLFO DOMINGUEZ,Cartera en piel lisa Mujer,,1890,https://www.elpalaciodehierro.com/aldo bolsa crossbody brizia deslavado mujer 45336407.html?cid=102005,"ALDO | Bolsa crossbody Brizia deslavado Mujer | $1,899.00"
El Palacio de Hierro,ADOLFO DOMINGUEZ,Cartera en piel lisa Mujer,,2790,https://www.elpalaciodehierro.com/aldo bolsa crossbody capitonada lisa mujer 45034890.html?cid=102005,"MESES SIN INTERESES | ALDO | Bolsa crossbody capitonada lisa Mujer | $1,699.00"
El Palacio de Hierro,ADOLFO DOMINGUEZ,Cartera en piel lisa Mujer,,5290,https://www.elpalaciodehierro.com/aldo bolsa crossbody celestial con pedreria mujer 45202883.html?cid=102005,"MESES SIN INTERESES | ALDO | Bolsa crossbody Celestial con pedrería Mujer | $1,699.00"
El Palacio de Hierro,ADOLFO DOMINGUEZ,Cartera en piel lisa Mujer,,3690,https://www.elpalaciodehierro.com/aldo bolsa crossbody estampada mujer 45034920.html?cid=102005,"MESES SIN INTERESES | ALDO | Bolsa crossbody Estampada Mujer | $1,499.00 | $1,199.20"
El Palacio de Hierro,ADOLFO DOMINGUEZ,Bolsa clutch multicolor en piel Torogoz estampada Mujer,,3590,https://www.elpalaciodehierro.com/aldo bolsa crossbody estampado floral mujer 45021679.html?cid=102005,"MESES SIN INTERESES | ALDO | Bolsa crossbody estampado floral Mujer | $1,799.00 | $1,439.20"
El Palacio de Hierro,ADOLFO DOMINGUEZ,Cartera en piel liso Mujer,,2290,https://www.elpalaciodehierro.com/aldo bolsa crossbody estampado mujer 45034896.html?cid=102005,"MESES SIN INTERESES | ALDO | Bolsa crossbody estampado Mujer | $1,399.00"
El Palacio de Hierro,ADOLFO DOMINGUEZ,Tarjetero asimétrico en piel liso Mujer,,2190,https://www.elpalaciodehierro.com/aldo bolsa crossbody fantasia mujer 45034908.html?cid=102005,"MESES SIN INTERESES | ALDO | Bolsa crossbody fantasía Mujer | $1,799.00"
El Palacio de Hierro,ALDO,Bolsa clutch con brillantes Mujer,1499,749.5,https://www.elpalaciodehierro.com/aldo bolsa crossbody fantasia mujer 45034916.html?cid=102005,"MESES SIN INTERESES | ALDO | Bolsa crossbody fantasía Mujer | $1,499.00 | $1,199.20"
El Palacio de Hierro,ALDO,Bolsa clutch Love fantasía Mujer,1499,1199.2,https://www.elpalaciodehierro.com/aldo bolsa crossbody fantasia mujer 45264524.html?cid=102005,"ALDO | Bolsa crossbody fantasía Mujer | $1,799.00"
El Palacio de Hierro,ALDO,Bolsa crossbody animalskin Mujer,1499,1199.2,https://www.elpalaciodehierro.com/aldo bolsa crossbody fantasia mujer 45264550.html?cid=102005,"ALDO | Bolsa crossbody fantasía Mujer | $1,599.00"
El Palacio de Hierro,ALDO,Bolsa crossbody Animal Skin Mujer,,1699,https://www.elpalaciodehierro.com/aldo bolsa crossbody goldensun lisa mujer 45034906.html?cid=102005,"MESES SIN INTERESES | ALDO | Bolsa crossbody Goldensun lisa Mujer | $2,299.00"
El Palacio de Hierro,ALDO,Bolsa crossbody Avelia estampada Mujer,,1699,https://www.elpalaciodehierro.com/aldo bolsa crossbody katebag lisa mujer 45021715.html?cid=102005,"MESES SIN INTERESES | ALDO | Bolsa crossbody Katebag lisa Mujer | $1,799.00"
El Palacio de Hierro,ALDO,Bolsa crossbody Brizia deslavado Mujer,,1899,https://www.elpalaciodehierro.com/aldo bolsa crossbody lisa mujer 45021601.html?cid=102005,"MESES SIN INTERESES | ALDO | Bolsa crossbody lisa Mujer | $1,799.00"
El Palacio de Hierro,ALDO,Bolsa crossbody capitonada lisa Mujer,,1699,https://www.elpalaciodehierro.com/aldo bolsa crossbody lisa mujer 45021637.html?cid=102005,"MESES SIN INTERESES | ALDO | Bolsa crossbody lisa Mujer | $1,499.00"
El Palacio de Hierro,ALDO,Bolsa crossbody Celestial con pedrería Mujer,,1699,https://www.elpalaciodehierro.com/aldo bolsa crossbody lisa mujer 45021657.html?cid=102005,"MESES SIN INTERESES | ALDO | Bolsa crossbody lisa Mujer | $1,799.00 | $1,439.20"
El Palacio de Hierro,ALDO,Bolsa crossbody Estampada Mujer,1499,1199.2,https://www.elpalaciodehierro.com/aldo bolsa crossbody lisa mujer 45034882.html?cid=102005,"MESES SIN INTERESES | ALDO | Bolsa crossbody lisa Mujer | $1,499.00 | $1,199.20"
El Palacio de Hierro,ALDO,Bolsa crossbody estampado floral Mujer,1799,1439.2,https://www.elpalaciodehierro.com/aldo bolsa crossbody lisa mujer 45034894.html?cid=102005,"MESES SIN INTERESES | ALDO | Bolsa crossbody Lisa Mujer | $1,399.00 | $1,119.20"
El Palacio de Hierro,ALDO,Bolsa crossbody estampado Mujer,,1399,https://www.elpalaciodehierro.com/aldo bolsa crossbody lisa mujer 45264506.html?cid=102005,"ALDO | Bolsa crossbody lisa Mujer | $1,699.00"
El Palacio de Hierro,ALDO,Bolsa crossbody fantasía Mujer,,1799,https://www.elpalaciodehierro.com/aldo bolsa crossbody lisa mujer 45264516.html?cid=102005,"ALDO | Bolsa crossbody lisa Mujer | $1,599.00"
El Palacio de Hierro,ALDO,Bolsa crossbody fantasía Mujer,1499,1199.2,https://www.elpalaciodehierro.com/aldo bolsa crossbody lisa mujer 45264538.html?cid=102005,"ALDO | Bolsa crossbody lisa Mujer | $1,799.00"
El Palacio de Hierro,ALDO,Bolsa crossbody fantasía Mujer,,1799,https://www.elpalaciodehierro.com/aldo bolsa crossbody lisa mujer 45264546.html?cid=102005,"ALDO | Bolsa crossbody lisa Mujer | $1,999.00"
El Palacio de Hierro,ALDO,Bolsa crossbody fantasía Mujer,,1599,https://www.elpalaciodehierro.com/aldo bolsa crossbody love estampada mujer 45202929.html?cid=102005,"MESES SIN INTERESES | ALDO | Bolsa crossbody Love estampada Mujer | $1,999.00 | $1,599.20"
El Palacio de Hierro,ALDO,Bolsa crossbody Goldensun lisa Mujer,,2299,https://www.elpalaciodehierro.com/aldo bolsa crossbody lunabelle lisa mujer 45202909.html?cid=102005,"MESES SIN INTERESES | ALDO | Bolsa crossbody Lunabelle lisa Mujer | $1,699.00 | $1,189.30"
El Palacio de Hierro,ALDO,Bolsa crossbody Katebag lisa Mujer,,1799,https://www.elpalaciodehierro.com/aldo bolsa crossbody lunabelle lisa mujer 45202911.html?cid=102005,"MESES SIN INTERESES | ALDO | Bolsa crossbody Lunabelle lisa Mujer | $1,699.00 | $1,359.20"
El Palacio de Hierro,ALDO,Bolsa crossbody lisa Mujer,,1799,https://www.elpalaciodehierro.com/aldo bolsa crossbody mujer 45013242.html?cid=102005,"MESES SIN INTERESES | ALDO | Bolsa Crossbody Mujer | $2,399.00 | $1,199.50"
El Palacio de Hierro,ALDO,Bolsa crossbody lisa Mujer,,1499,https://www.elpalaciodehierro.com/aldo bolsa crossbody mujer 45021669.html?cid=102005,"MESES SIN INTERESES | ALDO | Bolsa Crossbody Mujer | $1,299.00 | $1,039.20"
El Palacio de Hierro,ALDO,Bolsa crossbody lisa Mujer,1799,1439.2,https://www.elpalaciodehierro.com/aldo bolsa crossbody paradiso lisa mujer 45021687.html?cid=102005,"MESES SIN INTERESES | ALDO | Bolsa crossbody Paradiso lisa Mujer | $2,299.00"
El Palacio de Hierro,ALDO,Bolsa crossbody lisa Mujer,1499,1199.2,https://www.elpalaciodehierro.com/aldo bolsa crossbody vyviana lisa mujer 45163916.html?cid=102005,"MESES SIN INTERESES | ALDO | Bolsa crossbody Vyviana lisa Mujer | $1,599.00"
El Palacio de Hierro,ALDO,Bolsa crossbody Lisa Mujer,1399,1119.2,https://www.elpalaciodehierro.com/aldo bolsa fantasia lisa mujer 45264544.html?cid=102005,"ALDO | Bolsa fantasía lisa Mujer | $1,899.00"
El Palacio de Hierro,ALDO,Bolsa crossbody lisa Mujer,,1699,https://www.elpalaciodehierro.com/aldo bolsa hobo animal print en piel mujer 44934156.html?cid=102005,"MESES SIN INTERESES | ALDO | Bolsa hobo animal print en piel Mujer | $4,899.00 | $2,449.50"
El Palacio de Hierro,ALDO,Bolsa clutch Noel Mujer,,1699,https://www.elpalaciodehierro.com/aldo bolsa satchel evielily mujer 44515863.html?cid=102005,"MESES SIN INTERESES | ALDO | Bolsa satchel Evielily Mujer | $1,599.00"
El Palacio de Hierro,ALDO,Bolsa crossbody lisa Mujer,,1599,https://www.elpalaciodehierro.com/aldo bolsa satchel lisa mujer 45021695.html?cid=102005,"MESES SIN INTERESES | ALDO | Bolsa satchel lisa Mujer | $1,499.00"
El Palacio de Hierro,ALDO,Bolsa crossbody lisa Mujer,,1799,https://www.elpalaciodehierro.com/aldo bolsa satchel lisa mujer 45021705.html?cid=102005,"MESES SIN INTERESES | ALDO | Bolsa satchel lisa Mujer | $1,799.00"
El Palacio de Hierro,ALDO,Bolsa crossbody lisa Mujer,,1999,https://www.elpalaciodehierro.com/aldo bolsa satchel lisa mujer 45021721.html?cid=102005,"MESES SIN INTERESES | ALDO | Bolsa satchel lisa Mujer | $1,999.00"
El Palacio de Hierro,ALDO,Bolsa crossbody Love estampada Mujer,1999,1599.2,https://www.elpalaciodehierro.com/aldo bolsa satchel lisa mujer 45240599.html?cid=102005,"MESES SIN INTERESES | ALDO | Bolsa satchel lisa Mujer | $1,899.00"
El Palacio de Hierro,ALDO,Bolsa crossbody Lunabelle lisa Mujer,1699,1189.3,https://www.elpalaciodehierro.com/aldo bolsa satchel lisa mujer 45264498.html?cid=102005,"ALDO | Bolsa satchel lisa Mujer | $1,999.00"
El Palacio de Hierro,ALDO,Bolsa crossbody Lunabelle lisa Mujer,1699,1359.2,https://www.elpalaciodehierro.com/aldo bolsa satchel lisa mujer 45264534.html?cid=102005,"ALDO | Bolsa satchel lisa Mujer | $1,899.00"
El Palacio de Hierro,ALDO,Bolsa Crossbody Mujer,2399,1199.5,https://www.elpalaciodehierro.com/aldo bolsa satchel lisa mujer 45264554.html?cid=102005,"ALDO | Bolsa satchel lisa Mujer | $1,799.00"
El Palacio de Hierro,ALDO,Bolsa Crossbody Mujer,1299,1039.2,https://www.elpalaciodehierro.com/aldo bolsa satchel mujer 45010201.html?cid=102005,"ALDO | Bolsa Satchel Mujer | $1,799.00 | $899.50"
El Palacio de Hierro,ALDO,Bolsa crossbody Paradiso lisa Mujer,,2299,https://www.elpalaciodehierro.com/aldo bolsa satchel satinada mujer 44934122.html?cid=102005,"ALDO | Bolsa satchel satinada Mujer | $1,699.00 | $679.60"
El Palacio de Hierro,ALDO,Bolsa clutch Noel Mujer,,2199,https://www.elpalaciodehierro.com/aldo bolsa satchel valmira liso mujer 45336399.html?cid=102005,"ALDO | Bolsa satchel Valmira liso Mujer | $1,999.00"
El Palacio de Hierro,ALDO,Bolsa crossbody Vyviana lisa Mujer,,1599,https://www.elpalaciodehierro.com/aldo bolsa shoulder animalprint mujer 45021625.html?cid=102005,"MESES SIN INTERESES | ALDO | Bolsa shoulder animalprint Mujer | $1,499.00 | $1,199.20"
El Palacio de Hierro,ALDO,Bolsa fantasía lisa Mujer,,1899,https://www.elpalaciodehierro.com/aldo bolsa shoulder elona mujer 45202885.html?cid=102005,"MESES SIN INTERESES | ALDO | Bolsa shoulder Elona Mujer | $1,199.00"
El Palacio de Hierro,ALDO,Bolsa hobo animal print en piel Mujer,4899,2449.5,https://www.elpalaciodehierro.com/aldo bolsa shoulder elona mujer 45202889.html?cid=102005,"MESES SIN INTERESES | ALDO | Bolsa shoulder Elona Mujer | $1,999.00 | $1,599.20"
El Palacio de Hierro,ALDO,Bolsa satchel Evielily Mujer,,1599,https://www.elpalaciodehierro.com/aldo bolsa shoulder huda liso mujer 45336401.html?cid=102005,"ALDO | Bolsa shoulder Huda liso Mujer | $1,899.00"
El Palacio de Hierro,ALDO,Bolsa satchel lisa Mujer,,1499,https://www.elpalaciodehierro.com/aldo bolsa shoulder lisa mujer 45034912.html?cid=102005,"MESES SIN INTERESES | ALDO | Bolsa shoulder lisa Mujer | $1,999.00"
El Palacio de Hierro,ALDO,Bolsa satchel lisa Mujer,,1799,https://www.elpalaciodehierro.com/aldo bolsa shoulder lisa mujer 45264514.html?cid=102005,"ALDO | Bolsa shoulder lisa Mujer | $1,599.00"
El Palacio de Hierro,ALDO,Bolsa satchel lisa Mujer,,1999,https://www.elpalaciodehierro.com/aldo bolsa shoulder lisa mujer 45264562.html?cid=102005,"ALDO | Bolsa shoulder lisa Mujer | $1,699.00"
El Palacio de Hierro,ALDO,Bolsa satchel lisa Mujer,,1899,https://www.elpalaciodehierro.com/aldo bolsa shoulder mujer 44873793.html?cid=102005,"ALDO | Bolsa Shoulder Mujer | $1,499.00 | $749.50"
El Palacio de Hierro,ALDO,Bolsa satchel lisa Mujer,,1999,https://www.elpalaciodehierro.com/aldo bolsa tote jackie lisa mujer 45202923.html?cid=102005,"MESES SIN INTERESES | ALDO | Bolsa tote Jackie lisa Mujer | $1,999.00 | $1,599.20"
El Palacio de Hierro,ALDO,Bolsa clutch para mujer,,1799,https://www.elpalaciodehierro.com/aldo bolsa tote lisa mujer 45202917.html?cid=102005,"MESES SIN INTERESES | ALDO | Bolsa tote lisa Mujer | $2,299.00 | $1,839.20"
El Palacio de Hierro,ALDO,Bolsa satchel lisa Mujer,,1899,https://www.elpalaciodehierro.com/aldo bolsa tote lisa mujer 45202919.html?cid=102005,"MESES SIN INTERESES | ALDO | Bolsa tote lisa Mujer | $2,299.00"
El Palacio de Hierro,ALDO,Bolsa satchel lisa Mujer,,1799,https://www.elpalaciodehierro.com/aldo bolsa tote lisa mujer 45202927.html?cid=102005,"MESES SIN INTERESES | ALDO | Bolsa tote lisa Mujer | $1,999.00 | $1,599.20"
El Palacio de Hierro,ALDO,Bolsa clutch Noel Mujer,,1699,https://www.elpalaciodehierro.com/aldo bolso crossbody con pedreria mujer 43270211.html?cid=102005,"MESES SIN INTERESES | ALDO | Bolso Crossbody con Pedreria Mujer | $1,399.00"
El Palacio de Hierro,ALDO,Bolsa Satchel Mujer,1799,899.5,https://www.elpalaciodehierro.com/aldo cartera animalskin mujer 45264570.html?cid=102005,ALDO | Cartera animalskin Mujer | $799.00
El Palacio de Hierro,ALDO,Bolsa satchel satinada Mujer,1699,679.6,https://www.elpalaciodehierro.com/allsaints bolsa crossbody en piel con diseno texturizado solido ares mujer 45263486.html?cid=102005,"MESES SIN INTERESES | ALLSAINTS | Bolsa crossbody en piel con diseño texturizado sólido Ares Mujer | $7,590.00"
El Palacio de Hierro,ALDO,Bolsa satchel Valmira liso Mujer,,1999,https://www.elpalaciodehierro.com/allsaints bolsa tote con logo mujer 44964872.html?cid=102005,"MESES SIN INTERESES | ALLSAINTS | Bolsa tote con logo Mujer | $5,290.00"
El Palacio de Hierro,ALDO,Bolsa shoulder animalprint Mujer,1499,1199.2,https://www.elpalaciodehierro.com/allsaints bolsa tote izzy metallic en piel estampado mujer 45324619.html?cid=102005,"MESES SIN INTERESES | ALLSAINTS | Bolsa tote Izzy Metallic en piel estampado Mujer | $8,790.00"
El Palacio de Hierro,ALDO,Bolsa shoulder Elona Mujer,,1199,https://www.elpalaciodehierro.com/apm monaco bolsa bucket trenzado mujer 44970830.html?cid=102005,"APM MONACO | Bolsa bucket trenzado Mujer | $3,000.00"
El Palacio de Hierro,ALDO,Bolsa shoulder Elona Mujer,1999,1599.2,https://www.elpalaciodehierro.com/apm monaco bolsa clutch blanca hiver lisa mujer 45153835.html?cid=102005,"APM MONACO | Bolsa clutch blanca Hiver lisa Mujer | $2,800.00"
El Palacio de Hierro,ALDO,Bolsa shoulder Huda liso Mujer,,1899,https://www.elpalaciodehierro.com/apm monaco bolsa clutch noel mujer 43672503.html?cid=102005,"APM MONACO | Bolsa clutch Noel Mujer | $1,200.00"
El Palacio de Hierro,ALDO,Bolsa shoulder lisa Mujer,,1999,https://www.elpalaciodehierro.com/apm monaco bolsa pouch blanca hiver lisa mujer 45153837.html?cid=102005,APM MONACO | Bolsa pouch blanca Hiver lisa Mujer | $900.00
El Palacio de Hierro,ALDO,Bolsa shoulder lisa Mujer,,1599,https://www.elpalaciodehierro.com/apm monaco bolsa tote blanca printemps estampada mujer 44540864.html?cid=102005,"APM MONACO | Bolsa tote blanca Printemps estampada Mujer | $1,500.00"
El Palacio de Hierro,ALDO,Bolsa shoulder lisa Mujer,,1699,https://www.elpalaciodehierro.com/apm monaco bolsa tote con flores mujer 44773636.html?cid=102005,"APM MONACO | Bolsa tote con flores Mujer | $2,200.00"
El Palacio de Hierro,ALDO,Bolsa Shoulder Mujer,1499,749.5,https://www.elpalaciodehierro.com/apm monaco bolsa tote plateada hiver lisa mujer 45153836.html?cid=102005,"APM MONACO | Bolsa tote plateada Hiver lisa Mujer | $2,500.00"
El Palacio de Hierro,ALDO,Bolsa tote Jackie lisa Mujer,1999,1599.2,https://www.elpalaciodehierro.com/apm monaco mariconera collet access noel mujer 43672507.html?cid=102005,"APM MONACO | Mariconera Collet Access Noel Mujer | $1,300.00"
El Palacio de Hierro,ALDO,Bolsa tote lisa Mujer,2299,1839.2,https://www.elpalaciodehierro.com/armani exchange bolsa bucket beige lisa mujer 45096838.html?cid=102005,"MESES SIN INTERESES | ARMANI EXCHANGE | Bolsa bucket beige lisa Mujer | $3,190.00"
El Palacio de Hierro,ALDO,Bolsa tote lisa Mujer,,2299,https://www.elpalaciodehierro.com/armani exchange bolsa crossbody beige lisa mujer 45096854.html?cid=102005,"MESES SIN INTERESES | ARMANI EXCHANGE | Bolsa crossbody beige lisa Mujer | $3,990.00"
El Palacio de Hierro,ALDO,Bolsa tote lisa Mujer,1999,1599.2,https://www.elpalaciodehierro.com/armani exchange bolsa crossbody beige lisa mujer 45096856.html?cid=102005,"MESES SIN INTERESES | ARMANI EXCHANGE | Bolsa crossbody beige lisa Mujer | $3,690.00"
El Palacio de Hierro,ALDO,Bolso Crossbody con Pedreria Mujer,,1399,https://www.elpalaciodehierro.com/armani exchange bolsa crossbody blanca lisa mujer 45096851.html?cid=102005,"MESES SIN INTERESES | ARMANI EXCHANGE | Bolsa crossbody blanca lisa Mujer | $3,890.00"
El Palacio de Hierro,ALDO,Cartera animalskin Mujer,,799,https://www.elpalaciodehierro.com/armani exchange bolsa crossbody blanca lisa mujer 45096852.html?cid=102005,"MESES SIN INTERESES | ARMANI EXCHANGE | Bolsa crossbody blanca lisa Mujer | $3,590.00"
El Palacio de Hierro,ALLSAINTS,Bolsa crossbody en piel con diseño texturizado sólido Ares Mujer,,7590,https://www.elpalaciodehierro.com/armani exchange bolsa crossbody fantasia mujer 45096858.html?cid=102005,"MESES SIN INTERESES | ARMANI EXCHANGE | Bolsa crossbody fantasía Mujer | $3,690.00"
El Palacio de Hierro,ALLSAINTS,Bolsa tote con logo Mujer,,5290,https://www.elpalaciodehierro.com/armani exchange bolsa crossbody lisa mujer 45096808.html?cid=102005,"MESES SIN INTERESES | ARMANI EXCHANGE | Bolsa crossbody lisa Mujer | $2,990.00"
El Palacio de Hierro,ALLSAINTS,Bolsa tote Izzy Metallic en piel estampado Mujer,,8790,https://www.elpalaciodehierro.com/armani exchange bolsa crossbody lisa mujer 45096822.html?cid=102005,"MESES SIN INTERESES | ARMANI EXCHANGE | Bolsa crossbody lisa Mujer | $3,790.00"
El Palacio de Hierro,APM MONACO,Bolsa bucket trenzado Mujer,,3000,https://www.elpalaciodehierro.com/armani exchange bolsa crossbody lisa mujer 45096849.html?cid=102005,"MESES SIN INTERESES | ARMANI EXCHANGE | Bolsa Crossbody lisa Mujer | $3,390.00"
El Palacio de Hierro,APM MONACO,Bolsa clutch blanca Hiver lisa Mujer,,2800,https://www.elpalaciodehierro.com/armani exchange bolsa crossbody lisa mujer 45096857.html?cid=102005,"MESES SIN INTERESES | ARMANI EXCHANGE | Bolsa Crossbody lisa Mujer | $3,190.00"
El Palacio de Hierro,APM MONACO,Bolsa clutch Noel Mujer,,1200,https://www.elpalaciodehierro.com/armani exchange bolsa crossbody liso mujer 45096847.html?cid=102005,"MESES SIN INTERESES | ARMANI EXCHANGE | Bolsa Crossbody liso Mujer | $3,390.00"
El Palacio de Hierro,APM MONACO,Bolsa pouch blanca Hiver lisa Mujer,,900,https://www.elpalaciodehierro.com/armani exchange bolsa crossbody mini blanca lisa mujer 45096811.html?cid=102005,"MESES SIN INTERESES | ARMANI EXCHANGE | Bolsa crossbody mini blanca lisa Mujer | $3,190.00"
El Palacio de Hierro,APM MONACO,Bolsa tote blanca Printemps estampada Mujer,,1500,https://www.elpalaciodehierro.com/armani exchange bolsa crossbody mini verde lisa mujer 45096812.html?cid=102005,"MESES SIN INTERESES | ARMANI EXCHANGE | Bolsa crossbody mini verde lisa Mujer | $3,190.00"
El Palacio de Hierro,APM MONACO,Bolsa tote con flores Mujer,,2200,https://www.elpalaciodehierro.com/armani exchange bolsa crossbody mujer 44715959.html?cid=102005,"MESES SIN INTERESES | ARMANI EXCHANGE | Bolsa crossbody Mujer | $3,590.00"
El Palacio de Hierro,APM MONACO,Bolsa tote plateada Hiver lisa Mujer,,2500,https://www.elpalaciodehierro.com/armani exchange bolsa crossbody mujer 45096860.html?cid=102005,"MESES SIN INTERESES | ARMANI EXCHANGE | Bolsa Crossbody Mujer | $3,090.00"
El Palacio de Hierro,APM MONACO,Mariconera Collet Access Noel Mujer,,1300,https://www.elpalaciodehierro.com/armani exchange bolsa crossbody negro mujer 43077839.html?cid=102005,"MESES SIN INTERESES | ARMANI EXCHANGE | Bolsa Crossbody Negro Mujer | $2,890.00"
El Palacio de Hierro,ARMANI EXCHANGE,Bolsa bucket beige lisa Mujer,,3190,https://www.elpalaciodehierro.com/armani exchange bolsa crossbody verde monogram estampado mujer 45096850.html?cid=102005,"MESES SIN INTERESES | ARMANI EXCHANGE | Bolsa crossbody verde monogram estampado Mujer | $3,190.00"
El Palacio de Hierro,ARMANI EXCHANGE,Bolsa crossbody beige lisa Mujer,,3990,https://www.elpalaciodehierro.com/armani exchange bolsa hobo mini cafe lisa mujer 45096809.html?cid=102005,"MESES SIN INTERESES | ARMANI EXCHANGE | Bolsa hobo mini café lisa Mujer | $2,990.00"
El Palacio de Hierro,ARMANI EXCHANGE,Bolsa crossbody beige lisa Mujer,,3690,https://www.elpalaciodehierro.com/armani exchange bolsa satchel con monogram mujer 44763843.html?cid=102005,"MESES SIN INTERESES | ARMANI EXCHANGE | Bolsa Satchel con monogram Mujer | $3,190.00"
El Palacio de Hierro,ARMANI EXCHANGE,Bolsa crossbody blanca lisa Mujer,,3890,https://www.elpalaciodehierro.com/armani exchange bolsa satchel lisa mujer 45096817.html?cid=102005,"MESES SIN INTERESES | ARMANI EXCHANGE | Bolsa satchel lisa Mujer | $4,390.00"
El Palacio de Hierro,ARMANI EXCHANGE,Bolsa crossbody blanca lisa Mujer,,3590,https://www.elpalaciodehierro.com/armani exchange bolsa satchel lisa mujer 45096824.html?cid=102005,"MESES SIN INTERESES | ARMANI EXCHANGE | Bolsa Satchel lisa Mujer | $3,590.00"
El Palacio de Hierro,ARMANI EXCHANGE,Bolsa crossbody fantasía Mujer,,3690,https://www.elpalaciodehierro.com/armani exchange bolsa satchel mujer 45096813.html?cid=102005,"MESES SIN INTERESES | ARMANI EXCHANGE | Bolsa Satchel Mujer | $3,990.00"
El Palacio de Hierro,ARMANI EXCHANGE,Bolsa crossbody lisa Mujer,,2990,https://www.elpalaciodehierro.com/armani exchange bolsa shoulder amarilla lisa mujer 45096834.html?cid=102005,"MESES SIN INTERESES | ARMANI EXCHANGE | Bolsa shoulder amarilla lisa Mujer | $3,390.00"
El Palacio de Hierro,ARMANI EXCHANGE,Bolsa crossbody lisa Mujer,,3790,https://www.elpalaciodehierro.com/armani exchange bolsa shoulder beige lisa mujer 45096831.html?cid=102005,"MESES SIN INTERESES | ARMANI EXCHANGE | Bolsa shoulder beige lisa Mujer | $3,190.00"
El Palacio de Hierro,ARMANI EXCHANGE,Bolsa Crossbody lisa Mujer,,3390,https://www.elpalaciodehierro.com/armani exchange bolsa shoulder beige shopper lisa mujer 45096827.html?cid=102005,"MESES SIN INTERESES | ARMANI EXCHANGE | Bolsa shoulder beige shopper lisa Mujer | $3,590.00"
El Palacio de Hierro,ARMANI EXCHANGE,Bolsa Crossbody lisa Mujer,,3190,https://www.elpalaciodehierro.com/armani exchange bolsa shoulder blanca lisa mujer 45096829.html?cid=102005,"MESES SIN INTERESES | ARMANI EXCHANGE | Bolsa shoulder blanca lisa Mujer | $3,490.00"
El Palacio de Hierro,ARMANI EXCHANGE,Bolsa Crossbody liso Mujer,,3390,https://www.elpalaciodehierro.com/armani exchange bolsa shoulder blanca lisa mujer 45096833.html?cid=102005,"MESES SIN INTERESES | ARMANI EXCHANGE | Bolsa shoulder blanca lisa Mujer | $3,390.00"
El Palacio de Hierro,ARMANI EXCHANGE,Bolsa crossbody mini blanca lisa Mujer,,3190,https://www.elpalaciodehierro.com/armani exchange bolsa shoulder cafe lisa mujer 45096836.html?cid=102005,"MESES SIN INTERESES | ARMANI EXCHANGE | Bolsa shoulder café lisa Mujer | $3,390.00"
El Palacio de Hierro,ARMANI EXCHANGE,Bolsa crossbody mini verde lisa Mujer,,3190,https://www.elpalaciodehierro.com/armani exchange bolsa shoulder mini blanca lisa mujer 45096806.html?cid=102005,"MESES SIN INTERESES | ARMANI EXCHANGE | Bolsa shoulder mini blanca lisa Mujer | $2,990.00"
El Palacio de Hierro,ARMANI EXCHANGE,Bolsa crossbody Mujer,,3590,https://www.elpalaciodehierro.com/armani exchange bolsa shoulder mini lisa mujer 45096807.html?cid=102005,"MESES SIN INTERESES | ARMANI EXCHANGE | Bolsa shoulder mini lisa Mujer | $2,990.00"
El Palacio de Hierro,ARMANI EXCHANGE,Bolsa Crossbody Mujer,,3090,https://www.elpalaciodehierro.com/armani exchange bolsa shoulder naranja lisa mujer 45096835.html?cid=102005,"MESES SIN INTERESES | ARMANI EXCHANGE | Bolsa shoulder naranja lisa Mujer | $3,390.00"
El Palacio de Hierro,ARMANI EXCHANGE,Bolsa Crossbody Negro Mujer,,2890,https://www.elpalaciodehierro.com/armani exchange bolsa shoulder negra monogram estampado mujer 45096840.html?cid=102005,"MESES SIN INTERESES | ARMANI EXCHANGE | Bolsa shoulder negra monogram estampado Mujer | $3,490.00"
El Palacio de Hierro,ARMANI EXCHANGE,Bolsa crossbody verde monogram estampado Mujer,,3190,https://www.elpalaciodehierro.com/armani exchange bolsa shoulder verde lisa mujer 45096832.html?cid=102005,"MESES SIN INTERESES | ARMANI EXCHANGE | Bolsa shoulder verde lisa Mujer | $3,190.00"
El Palacio de Hierro,ARMANI EXCHANGE,Bolsa hobo mini café lisa Mujer,,2990,https://www.elpalaciodehierro.com/armani exchange bolsa tote beige shopping lisa mujer 45096826.html?cid=102005,"MESES SIN INTERESES | ARMANI EXCHANGE | Bolsa tote beige shopping lisa Mujer | $4,090.00"
El Palacio de Hierro,ARMANI EXCHANGE,Bolsa Satchel con monogram Mujer,,3190,https://www.elpalaciodehierro.com/armani exchange bolsa tote cafe shopping lisa mujer 45096828.html?cid=102005,"MESES SIN INTERESES | ARMANI EXCHANGE | Bolsa tote café shopping lisa Mujer | $5,090.00"
El Palacio de Hierro,ARMANI EXCHANGE,Bolsa satchel lisa Mujer,,4390,https://www.elpalaciodehierro.com/armani exchange bolsa tote en monogram mujer 44715970.html?cid=102005,"MESES SIN INTERESES | ARMANI EXCHANGE | Bolsa tote en monogram Mujer | $3,190.00"
El Palacio de Hierro,ARMANI EXCHANGE,Bolsa Satchel lisa Mujer,,3590,https://www.elpalaciodehierro.com/armani exchange bolsa tote monogram estampado mujer 45096818.html?cid=102005,"MESES SIN INTERESES | ARMANI EXCHANGE | Bolsa tote monogram estampado Mujer | $3,190.00"
El Palacio de Hierro,ARMANI EXCHANGE,Bolsa Satchel Mujer,,3990,https://www.elpalaciodehierro.com/armani exchange bolsa tote negro mujer 42480819.html?cid=102005,"MESES SIN INTERESES | ARMANI EXCHANGE | Bolsa tote negro Mujer | $4,090.00"
El Palacio de Hierro,ARMANI EXCHANGE,Bolsa shoulder amarilla lisa Mujer,,3390,https://www.elpalaciodehierro.com/armani exchange bolsa tote shopper beige lisa mujer 45096816.html?cid=102005,"MESES SIN INTERESES | ARMANI EXCHANGE | Bolsa tote shopper beige lisa Mujer | $4,390.00"
El Palacio de Hierro,ARMANI EXCHANGE,Bolsa shoulder beige lisa Mujer,,3190,https://www.elpalaciodehierro.com/armani exchange bolsa tote shopper blanca lisa mujer 45096821.html?cid=102005,"MESES SIN INTERESES | ARMANI EXCHANGE | Bolsa tote shopper blanca lisa Mujer | $3,790.00"
El Palacio de Hierro,ARMANI EXCHANGE,Bolsa shoulder beige shopper lisa Mujer,,3590,https://www.elpalaciodehierro.com/armani exchange bolsa tote shopping blanca lisa mujer 45096819.html?cid=102005,"MESES SIN INTERESES | ARMANI EXCHANGE | Bolsa tote shopping blanca lisa Mujer | $3,590.00"
El Palacio de Hierro,ARMANI EXCHANGE,Bolsa shoulder blanca lisa Mujer,,3490,https://www.elpalaciodehierro.com/armani exchange bolsa tote shopping blanca lisa mujer 45096823.html?cid=102005,"MESES SIN INTERESES | ARMANI EXCHANGE | Bolsa tote shopping blanca lisa Mujer | $4,190.00"
El Palacio de Hierro,ARMANI EXCHANGE,Bolsa shoulder blanca lisa Mujer,,3390,https://www.elpalaciodehierro.com/armani exchange bolsa tote shopping verde lisa mujer 45096825.html?cid=102005,"MESES SIN INTERESES | ARMANI EXCHANGE | Bolsa tote shopping verde lisa Mujer | $4,190.00"
El Palacio de Hierro,ARMANI EXCHANGE,Bolsa shoulder café lisa Mujer,,3390,https://www.elpalaciodehierro.com/armani exchange bolsa tote verde shopping estampada mujer 45096814.html?cid=102005,"MESES SIN INTERESES | ARMANI EXCHANGE | Bolsa tote verde shopping estampada Mujer | $4,690.00"
El Palacio de Hierro,ARMANI EXCHANGE,Bolsa shoulder mini blanca lisa Mujer,,2990,https://www.elpalaciodehierro.com/armani exchange bolsa tote verde shopping estampada mujer 45096815.html?cid=102005,"MESES SIN INTERESES | ARMANI EXCHANGE | Bolsa tote verde shopping estampada Mujer | $3,990.00"
El Palacio de Hierro,ARMANI EXCHANGE,Bolsa shoulder mini lisa Mujer,,2990,https://www.elpalaciodehierro.com/armani exchange bolso crossbody con monogram mujer 43340717.html?cid=102005,"MESES SIN INTERESES | ARMANI EXCHANGE | Bolso crossbody con monogram Mujer | $3,190.00"
El Palacio de Hierro,ARMANI EXCHANGE,Bolsa shoulder naranja lisa Mujer,,3390,https://www.elpalaciodehierro.com/armani exchange bolso tote con monogram mujer 44017433.html?cid=102005,"MESES SIN INTERESES | ARMANI EXCHANGE | Bolso tote con monogram Mujer | $4,690.00"
El Palacio de Hierro,ARMANI EXCHANGE,Bolsa shoulder negra monogram estampado Mujer,,3490,https://www.elpalaciodehierro.com/armani exchange bolso tote negro liso mujer 42815634.html?cid=102005,"MESES SIN INTERESES | ARMANI EXCHANGE | Bolso Tote negro liso Mujer | $3,490.00"
El Palacio de Hierro,ARMANI EXCHANGE,Bolsa shoulder verde lisa Mujer,,3190,https://www.elpalaciodehierro.com/armani exchange cangurera ax lisa mujer 45095609.html?cid=102005,"MESES SIN INTERESES | ARMANI EXCHANGE | Cangurera AX lisa Mujer | $2,690.00"
El Palacio de Hierro,ARMANI EXCHANGE,Bolsa tote beige shopping lisa Mujer,,4090,https://www.elpalaciodehierro.com/armani exchange cartera con logotipo mujer 44716034.html?cid=102005,"MESES SIN INTERESES | ARMANI EXCHANGE | Cartera con Logotipo Mujer | $2,390.00"
El Palacio de Hierro,ARMANI EXCHANGE,Bolsa tote café shopping lisa Mujer,,5090,https://www.elpalaciodehierro.com/armani exchange cartera lisa mujer 45096842.html?cid=102005,"MESES SIN INTERESES | ARMANI EXCHANGE | Cartera lisa Mujer | $2,690.00"
El Palacio de Hierro,ARMANI EXCHANGE,Bolsa tote en monogram Mujer,,3190,https://www.elpalaciodehierro.com/armani exchange cartera monogram estampado mujer 45096844.html?cid=102005,"MESES SIN INTERESES | ARMANI EXCHANGE | Cartera monogram estampado Mujer | $1,690.00"
El Palacio de Hierro,ARMANI EXCHANGE,Bolsa tote monogram estampado Mujer,,3190,https://www.elpalaciodehierro.com/armani exchange cartera monogram fantasia mujer 45096843.html?cid=102005,"MESES SIN INTERESES | ARMANI EXCHANGE | Cartera monogram fantasía Mujer | $2,090.00"
El Palacio de Hierro,ARMANI EXCHANGE,Bolsa tote negro Mujer,,4090,https://www.elpalaciodehierro.com/armani exchange cartera monogram mujer 45074547.html?cid=102005,"MESES SIN INTERESES | ARMANI EXCHANGE | Cartera monogram Mujer | $1,590.00"
El Palacio de Hierro,ARMANI EXCHANGE,Bolsa tote shopper beige lisa Mujer,,4390,https://www.elpalaciodehierro.com/armani exchange cartera monogram mujer 45074548.html?cid=102005,"MESES SIN INTERESES | ARMANI EXCHANGE | Cartera monogram Mujer | $2,090.00"
El Palacio de Hierro,ARMANI EXCHANGE,Bolsa tote shopper blanca lisa Mujer,,3790,https://www.elpalaciodehierro.com/armani exchange cartera negra estampado monogram mujer 45096845.html?cid=102005,"MESES SIN INTERESES | ARMANI EXCHANGE | Cartera negra estampado monogram Mujer | $1,690.00"
El Palacio de Hierro,ARMANI EXCHANGE,Bolsa tote shopping blanca lisa Mujer,,3590,https://www.elpalaciodehierro.com/armani exchange cartera negra lisa mujer 45096846.html?cid=102005,"MESES SIN INTERESES | ARMANI EXCHANGE | Cartera negra lisa Mujer | $1,690.00"
El Palacio de Hierro,ARMANI EXCHANGE,Bolsa tote shopping blanca lisa Mujer,,4190,https://www.elpalaciodehierro.com/armani exchange mochila mujer 45057418.html?cid=102005,"MESES SIN INTERESES | ARMANI EXCHANGE | Mochila Mujer | $4,390.00"
El Palacio de Hierro,ARMANI EXCHANGE,Bolsa tote shopping verde lisa Mujer,,4190,https://www.elpalaciodehierro.com/balenciaga bolsa le city 44954302.html?cid=102005,"BALENCIAGA | Bolsa Le City | $55,900.00"
El Palacio de Hierro,ARMANI EXCHANGE,Bolsa tote verde shopping estampada Mujer,,4690,https://www.elpalaciodehierro.com/balenciaga bolsa le city nano 44954299.html?cid=102005,"BALENCIAGA | Bolsa Le City Nano | $33,500.00"
El Palacio de Hierro,ARMANI EXCHANGE,Bolsa tote verde shopping estampada Mujer,,3990,https://www.elpalaciodehierro.com/balenciaga bolsa rodeo 44954274.html?cid=102005,"BALENCIAGA | Bolsa Rodeo | $64,500.00"
El Palacio de Hierro,ARMANI EXCHANGE,Bolso crossbody con monogram Mujer,,3190,https://www.elpalaciodehierro.com/balenciaga bolsa rodeo 44954319.html?cid=102005,"BALENCIAGA | Bolsa Rodeo | $103,000.00"
El Palacio de Hierro,ARMANI EXCHANGE,Bolso tote con monogram Mujer,,4690,https://www.elpalaciodehierro.com/balenciaga bolsa rodeo 44954321.html?cid=102005,"BALENCIAGA | Bolsa Rodeo | $84,950.00"
El Palacio de Hierro,ARMANI EXCHANGE,Bolso Tote negro liso Mujer,,3490,https://www.elpalaciodehierro.com/balenciaga bolsa rodeo 44954332.html?cid=102005,"BALENCIAGA | Bolsa Rodeo | $79,000.00"
El Palacio de Hierro,ARMANI EXCHANGE,Cangurera AX lisa Mujer,,2690,https://www.elpalaciodehierro.com/balmain bola sync medium 45158404.html?cid=102005,"NUEVA TEMPORADA | BALMAIN | Bola Sync Medium | $55,800.00 | $39,060.00"
El Palacio de Hierro,ARMANI EXCHANGE,Cartera con Logotipo Mujer,,2390,https://www.elpalaciodehierro.com/balmain bolsa clutch en piel mujer 44990305.html?cid=102005,"NUEVA TEMPORADA | BALMAIN | Bolsa Clutch en piel Mujer | $44,700.00 | $31,290.00"
El Palacio de Hierro,ARMANI EXCHANGE,Cartera lisa Mujer,,2690,https://www.elpalaciodehierro.com/balmain bolsa hobo con monogram mujer 44509390.html?cid=102005,"ULTIMAS PIEZAS | BALMAIN | Bolsa hobo con monogram Mujer | $57,500.00 | $46,000.00"
El Palacio de Hierro,ARMANI EXCHANGE,Cartera monogram estampado Mujer,,1690,https://www.elpalaciodehierro.com/balmain bolsa medium anthem 45158406.html?cid=102005,"NUEVA TEMPORADA | BALMAIN | Bolsa Medium Anthem | $55,800.00 | $39,060.00"
El Palacio de Hierro,ARMANI EXCHANGE,Cartera monogram fantasía Mujer,,2090,https://www.elpalaciodehierro.com/balmain bolsa satchel mujer 44990339.html?cid=102005,"NUEVA TEMPORADA | BALMAIN | Bolsa Satchel Mujer | $25,000.00 | $17,500.00"
El Palacio de Hierro,ARMANI EXCHANGE,Cartera monogram Mujer,,1590,https://www.elpalaciodehierro.com/balmain bolsa shoulder en piel mujer 44990327.html?cid=102005,"NUEVA TEMPORADA | BALMAIN | Bolsa Shoulder en piel Mujer | $55,800.00 | $39,060.00"
El Palacio de Hierro,ARMANI EXCHANGE,Cartera monogram Mujer,,2090,https://www.elpalaciodehierro.com/balmain bolsa shuffle 45158416.html?cid=102005,"NUEVA TEMPORADA | BALMAIN | Bolsa Shuffle | $33,400.00 | $23,380.00"
El Palacio de Hierro,ARMANI EXCHANGE,Cartera negra estampado monogram Mujer,,1690,https://www.elpalaciodehierro.com/balmain bolsa shuffle wallet on chain 45158428.html?cid=102005,"NUEVA TEMPORADA | BALMAIN | Bolsa Shuffle Wallet On Chain | $30,600.00 | $21,420.00"
El Palacio de Hierro,ARMANI EXCHANGE,Cartera negra lisa Mujer,,1690,https://www.elpalaciodehierro.com/balmain bolsa sync mini 45158402.html?cid=102005,"NUEVA TEMPORADA | BALMAIN | Bolsa Sync Mini | $44,800.00 | $31,360.00"
El Palacio de Hierro,ARMANI EXCHANGE,Mochila Mujer,,4390,https://www.elpalaciodehierro.com/balmain bolsa tote mujer 44990333.html?cid=102005,"NUEVA TEMPORADA | BALMAIN | Bolsa Tote Mujer | $35,100.00 | $24,570.00"
El Palacio de Hierro,BALENCIAGA,Bolsa Le City,,55900,https://www.elpalaciodehierro.com/balmain bolsa tote mujer 44990335.html?cid=102005,"NUEVA TEMPORADA | BALMAIN | Bolsa Tote Mujer | $74,300.00 | $52,010.00"
El Palacio de Hierro,BALENCIAGA,Bolsa Le City Nano,,33500,https://www.elpalaciodehierro.com/balmain bolsa tote mujer 44990341.html?cid=102005,"NUEVA TEMPORADA | BALMAIN | Bolsa Tote Mujer | $29,500.00 | $20,650.00"
El Palacio de Hierro,BALENCIAGA,Bolsa Rodeo,,64500,https://www.elpalaciodehierro.com/bimba y lola bolsa bucket carlino grande piel banana mujer 45190218.html?cid=102005,"BIMBA Y LOLA | Bolsa bucket Carlino grande piel banana Mujer | $8,600.00"
El Palacio de Hierro,BALENCIAGA,Bolsa Rodeo,,103000,https://www.elpalaciodehierro.com/bimba y lola bolsa bucket carlino grande piel naranja sorbete mujer 45190219.html?cid=102005,"BIMBA Y LOLA | Bolsa bucket Carlino grande piel naranja sorbete Mujer | $8,600.00 | $6,450.00"
El Palacio de Hierro,BALENCIAGA,Bolsa Rodeo,,84950,https://www.elpalaciodehierro.com/bimba y lola bolsa bucket carlino grande piel print palms arena mujer 45190242.html?cid=102005,"BIMBA Y LOLA | Bolsa bucket Carlino grande piel print Palms arena Mujer | $8,900.00"
El Palacio de Hierro,BALENCIAGA,Bolsa Rodeo,,79000,https://www.elpalaciodehierro.com/bimba y lola bolsa bucket carlino pequeno piel print palms nuez mujer 45190240.html?cid=102005,"BIMBA Y LOLA | Bolsa bucket Carlino pequeño piel print Palms nuez Mujer | $6,200.00"
El Palacio de Hierro,BALMAIN,Backpack plegable grande lisa Mujer,55800,39060,https://www.elpalaciodehierro.com/bimba y lola bolsa bucket grande en piel antracita mujer 45190217.html?cid=102005,"BIMBA Y LOLA | Bolsa bucket grande en piel antracita Mujer | $8,600.00 | $6,450.00"
El Palacio de Hierro,BALMAIN,Bolsa,44700,31290,https://www.elpalaciodehierro.com/bimba y lola bolsa bucket pequena piel avellana mujer 45190239.html?cid=102005,"BIMBA Y LOLA | Bolsa bucket pequeña piel avellana Mujer | $6,200.00"
El Palacio de Hierro,BALMAIN,Bolsa backpack en piel Daily 5AC Unisex,57500,46000,https://www.elpalaciodehierro.com/bimba y lola bolsa chihuahua grande piel nuez mujer 45190226.html?cid=102005,"BIMBA Y LOLA | Bolsa Chihuahua grande piel nuez Mujer | $10,900.00 | $8,175.00"
El Palacio de Hierro,BALMAIN,Bolsa,55800,39060,https://www.elpalaciodehierro.com/bimba y lola bolsa chihuahua grande tejido amarillo mujer 45190265.html?cid=102005,"BIMBA Y LOLA | Bolsa Chihuahua grande tejido amarillo Mujer | $5,500.00 | $4,675.00"
El Palacio de Hierro,BALMAIN,Bolsa,25000,17500,https://www.elpalaciodehierro.com/bimba y lola bolsa chihuahua mediano de cuero mujer 45281427.html?cid=102005,"BIMBA Y LOLA | Bolsa Chihuahua mediano de cuero Mujer | $6,600.00 | $5,610.00"
El Palacio de Hierro,Balmain,Bolsa,55800,39060,https://www.elpalaciodehierro.com/bimba y lola bolsa chihuahua pequeno piel arena mujer 45190227.html?cid=102005,"BIMBA Y LOLA | Bolsa Chihuahua pequeño piel arena Mujer | $7,900.00"
El Palacio de Hierro,BALMAIN,Bolsa,33400,23380,https://www.elpalaciodehierro.com/bimba y lola bolsa chihuahua shopper grande piel nuez mujer 45190222.html?cid=102005,"BIMBA Y LOLA | Bolsa Chihuahua shopper grande piel nuez Mujer | $10,900.00 | $8,175.00"
El Palacio de Hierro,BALMAIN,Bolsa,30600,21420,https://www.elpalaciodehierro.com/bimba y lola bolsa chihuahua tote grande piel turron mujer 45244182.html?cid=102005,"BIMBA Y LOLA | Bolsa Chihuahua tote grande piel turrón Mujer | $5,900.00 | $4,425.00"
El Palacio de Hierro,BALMAIN,Bolsa,44800,31360,https://www.elpalaciodehierro.com/bimba y lola bolsa crossbody chihuahua grande piel avellana mujer 45190225.html?cid=102005,"BIMBA Y LOLA | Bolsa crossbody Chihuahua grande piel avellana Mujer | $10,900.00 | $9,265.00"
El Palacio de Hierro,BALMAIN,Bolsa,35100,24570,https://www.elpalaciodehierro.com/bimba y lola bolsa crossbody chihuahua mini piel avellana mujer 45190232.html?cid=102005,"BIMBA Y LOLA | Bolsa crossbody Chihuahua mini piel avellana Mujer | $6,300.00 | $4,725.00"
El Palacio de Hierro,Balenciaga,Bolsa Backpack con Estampado Mujer,74300,52010,https://www.elpalaciodehierro.com/bimba y lola bolsa crossbody con trenzado de piel mujer 45244151.html?cid=102005,"LANZAMIENTO | BIMBA Y LOLA | Bolsa crossbody con trenzado de piel Mujer | $5,100.00"
El Palacio de Hierro,BALMAIN,Bolsa,29500,20650,https://www.elpalaciodehierro.com/bimba y lola bolsa crossbody en piel lisa mujer 45190214.html?cid=102005,"BIMBA Y LOLA | Bolsa crossbody en piel lisa Mujer | $2,550.00"
El Palacio de Hierro,BIMBA Y LOLA,Bolsa bucket Carlino grande piel banana Mujer,,8600,https://www.elpalaciodehierro.com/bimba y lola bolsa crossbody en piel lisa mujer 45244109.html?cid=102005,"LANZAMIENTO | BIMBA Y LOLA | Bolsa crossbody en piel lisa Mujer | $3,850.00"
El Palacio de Hierro,BIMBA Y LOLA,Bolsa bucket Carlino grande piel naranja sorbete Mujer,8600,6450,https://www.elpalaciodehierro.com/bimba y lola bolsa crossbody en piel lisa mujer 45244150.html?cid=102005,"LANZAMIENTO | BIMBA Y LOLA | Bolsa crossbody en piel lisa Mujer | $4,600.00"
El Palacio de Hierro,BIMBA Y LOLA,Bolsa bucket Carlino grande piel print Palms arena Mujer,,8900,https://www.elpalaciodehierro.com/bimba y lola bolsa crossbody en piel liso mujer 45244149.html?cid=102005,"LANZAMIENTO | BIMBA Y LOLA | Bolsa crossbody en piel liso Mujer | $5,100.00"
El Palacio de Hierro,BIMBA Y LOLA,Bolsa bucket Carlino pequeño piel print Palms nuez Mujer,,6200,https://www.elpalaciodehierro.com/bimba y lola bolsa crossbody en piel mujer 45131038.html?cid=102005,"BIMBA Y LOLA | Bolsa Crossbody en piel Mujer | $5,900.00"
El Palacio de Hierro,BIMBA Y LOLA,Bolsa bucket grande en piel antracita Mujer,8600,6450,https://www.elpalaciodehierro.com/bimba y lola bolsa crossbody lisa mujer 45190254.html?cid=102005,"BIMBA Y LOLA | Bolsa crossbody lisa Mujer | $4,700.00"
El Palacio de Hierro,BIMBA Y LOLA,Bolsa bucket pequeña piel avellana Mujer,,6200,https://www.elpalaciodehierro.com/bimba y lola bolsa crossbody lisa mujer 45190268.html?cid=102005,"BIMBA Y LOLA | Bolsa Crossbody lisa Mujer | $4,700.00 | $3,995.00"
El Palacio de Hierro,BIMBA Y LOLA,Bolsa Chihuahua grande piel nuez Mujer,10900,8175,https://www.elpalaciodehierro.com/bimba y lola bolsa crossbody lisa mujer 45244168.html?cid=102005,"BIMBA Y LOLA | Bolsa crossbody lisa Mujer | $2,400.00"
El Palacio de Hierro,BIMBA Y LOLA,Bolsa Chihuahua grande tejido amarillo Mujer,5500,4675,https://www.elpalaciodehierro.com/bimba y lola bolsa crossbody lisa mujer 45244176.html?cid=102005,"BIMBA Y LOLA | Bolsa crossbody lisa Mujer | $5,200.00 | $3,900.00"
El Palacio de Hierro,BIMBA Y LOLA,Bolsa Chihuahua mediano de cuero Mujer,6600,5610,https://www.elpalaciodehierro.com/bimba y lola bolsa crossbody lisa mujer 45244179.html?cid=102005,"BIMBA Y LOLA | Bolsa crossbody lisa mujer | $5,300.00"
El Palacio de Hierro,BIMBA Y LOLA,Bolsa Chihuahua pequeño piel arena Mujer,,7900,https://www.elpalaciodehierro.com/bimba y lola bolsa crossbody lisa mujer 45244184.html?cid=102005,"BIMBA Y LOLA | Bolsa crossbody lisa Mujer | $5,600.00"
El Palacio de Hierro,BIMBA Y LOLA,Bolsa Chihuahua shopper grande piel nuez Mujer,10900,8175,https://www.elpalaciodehierro.com/bimba y lola bolsa crossbody lisa mujer 45244189.html?cid=102005,"BIMBA Y LOLA | Bolsa crossbody lisa Mujer | $4,400.00"
El Palacio de Hierro,BIMBA Y LOLA,Bolsa Chihuahua tote grande piel turrón Mujer,5900,4425,https://www.elpalaciodehierro.com/bimba y lola bolsa crossbody liso mujer 45244173.html?cid=102005,"BIMBA Y LOLA | Bolsa crossbody liso Mujer | $4,600.00 | $3,450.00"
El Palacio de Hierro,BIMBA Y LOLA,Bolsa crossbody Chihuahua grande piel avellana Mujer,10900,9265,https://www.elpalaciodehierro.com/bimba y lola bolsa crossbody mediana pocket blanco piedra mujer 45190255.html?cid=102005,"BIMBA Y LOLA | Bolsa crossbody mediana pocket blanco piedra Mujer | $4,700.00"
El Palacio de Hierro,BIMBA Y LOLA,Bolsa crossbody Chihuahua mini piel avellana Mujer,6300,4725,https://www.elpalaciodehierro.com/bimba y lola bolsa crossbody mujer 45244174.html?cid=102005,"BIMBA Y LOLA | Bolsa Crossbody Mujer | $4,600.00"
El Palacio de Hierro,BIMBA Y LOLA,Bolsa,,5100,https://www.elpalaciodehierro.com/bimba y lola bolsa crossbody nylon grafito mujer 45244172.html?cid=102005,"BIMBA Y LOLA | Bolsa crossbody nylon grafito Mujer | $4,600.00 | $3,450.00"
El Palacio de Hierro,BIMBA Y LOLA,Bolsa crossbody en piel lisa Mujer,,2550,https://www.elpalaciodehierro.com/bimba y lola bolsa crossbody pocket lisa mujer 45244169.html?cid=102005,"BIMBA Y LOLA | Bolsa Crossbody Pocket lisa Mujer | $4,600.00"
El Palacio de Hierro,BIMBA Y LOLA,Bolsa,,3850,https://www.elpalaciodehierro.com/bimba y lola bolsa crossbody trapecio mediano piel blanco roto mujer 45190234.html?cid=102005,"BIMBA Y LOLA | Bolsa crossbody trapecio mediano piel blanco roto Mujer | $6,600.00 | $4,950.00"
El Palacio de Hierro,BIMBA Y LOLA,Bolsa backpack negro Btempo Mujer,,4600,https://www.elpalaciodehierro.com/bimba y lola bolsa de hombro paper mediano piel amarillo palido mujer 45190229.html?cid=102005,"BIMBA Y LOLA | Bolsa de hombro Paper mediano piel amarillo pálido Mujer | $5,500.00"
El Palacio de Hierro,BIMBA Y LOLA,Bolsa,,5100,https://www.elpalaciodehierro.com/bimba y lola bolsa de hombro paper mediano piel negro mujer 45190230.html?cid=102005,"BIMBA Y LOLA | Bolsa de hombro Paper mediano piel negro Mujer | $5,500.00"
El Palacio de Hierro,BIMBA Y LOLA,Bolsa Crossbody en piel Mujer,,5900,https://www.elpalaciodehierro.com/bimba y lola bolsa de hombro pequeno papel natural mujer 45244216.html?cid=102005,"LANZAMIENTO | BIMBA Y LOLA | Bolsa de hombro pequeño papel natural Mujer | $4,400.00"
El Palacio de Hierro,BIMBA Y LOLA,Bolsa crossbody lisa Mujer,,4700,https://www.elpalaciodehierro.com/bimba y lola bolsa de mano en piel mujer 44924416.html?cid=102005,"BIMBA Y LOLA | Bolsa de mano en piel Mujer | $4,900.00"
El Palacio de Hierro,BIMBA Y LOLA,Bolsa Crossbody lisa Mujer,4700,3995,https://www.elpalaciodehierro.com/bimba y lola bolsa de mano en piel vacuna con microdiseno trenzado mujer 45244260.html?cid=102005,"LANZAMIENTO | BIMBA Y LOLA | Bolsa de mano en piel vacuna con microdiseño trenzado Mujer | $3,400.00"
El Palacio de Hierro,BIMBA Y LOLA,Bolsa crossbody lisa Mujer,,2400,https://www.elpalaciodehierro.com/bimba y lola bolsa mini chihuahua piel naranja sorbete mujer 45190231.html?cid=102005,"BIMBA Y LOLA | Bolsa mini Chihuahua piel naranja sorbete Mujer | $6,300.00 | $4,725.00"
El Palacio de Hierro,BIMBA Y LOLA,Bolsa crossbody lisa Mujer,5200,3900,https://www.elpalaciodehierro.com/bimba y lola bolsa mini crossbody  a rayas mujer 45244159.html?cid=102005,"BIMBA Y LOLA | Bolsa mini crossbody a rayas Mujer | $5,200.00"
El Palacio de Hierro,BIMBA Y LOLA,Bolsa crossbody lisa mujer,,5300,https://www.elpalaciodehierro.com/bimba y lola bolsa mini nylon coral mujer 45244163.html?cid=102005,"BIMBA Y LOLA | Bolsa mini nylon coral Mujer | $2,600.00 | $1,950.00"
El Palacio de Hierro,BIMBA Y LOLA,Bolsa crossbody lisa Mujer,,5600,https://www.elpalaciodehierro.com/bimba y lola bolsa mini nylon leopardo rosa mujer 45244196.html?cid=102005,"BIMBA Y LOLA | Bolsa mini nylon leopardo rosa Mujer | $1,750.00"
El Palacio de Hierro,BIMBA Y LOLA,Bolsa crossbody lisa Mujer,,4400,https://www.elpalaciodehierro.com/bimba y lola bolsa mini trenzada en piel mujer 45244157.html?cid=102005,"LANZAMIENTO | BIMBA Y LOLA | Bolsa mini trenzada en piel Mujer | $4,600.00"
El Palacio de Hierro,BIMBA Y LOLA,Bolsa crossbody liso Mujer,4600,3450,https://www.elpalaciodehierro.com/bimba y lola bolsa mini trenzado piel plata mujer 45190249.html?cid=102005,"LANZAMIENTO | BIMBA Y LOLA | Bolsa mini trenzado piel plata Mujer | $4,600.00"
El Palacio de Hierro,BIMBA Y LOLA,Bolsa crossbody mediana pocket blanco piedra Mujer,,4700,https://www.elpalaciodehierro.com/bimba y lola bolsa mini trenzado piel plateado mujer 45190243.html?cid=102005,"LANZAMIENTO | BIMBA Y LOLA | Bolsa mini trenzado piel plateado Mujer | $4,600.00"
El Palacio de Hierro,BIMBA Y LOLA,Bolsa Crossbody Mujer,,4600,https://www.elpalaciodehierro.com/bimba y lola bolsa paper mediana en piel mujer 44826464.html?cid=102005,"BIMBA Y LOLA | Bolsa Paper mediana en piel Mujer | $5,900.00 | $4,425.00"
El Palacio de Hierro,BIMBA Y LOLA,Bolsa crossbody nylon grafito Mujer,4600,3450,https://www.elpalaciodehierro.com/bimba y lola bolsa shopper chihuahua grande cafe mujer 45190258.html?cid=102005,"BIMBA Y LOLA | Bolsa shopper Chihuahua grande café Mujer | $5,500.00 | $4,125.00"
El Palacio de Hierro,BIMBA Y LOLA,Bolsa Crossbody Pocket lisa Mujer,,4600,https://www.elpalaciodehierro.com/bimba y lola bolsa shopper chihuahua mujer 45244181.html?cid=102005,"BIMBA Y LOLA | Bolsa shopper Chihuahua Mujer | $5,500.00 | $4,125.00"
El Palacio de Hierro,BIMBA Y LOLA,Bolsa crossbody trapecio mediano piel blanco roto Mujer,6600,4950,https://www.elpalaciodehierro.com/bimba y lola bolsa shopper grande trenzada en piel mujer 45190250.html?cid=102005,"LANZAMIENTO | BIMBA Y LOLA | Bolsa shopper grande trenzada en piel Mujer | $8,600.00"
El Palacio de Hierro,BIMBA Y LOLA,Bolsa de hombro Paper mediano piel amarillo pálido Mujer,,5500,https://www.elpalaciodehierro.com/bimba y lola bolsa shopper grande trenzado piel marron oscuro mujer 45244161.html?cid=102005,"BIMBA Y LOLA | Bolsa shopper grande trenzado piel marrón oscuro Mujer | $7,500.00"
El Palacio de Hierro,BIMBA Y LOLA,Bolsa de hombro Paper mediano piel negro Mujer,,5500,https://www.elpalaciodehierro.com/bimba y lola bolsa shoulder de piel paper bikini maxi lisa mujer 45281435.html?cid=102005,"BIMBA Y LOLA | Bolsa shoulder de piel Paper bikini maxi lisa Mujer | $11,700.00"
El Palacio de Hierro,BIMBA Y LOLA,Bolsa,,4400,https://www.elpalaciodehierro.com/bimba y lola bolsa shoulder lisa mujer 45190281.html?cid=102005,"BIMBA Y LOLA | Bolsa shoulder lisa Mujer | $4,400.00"
El Palacio de Hierro,BIMBA Y LOLA,Bolsa de mano en piel Mujer,,4900,https://www.elpalaciodehierro.com/bimba y lola bolsa shoulder moon mediano azul mujer 45190276.html?cid=102005,"BIMBA Y LOLA | Bolsa shoulder moon mediano azul Mujer | $2,950.00"
El Palacio de Hierro,BIMBA Y LOLA,Bolsa,,3400,https://www.elpalaciodehierro.com/bimba y lola bolsa tote en piel lisa mujer 45244119.html?cid=102005,"BIMBA Y LOLA | Bolsa tote en piel lisa Mujer | $9,500.00"
El Palacio de Hierro,BIMBA Y LOLA,Bolsa mini Chihuahua piel naranja sorbete Mujer,6300,4725,https://www.elpalaciodehierro.com/bimba y lola bolsa tote en piel lisa mujer 45281426.html?cid=102005,"BIMBA Y LOLA | Bolsa tote en piel lisa Mujer | $6,600.00"
El Palacio de Hierro,BIMBA Y LOLA,Bolsa mini crossbody a rayas Mujer,,5200,https://www.elpalaciodehierro.com/bimba y lola bolsa tote en piel lisa mujer 45281430.html?cid=102005,"BIMBA Y LOLA | Bolsa tote en piel lisa Mujer | $5,900.00"
El Palacio de Hierro,BIMBA Y LOLA,Bolsa mini nylon coral Mujer,2600,1950,https://www.elpalaciodehierro.com/bimba y lola bolsa tote en piel liso mujer 45190244.html?cid=102005,"BIMBA Y LOLA | Bolsa tote en piel liso Mujer | $5,900.00"
El Palacio de Hierro,BIMBA Y LOLA,Bolsa mini nylon leopardo rosa Mujer,,1750,https://www.elpalaciodehierro.com/bimba y lola bolsa tote en piel mujer 44807322.html?cid=102005,"BIMBA Y LOLA | Bolsa Tote en Piel Mujer | $7,900.00"
El Palacio de Hierro,BIMBA Y LOLA,Bolsa,,4600,https://www.elpalaciodehierro.com/bimba y lola bolsa tote en piel mujer 44807329.html?cid=102005,"BIMBA Y LOLA | Bolsa Tote en Piel Mujer | $6,600.00 | $4,620.00"
El Palacio de Hierro,BIMBA Y LOLA,Bolsa,,4600,https://www.elpalaciodehierro.com/bimba y lola bolsa tote en piel mujer 44826455.html?cid=102005,"BIMBA Y LOLA | Bolsa Tote en Piel Mujer | $5,900.00 | $4,130.00"
El Palacio de Hierro,BIMBA Y LOLA,Bolsa,,4600,https://www.elpalaciodehierro.com/bimba y lola bolsa tote estampada mujer 45190279.html?cid=102005,"BIMBA Y LOLA | Bolsa tote estampada Mujer | $2,950.00 | $2,212.50"
El Palacio de Hierro,BIMBA Y LOLA,Bolsa Paper mediana en piel Mujer,5900,4425,https://www.elpalaciodehierro.com/bimba y lola bolsa tote grande piel azul petroleo mujer 45131047.html?cid=102005,"BIMBA Y LOLA | Bolsa tote grande piel azul petróleo Mujer | $8,200.00 | $6,150.00"
El Palacio de Hierro,BIMBA Y LOLA,Bolsa shopper Chihuahua grande café Mujer,5500,4125,https://www.elpalaciodehierro.com/bimba y lola bolsa tote grande piel fucsia mujer 45131046.html?cid=102005,"BIMBA Y LOLA | Bolsa tote grande piel fucsia Mujer | $8,200.00 | $6,150.00"
El Palacio de Hierro,BIMBA Y LOLA,Bolsa shopper Chihuahua Mujer,5500,4125,https://www.elpalaciodehierro.com/bimba y lola bolsa tote lisa mujer 45190253.html?cid=102005,"BIMBA Y LOLA | Bolsa Tote lisa Mujer | $5,200.00"
El Palacio de Hierro,BALMAIN,Backpack plegable Grande con estampado Unisex,,8600,https://www.elpalaciodehierro.com/bimba y lola bolsa tote lisa mujer 45190272.html?cid=102005,"BIMBA Y LOLA | Bolsa tote lisa Mujer | $3,950.00"
El Palacio de Hierro,BIMBA Y LOLA,Bolsa shopper grande trenzado piel marrón oscuro Mujer,,7500,https://www.elpalaciodehierro.com/bimba y lola bolsa tote mediana piel avellana mujer 45190221.html?cid=102005,"BIMBA Y LOLA | Bolsa tote mediana piel avellana Mujer | $10,900.00 | $9,265.00"
El Palacio de Hierro,BIMBA Y LOLA,Bolsa shoulder de piel Paper bikini maxi lisa Mujer,,11700,https://www.elpalaciodehierro.com/bimba y lola bolsa tote mujer 45131040.html?cid=102005,"LANZAMIENTO | BIMBA Y LOLA | Bolsa Tote Mujer | $6,600.00"
El Palacio de Hierro,BIMBA Y LOLA,Bolsa shoulder lisa Mujer,,4400,https://www.elpalaciodehierro.com/bimba y lola bolsa trapecio nylon negro mujer 45190259.html?cid=102005,"BIMBA Y LOLA | Bolsa Trapecio nylon negro Mujer | $4,200.00"
El Palacio de Hierro,BIMBA Y LOLA,Bolsa shoulder moon mediano azul Mujer,,2950,https://www.elpalaciodehierro.com/bimba y lola bolso crossbody diseno solido mujer 45244153.html?cid=102005,"LANZAMIENTO | BIMBA Y LOLA | Bolso crossbody diseño sólido Mujer | $6,200.00"
El Palacio de Hierro,BIMBA Y LOLA,Bolsa tote en piel lisa Mujer,,9500,https://www.elpalaciodehierro.com/bimba y lola bolso crossbody mediano rafia natural mujer 45281456.html?cid=102005,"BIMBA Y LOLA | Bolso crossbody mediano rafia natural Mujer | $5,600.00"
El Palacio de Hierro,BIMBA Y LOLA,Bolsa tote en piel lisa Mujer,,6600,https://www.elpalaciodehierro.com/bimba y lola bolso crossbody multibolsillos mediano negro mujer 44040024.html?cid=102005,"BIMBA Y LOLA | Bolso crossbody multibolsillos mediano negro Mujer | $4,400.00 | $3,080.00"
El Palacio de Hierro,BIMBA Y LOLA,Bolsa tote en piel lisa Mujer,,5900,https://www.elpalaciodehierro.com/bimba y lola bolso mini nylon grafito mujer 45190251.html?cid=102005,"BIMBA Y LOLA | Bolso mini nylon grafito Mujer | $2,950.00 | $2,212.50"
El Palacio de Hierro,BIMBA Y LOLA,Bolsa tote en piel liso Mujer,,5900,https://www.elpalaciodehierro.com/bimba y lola bolso mini trenzado piel plata mujer 45244146.html?cid=102005,"LANZAMIENTO | BIMBA Y LOLA | Bolso mini trenzado piel plata Mujer | $2,950.00"
El Palacio de Hierro,BIMBA Y LOLA,Bolsa Tote en Piel Mujer,,7900,https://www.elpalaciodehierro.com/bimba y lola bolso shoulder paper mediano piel blanco roto mujer 45244126.html?cid=102005,"BIMBA Y LOLA | Bolso shoulder Paper mediano piel blanco roto Mujer | $5,500.00"
El Palacio de Hierro,BIMBA Y LOLA,Bolsa Tote en Piel Mujer,6600,4620,https://www.elpalaciodehierro.com/bimba y lola bolso trapecio mediano piel blanco mujer 45190224.html?cid=102005,"BIMBA Y LOLA | Bolso Trapecio mediano piel blanco Mujer | $6,200.00"
El Palacio de Hierro,BIMBA Y LOLA,Bolsa Tote en Piel Mujer,5900,4130,https://www.elpalaciodehierro.com/bimba y lola cartera compacta banana mujer 45190288.html?cid=102005,"BIMBA Y LOLA | Cartera compacta banana Mujer | $2,500.00 | $1,875.00"
El Palacio de Hierro,BIMBA Y LOLA,Bolsa tote estampada Mujer,2950,2212.5,https://www.elpalaciodehierro.com/bimba y lola cartera compacta grabado cocodrilo rosa oscuro mujer 45190287.html?cid=102005,"BIMBA Y LOLA | Cartera compacta grabado cocodrilo rosa oscuro Mujer | $2,000.00 | $1,700.00"
El Palacio de Hierro,BIMBA Y LOLA,Bolsa tote grande piel azul petróleo Mujer,8200,6150,https://www.elpalaciodehierro.com/bimba y lola cartera compacta nylon grafito mujer 45190299.html?cid=102005,"BIMBA Y LOLA | Cartera compacta nylon grafito Mujer | $1,900.00 | $1,425.00"
El Palacio de Hierro,BIMBA Y LOLA,Bolsa tote grande piel fucsia Mujer,8200,6150,https://www.elpalaciodehierro.com/bimba y lola cartera compacta nylon mujer 45244230.html?cid=102005,"BIMBA Y LOLA | Cartera compacta nylon Mujer | $1,900.00"
El Palacio de Hierro,BIMBA Y LOLA,Bolsa Tote lisa Mujer,,5200,https://www.elpalaciodehierro.com/bimba y lola cartera compacta palms mujer 45190294.html?cid=102005,"BIMBA Y LOLA | Cartera compacta Palms Mujer | $2,500.00"
El Palacio de Hierro,BIMBA Y LOLA,Bolsa tote lisa Mujer,,3950,https://www.elpalaciodehierro.com/bimba y lola cartera compacta textura brillo print bimba logos rosa baya mujer 45190306.html?cid=102005,"BIMBA Y LOLA | Cartera compacta textura brillo print Bimba logos rosa baya Mujer | $2,000.00 | $1,500.00"
El Palacio de Hierro,BIMBA Y LOLA,Bolsa tote mediana piel avellana Mujer,10900,9265,https://www.elpalaciodehierro.com/bimba y lola cartera con logotipo mujer 45244234.html?cid=102005,"BIMBA Y LOLA | Cartera con logotipo Mujer | $1,400.00"
El Palacio de Hierro,BIMBA Y LOLA,Bolsa,,6600,https://www.elpalaciodehierro.com/bimba y lola cartera con solapa bimba logo amarillo purpura mujer 45190307.html?cid=102005,"BIMBA Y LOLA | Cartera con solapa Bimba logo amarillo púrpura Mujer | $1,900.00 | $1,425.00"
El Palacio de Hierro,BIMBA Y LOLA,Bolsa Trapecio nylon negro Mujer,,4200,https://www.elpalaciodehierro.com/bimba y lola cartera con solapa bimba logo rosa baya mujer 45190308.html?cid=102005,"BIMBA Y LOLA | Cartera con solapa Bimba logo rosa baya Mujer | $1,900.00 | $1,425.00"
El Palacio de Hierro,BIMBA Y LOLA,Bolsa,,6200,https://www.elpalaciodehierro.com/bimba y lola cartera con solapa lisa mujer 45244229.html?cid=102005,"BIMBA Y LOLA | Cartera con solapa lisa Mujer | $2,050.00"
El Palacio de Hierro,BIMBA Y LOLA,Bolso crossbody mediano rafia natural Mujer,,5600,https://www.elpalaciodehierro.com/bimba y lola cartera estampada mujer 45023954.html?cid=102005,"BIMBA Y LOLA | Cartera estampada Mujer | $2,400.00"
El Palacio de Hierro,BIMBA Y LOLA,Bolso crossbody multibolsillos mediano negro Mujer,4400,3080,https://www.elpalaciodehierro.com/bimba y lola cartera grande coral mujer 45244248.html?cid=102005,"BIMBA Y LOLA | Cartera grande coral Mujer | $2,600.00 | $1,950.00"
El Palacio de Hierro,BIMBA Y LOLA,Bolso mini nylon grafito Mujer,2950,2212.5,https://www.elpalaciodehierro.com/bimba y lola cartera grande grafito mujer 45244247.html?cid=102005,"BIMBA Y LOLA | Cartera grande grafito Mujer | $2,600.00 | $1,950.00"
El Palacio de Hierro,BIMBA Y LOLA,Bolsa,,2950,https://www.elpalaciodehierro.com/bimba y lola cartera lisa mujer 45244226.html?cid=102005,"BIMBA Y LOLA | Cartera lisa Mujer | $1,750.00"
El Palacio de Hierro,BIMBA Y LOLA,Bolso shoulder Paper mediano piel blanco roto Mujer,,5500,https://www.elpalaciodehierro.com/bimba y lola cartera mediana blanca piedra mujer 45190333.html?cid=102005,"BIMBA Y LOLA | Cartera mediana blanca piedra Mujer | $2,400.00 | $1,800.00"
El Palacio de Hierro,BIMBA Y LOLA,Bolso Trapecio mediano piel blanco Mujer,,6200,https://www.elpalaciodehierro.com/bimba y lola cartera mediana camel mujer 45244246.html?cid=102005,"BIMBA Y LOLA | Cartera mediana camel Mujer | $2,400.00"
El Palacio de Hierro,BIMBA Y LOLA,Cartera compacta banana Mujer,2500,1875,https://www.elpalaciodehierro.com/bimba y lola cartera solapa nylon camel mujer 45190295.html?cid=102005,"BIMBA Y LOLA | Cartera solapa nylon camel Mujer | $2,050.00"
El Palacio de Hierro,BIMBA Y LOLA,Cartera compacta grabado cocodrilo rosa oscuro Mujer,2000,1700,https://www.elpalaciodehierro.com/bimba y lola cartera solapa nylon mujer 45244224.html?cid=102005,"BIMBA Y LOLA | Cartera solapa nylon Mujer | $2,050.00 | $1,537.50"
El Palacio de Hierro,BIMBA Y LOLA,Cartera compacta nylon grafito Mujer,1900,1425,https://www.elpalaciodehierro.com/bimba y lola cartera solapa pequena piel nuez mujer 45190293.html?cid=102005,"BIMBA Y LOLA | Cartera solapa pequeña piel nuez Mujer | $2,550.00"
El Palacio de Hierro,BIMBA Y LOLA,Cartera compacta nylon Mujer,,1900,https://www.elpalaciodehierro.com/bimba y lola cartera solapa textura brillo print bimba logos verde pastel mujer 45190304.html?cid=102005,"BIMBA Y LOLA | Cartera solapa textura brillo print Bimba logos verde pastel Mujer | $2,300.00 | $1,725.00"
El Palacio de Hierro,BIMBA Y LOLA,Cartera compacta Palms Mujer,,2500,https://www.elpalaciodehierro.com/bimba y lola cosmetiquera grande piel palms mujer 45190340.html?cid=102005,"BIMBA Y LOLA | Cosmetiquera grande piel Palms Mujer | $2,550.00 | $2,167.50"
El Palacio de Hierro,BIMBA Y LOLA,Cartera compacta textura brillo print Bimba logos rosa baya Mujer,2000,1500,https://www.elpalaciodehierro.com/bimba y lola cosmetiquera nylon leopardo natural mujer 45244269.html?cid=102005,"BIMBA Y LOLA | Cosmetiquera nylon leopardo natural Mujer | $1,750.00 | $1,312.50"
El Palacio de Hierro,BIMBA Y LOLA,Cartera con logotipo Mujer,,1400,https://www.elpalaciodehierro.com/bimba y lola cosmetiquera nylon verde manzana mujer 45190353.html?cid=102005,"BIMBA Y LOLA | Cosmetiquera nylon verde manzana Mujer | $1,300.00"
El Palacio de Hierro,BIMBA Y LOLA,Cartera con solapa Bimba logo amarillo púrpura Mujer,1900,1425,https://www.elpalaciodehierro.com/bimba y lola cosmetiquera sobre cremallera mediano en piel lisa mujer 45244256.html?cid=102005,"LANZAMIENTO | BIMBA Y LOLA | Cosmetiquera sobre cremallera mediano en piel lisa Mujer | $2,300.00"
El Palacio de Hierro,BIMBA Y LOLA,Cartera con solapa Bimba logo rosa baya Mujer,1900,1425,https://www.elpalaciodehierro.com/bimba y lola cosmetiquera trapecio nylon leopardo natural mujer 45244271.html?cid=102005,"BIMBA Y LOLA | Cosmetiquera trapecio nylon leopardo natural Mujer | $1,500.00 | $1,275.00"
El Palacio de Hierro,BIMBA Y LOLA,Cartera con solapa lisa Mujer,,2050,https://www.elpalaciodehierro.com/bimba y lola estuche nylon verde mujer 45190351.html?cid=102005,"BIMBA Y LOLA | Estuche nylon verde Mujer | $1,300.00"
El Palacio de Hierro,BIMBA Y LOLA,Cartera estampada Mujer,,2400,https://www.elpalaciodehierro.com/bimba y lola minibolsa piel negro mujer 45190233.html?cid=102005,"BIMBA Y LOLA | MiniBolsa piel negro Mujer | $3,600.00"
El Palacio de Hierro,BIMBA Y LOLA,Cartera grande coral Mujer,2600,1950,https://www.elpalaciodehierro.com/bimba y lola mochila casual mujer 45190312.html?cid=102005,"BIMBA Y LOLA | Mochila casual Mujer | $5,500.00 | $4,125.00"
El Palacio de Hierro,BIMBA Y LOLA,Cartera grande grafito Mujer,2600,1950,https://www.elpalaciodehierro.com/bimba y lola mochila mujer 45244236.html?cid=102005,"BIMBA Y LOLA | Mochila Mujer | $5,500.00"
El Palacio de Hierro,BIMBA Y LOLA,Cartera lisa Mujer,,1750,https://www.elpalaciodehierro.com/bimba y lola mochila pocket mujer 45244235.html?cid=102005,"BIMBA Y LOLA | Mochila Pocket Mujer | $5,500.00"
El Palacio de Hierro,BIMBA Y LOLA,Cartera mediana blanca piedra Mujer,2400,1800,https://www.elpalaciodehierro.com/bimba y lola monedero en piel coral liso mujer 45190317.html?cid=102005,"BIMBA Y LOLA | Monedero en piel coral liso Mujer | $1,750.00"
El Palacio de Hierro,BIMBA Y LOLA,Cartera mediana camel Mujer,,2400,https://www.elpalaciodehierro.com/bimba y lola monedero en piel liso mujer 45244242.html?cid=102005,"BIMBA Y LOLA | Monedero en piel liso Mujer | $1,700.00"
El Palacio de Hierro,BIMBA Y LOLA,Cartera solapa nylon camel Mujer,,2050,https://www.elpalaciodehierro.com/bimba y lola monedero en piel marfil liso mujer 45190315.html?cid=102005,"BIMBA Y LOLA | Monedero en piel marfil liso Mujer | $2,000.00"
El Palacio de Hierro,BIMBA Y LOLA,Cartera solapa nylon Mujer,2050,1537.5,https://www.elpalaciodehierro.com/bimba y lola monedero estampado mujer 45244252.html?cid=102005,"BIMBA Y LOLA | Monedero estampado Mujer | $2,400.00 | $1,800.00"
El Palacio de Hierro,BIMBA Y LOLA,Cartera solapa pequeña piel nuez Mujer,,2550,https://www.elpalaciodehierro.com/bimba y lola monedero horizontal mediana piel palms arena mujer 45190320.html?cid=102005,"BIMBA Y LOLA | Monedero horizontal mediana piel Palms arena Mujer | $3,300.00 | $2,805.00"
El Palacio de Hierro,BIMBA Y LOLA,Cartera solapa textura brillo print Bimba logos verde pastel Mujer,2300,1725,https://www.elpalaciodehierro.com/bimba y lola monedero horizontal mediana rojo intenso mujer 45190314.html?cid=102005,"BIMBA Y LOLA | Monedero horizontal mediana rojo intenso Mujer | $3,300.00"
El Palacio de Hierro,BIMBA Y LOLA,Cosmetiquera grande piel Palms Mujer,2550,2167.5,https://www.elpalaciodehierro.com/bimba y lola monedero liso mujer 45190316.html?cid=102005,"BIMBA Y LOLA | Monedero liso Mujer | $2,000.00"
El Palacio de Hierro,BIMBA Y LOLA,Cosmetiquera nylon leopardo natural Mujer,1750,1312.5,https://www.elpalaciodehierro.com/bimba y lola monedero nylon coral mujer 45190323.html?cid=102005,"BIMBA Y LOLA | Monedero nylon coral Mujer | $1,200.00 | $900.00"
El Palacio de Hierro,BIMBA Y LOLA,Cosmetiquera nylon verde manzana Mujer,,1300,https://www.elpalaciodehierro.com/bimba y lola monedero nylon grafito mujer 45190322.html?cid=102005,"BIMBA Y LOLA | Monedero nylon grafito Mujer | $1,200.00 | $900.00"
El Palacio de Hierro,BIMBA Y LOLA,Bolsa,,2300,https://www.elpalaciodehierro.com/bimba y lola monedero nylon leopardo natural mujer 45244249.html?cid=102005,"BIMBA Y LOLA | Monedero nylon leopardo natural Mujer | $1,200.00 | $900.00"
El Palacio de Hierro,BIMBA Y LOLA,Cosmetiquera trapecio nylon leopardo natural Mujer,1500,1275,https://www.elpalaciodehierro.com/bimba y lola monedero nylon leopardo natural mujer 45244250.html?cid=102005,"BIMBA Y LOLA | Monedero nylon leopardo natural Mujer | $1,700.00 | $1,445.00"
El Palacio de Hierro,BIMBA Y LOLA,Estuche nylon verde Mujer,,1300,https://www.elpalaciodehierro.com/bimba y lola monedero textura brillo print bimba logos rosa baya mujer 45190337.html?cid=102005,"BIMBA Y LOLA | Monedero textura brillo print Bimba logos rosa baya Mujer | $1,300.00 | $975.00"
El Palacio de Hierro,BIMBA Y LOLA,MiniBolsa piel negro Mujer,,3600,https://www.elpalaciodehierro.com/bimba y lola neceser nylon grafito mujer 45190341.html?cid=102005,"BIMBA Y LOLA | Neceser nylon grafito Mujer | $1,750.00 | $1,312.50"
El Palacio de Hierro,BIMBA Y LOLA,Mochila casual Mujer,5500,4125,https://www.elpalaciodehierro.com/bimba y lola neceser trapecio nylon camel mujer 45190344.html?cid=102005,"BIMBA Y LOLA | Neceser trapecio nylon camel Mujer | $1,400.00"
El Palacio de Hierro,BIMBA Y LOLA,Mochila Mujer,,5500,https://www.elpalaciodehierro.com/bimba y lola set 6 pulseras cristal corazon tricolor mujer 45240821.html?cid=102005,"BIMBA Y LOLA | Set 6 pulseras cristal corazón tricolor Mujer | $1,800.00 | $1,350.00"
El Palacio de Hierro,BIMBA Y LOLA,Mochila Pocket Mujer,,5500,https://www.elpalaciodehierro.com/bimba y lola tarjetero estampado mujer 45023961.html?cid=102005,"BIMBA Y LOLA | Tarjetero estampado Mujer | $2,000.00"
El Palacio de Hierro,BIMBA Y LOLA,Monedero en piel coral liso Mujer,,1750,https://www.elpalaciodehierro.com/bimba y lola tarjetero grabado cocodrilo mujer 45190358.html?cid=102005,"BIMBA Y LOLA | Tarjetero grabado cocodrilo Mujer | $1,300.00 | $1,105.00"
El Palacio de Hierro,BIMBA Y LOLA,Monedero en piel liso Mujer,,1700,https://www.elpalaciodehierro.com/bimba y lola tarjetero monedero grabado cocodrilo rosa oscuro mujer 45190292.html?cid=102005,"BIMBA Y LOLA | Tarjetero monedero grabado cocodrilo rosa oscuro Mujer | $1,500.00 | $1,275.00"
El Palacio de Hierro,BIMBA Y LOLA,Monedero en piel marfil liso Mujer,,2000,https://www.elpalaciodehierro.com/bimba y lola tarjetero monedero textura brillo print bimba logo amarillo purpura mujer 45190309.html?cid=102005,"BIMBA Y LOLA | Tarjetero monedero textura brillo print Bimba logo amarillo púrpura Mujer | $1,500.00 | $1,125.00"
El Palacio de Hierro,BIMBA Y LOLA,Monedero estampado Mujer,2400,1800,https://www.elpalaciodehierro.com/bimba y lola tarjetero monedero textura brillo print bimba logos rosa baya mujer 45190310.html?cid=102005,"BIMBA Y LOLA | Tarjetero monedero textura brillo print Bimba logos rosa baya Mujer | $1,500.00 | $1,125.00"
El Palacio de Hierro,BIMBA Y LOLA,Monedero horizontal mediana piel Palms arena Mujer,3300,2805,https://www.elpalaciodehierro.com/bimba y lola tarjetero pequeno en piel mujer 45244291.html?cid=102005,"BIMBA Y LOLA | Tarjetero pequeño en piel Mujer | $1,500.00 | $1,275.00"
El Palacio de Hierro,BIMBA Y LOLA,Monedero horizontal mediana rojo intenso Mujer,,3300,https://www.elpalaciodehierro.com/bimba y lola tarjetero piel palm arena mujer 45244294.html?cid=102005,"BIMBA Y LOLA | Tarjetero piel palm arena Mujer | $1,750.00 | $1,487.50"
El Palacio de Hierro,BIMBA Y LOLA,Monedero liso Mujer,,2000,https://www.elpalaciodehierro.com/bimba y lola tarjetero textura brillo print bimba logo amarillo purpura mujer 45190359.html?cid=102005,"BIMBA Y LOLA | Tarjetero textura brillo print Bimba logo amarillo púrpura Mujer | $1,300.00 | $975.00"
El Palacio de Hierro,BIMBA Y LOLA,Monedero nylon coral Mujer,1200,900,https://www.elpalaciodehierro.com/born bolsa hobo mujer 44819122.html?cid=102005,"MÁS BUSCADO | BORN | Bolsa hobo Mujer | $1,750.00 | $1,225.00"
El Palacio de Hierro,BIMBA Y LOLA,Monedero nylon grafito Mujer,1200,900,https://www.elpalaciodehierro.com/born bolsa tote para laptop mujer 44819119.html?cid=102005,"MÁS BUSCADO | BORN | Bolsa Tote para Laptop Mujer | $2,090.00 | $1,463.00"
El Palacio de Hierro,BIMBA Y LOLA,Monedero nylon leopardo natural Mujer,1200,900,https://www.elpalaciodehierro.com/boss bolsa tote en piel lisa mujer 45126199.html?cid=102005,"MESES SIN INTERESES | BOSS | Bolsa tote en piel lisa Mujer | $8,290.00"
El Palacio de Hierro,BIMBA Y LOLA,Monedero nylon leopardo natural Mujer,1700,1445,https://www.elpalaciodehierro.com/boss cartera boss pequena granulada con monograma double b mujer 44486498.html?cid=102005,"MESES SIN INTERESES | BOSS | Cartera Boss pequeña granulada con monograma Double B Mujer | $2,490.00"
El Palacio de Hierro,BIMBA Y LOLA,Monedero textura brillo print Bimba logos rosa baya Mujer,1300,975,https://www.elpalaciodehierro.com/bottega veneta bolsa andiamo 44963046.html?cid=102005,"BOTTEGA VENETA | Bolsa Andiamo | $182,400.00"
El Palacio de Hierro,BIMBA Y LOLA,Neceser nylon grafito Mujer,1750,1312.5,https://www.elpalaciodehierro.com/bottega veneta bolsa andiamo 44963049.html?cid=102005,"BOTTEGA VENETA | Bolsa Andiamo | $100,450.00"
El Palacio de Hierro,BIMBA Y LOLA,Neceser trapecio nylon camel Mujer,,1400,https://www.elpalaciodehierro.com/bottega veneta bolsa jodie mujer 45061628.html?cid=102005,"BOTTEGA VENETA | Bolsa Jodie Mujer | $67,650.00"
El Palacio de Hierro,BIMBA Y LOLA,Set 6 pulseras cristal corazón tricolor Mujer,1800,1350,https://www.elpalaciodehierro.com/bottega veneta bolsa mini loop mujer 45061626.html?cid=102005,"BOTTEGA VENETA | Bolsa Mini Loop Mujer | $55,350.00"
El Palacio de Hierro,BIMBA Y LOLA,Tarjetero estampado Mujer,,2000,https://www.elpalaciodehierro.com/bottega veneta bolsa parachute 44963045.html?cid=102005,"BOTTEGA VENETA | Bolsa Parachute | $104,550.00"
El Palacio de Hierro,BIMBA Y LOLA,Tarjetero grabado cocodrilo Mujer,1300,1105,https://www.elpalaciodehierro.com/bottega veneta bolsa sardine mujer 45061621.html?cid=102005,"BOTTEGA VENETA | Bolsa Sardine Mujer | $106,600.00"
El Palacio de Hierro,BIMBA Y LOLA,Tarjetero monedero grabado cocodrilo rosa oscuro Mujer,1500,1275,https://www.elpalaciodehierro.com/bottega veneta neceser bang bang 44963034.html?cid=102005,"BOTTEGA VENETA | Neceser Bang Bang | $67,200.00"
El Palacio de Hierro,BIMBA Y LOLA,Tarjetero monedero textura brillo print Bimba logo amarillo púrpura Mujer,1500,1125,https://www.elpalaciodehierro.com/brownie bolsa crossbody con remaches mujer 45180324.html?cid=102005,"MESES SIN INTERESES | BROWNIE | Bolsa crossbody con remaches Mujer | $1,799.00"
El Palacio de Hierro,BIMBA Y LOLA,Tarjetero monedero textura brillo print Bimba logos rosa baya Mujer,1500,1125,https://www.elpalaciodehierro.com/brownie bolsa crossbody en cuero mujer 45166091.html?cid=102005,"MESES SIN INTERESES | BROWNIE | Bolsa crossbody en cuero Mujer | $1,299.00"
El Palacio de Hierro,BIMBA Y LOLA,Tarjetero pequeño en piel Mujer,1500,1275,https://www.elpalaciodehierro.com/brownie bolsa crossbody en piel lisa mujer 45234460.html?cid=102005,"MESES SIN INTERESES | BROWNIE | Bolsa crossbody en piel lisa Mujer | $1,599.00"
El Palacio de Hierro,BIMBA Y LOLA,Tarjetero piel palm arena Mujer,1750,1487.5,https://www.elpalaciodehierro.com/brownie bolsa crossbody en piel mujer 44817490.html?cid=102005,"MESES SIN INTERESES | BROWNIE | Bolsa Crossbody en piel Mujer | $1,599.00"
El Palacio de Hierro,BIMBA Y LOLA,Tarjetero textura brillo print Bimba logo amarillo púrpura Mujer,1300,975,https://www.elpalaciodehierro.com/brownie bolsa shoulder con estoperoles mujer 45166225.html?cid=102005,"MESES SIN INTERESES | BROWNIE | Bolsa shoulder con estoperoles Mujer | $1,149.00"
El Palacio de Hierro,MÁS BUSCADO,BORN,1750,1225,https://www.elpalaciodehierro.com/brownie bolsa shoulder en piel lisa mujer 45311484.html?cid=102005,"MESES SIN INTERESES | BROWNIE | Bolsa shoulder en piel lisa Mujer | $1,799.00"
El Palacio de Hierro,MÁS BUSCADO,BORN,2090,1463,https://www.elpalaciodehierro.com/brownie bolsa shoulder en piel lisa mujer 45337199.html?cid=102005,"MESES SIN INTERESES | BROWNIE | Bolsa shoulder en piel lisa Mujer | $1,299.00"
El Palacio de Hierro,BOSS,Bolsa tote en piel lisa Mujer,,8290,https://www.elpalaciodehierro.com/brownie cartera en piel mujer 44831209.html?cid=102005,MESES SIN INTERESES | BROWNIE | Cartera en piel Mujer | $799.00
El Palacio de Hierro,BOSS,Cartera Boss pequeña granulada con monograma Double B Mujer,,2490,https://www.elpalaciodehierro.com/brownie cartera fantasia con remaches mujer 45180326.html?cid=102005,MESES SIN INTERESES | BROWNIE | Cartera fantasía con remaches Mujer | $849.00
El Palacio de Hierro,BOTTEGA VENETA,Bolsa Andiamo,,182400,https://www.elpalaciodehierro.com/brownie monedero en cuero liso mujer 45358069.html?cid=102005,MESES SIN INTERESES | BROWNIE | Monedero en cuero liso Mujer | $849.00
El Palacio de Hierro,BOTTEGA VENETA,Bolsa Andiamo,,100450,https://www.elpalaciodehierro.com/burberry bolsa b clip mini 45292972.html?cid=102005,"BURBERRY | Bolsa B Clip Mini | $39,990.00"
El Palacio de Hierro,BOTTEGA VENETA,Bolsa Jodie Mujer,,67650,https://www.elpalaciodehierro.com/burberry bolsa check 44926648.html?cid=102005,"BURBERRY | Bolsa Check | $32,990.00"
El Palacio de Hierro,BOTTEGA VENETA,Bolsa Mini Loop Mujer,,55350,https://www.elpalaciodehierro.com/burberry bolsa crossbody en piel liso mujer 45351500.html,"NUEVA TEMPORADA | BURBERRY | Bolsa crossbody en piel liso Mujer | $29,990.00"
El Palacio de Hierro,BOTTEGA VENETA,Bolsa Parachute,,104550,https://www.elpalaciodehierro.com/burberry bolsa mini bowling check 44926646.html?cid=102005,"BURBERRY | Bolsa Mini Bowling Check | $28,990.00"
El Palacio de Hierro,BOTTEGA VENETA,Bolsa Sardine Mujer,,106600,https://www.elpalaciodehierro.com/burberry bolsa pequena tote en piel vacuna cotswolds granulada mujer 44693343.html?cid=102005,"BURBERRY | Bolsa pequeña tote en piel vacuna Cotswolds granulada Mujer | $45,990.00"
El Palacio de Hierro,BOTTEGA VENETA,Neceser Bang Bang,,67200,https://www.elpalaciodehierro.com/burberry minibolsa shoulder highlands con cuadros mujer 44693325.html?cid=102005,"BURBERRY | Minibolsa shoulder Highlands con cuadros Mujer | $19,990.00"
El Palacio de Hierro,BROWNIE,Bolsa crossbody con remaches Mujer,,1799,https://www.elpalaciodehierro.com/chanel eau de parfum vaporizador para el bolso 3 x 20 ml 18151634.html?cid=102005,"CHANEL | EAU DE PARFUM VAPORIZADOR PARA EL BOLSO, 3 X 20 ML | $3,390.00"
El Palacio de Hierro,BROWNIE,Bolsa crossbody en cuero Mujer,,1299,https://www.elpalaciodehierro.com/chloe bolsa chloe carry small 44978716.html?cid=102005,"NUEVA TEMPORADA | CHLOÉ | Bolsa Chloé Carry Small | $26,200.00 | $18,340.00"
El Palacio de Hierro,BROWNIE,Bolsa crossbody en piel lisa Mujer,,1599,https://www.elpalaciodehierro.com/chloe bolsa chloe spin medium 44978758.html?cid=102005,"NUEVA TEMPORADA | CHLOÉ | Bolsa Chloé Spin Medium | $36,700.00 | $25,690.00"
El Palacio de Hierro,BROWNIE,Bolsa Crossbody en piel Mujer,,1599,https://www.elpalaciodehierro.com/chloe bolsa chloe spin small 44978706.html?cid=102005,"NUEVA TEMPORADA | CHLOÉ | Bolsa Chloé Spin Small | $28,800.00 | $20,160.00"
El Palacio de Hierro,BROWNIE,Bolsa shoulder con estoperoles Mujer,,1149,https://www.elpalaciodehierro.com/chloe bolsa crossbody en piel marcie saddle granulada mujer 44978712.html?cid=102005,"NUEVA TEMPORADA | CHLOÉ | Bolsa Crossbody en piel Marcie Saddle granulada Mujer | $28,800.00"
El Palacio de Hierro,BROWNIE,Bolsa shoulder en piel lisa Mujer,,1799,https://www.elpalaciodehierro.com/chloe bolsa icons 45159048.html?cid=102005,"NUEVA TEMPORADA | CHLOÉ | Bolsa Icons | $25,100.00 | $17,570.00"
El Palacio de Hierro,BROWNIE,Bolsa shoulder en piel lisa Mujer,,1299,https://www.elpalaciodehierro.com/chloe bolsa icons small 44978722.html?cid=102005,"NUEVA TEMPORADA | CHLOÉ | Bolsa Icons Small | $28,800.00 | $20,160.00"
El Palacio de Hierro,BROWNIE,Cartera en piel Mujer,,799,https://www.elpalaciodehierro.com/chloe bolsa marcie saddle mini mujer 44978714.html?cid=102005,"NUEVA TEMPORADA | CHLOÉ | Bolsa Marcie Saddle Mini Mujer | $28,800.00 | $20,160.00"
El Palacio de Hierro,BROWNIE,Cartera fantasía con remaches Mujer,,849,https://www.elpalaciodehierro.com/chloe bolsa marcie small mujer 44978724.html?cid=102005,"NUEVA TEMPORADA | CHLOÉ | Bolsa Marcie Small Mujer | $47,200.00"
El Palacio de Hierro,BROWNIE,Monedero en cuero liso Mujer,,849,https://www.elpalaciodehierro.com/chloe bolsa spin small 44978775.html?cid=102005,"NUEVA TEMPORADA | CHLOÉ | Bolsa Spin Small | $28,800.00 | $20,160.00"
El Palacio de Hierro,BURBERRY,Bolsa B Clip Mini,,39990,https://www.elpalaciodehierro.com/chloe bolsa tote en piel mujer 44479522.html?cid=102005,"CHLOÉ | Bolsa Tote en Piel Mujer | $43,900.00"
El Palacio de Hierro,BURBERRY,Bolsa Check,,32990,https://www.elpalaciodehierro.com/chloe bolsa tote mujer 44484534.html?cid=102005,"CHLOÉ | Bolsa Tote Mujer | $35,800.00 | $14,320.00"
El Palacio de Hierro,NUEVA TEMPORADA,BURBERRY,,29990,https://www.elpalaciodehierro.com/chloe bolsa woody 45158448.html?cid=102005,"NUEVA TEMPORADA | CHLOÉ | Bolsa Woody | $27,700.00 | $19,390.00"
El Palacio de Hierro,BURBERRY,Bolsa Mini Bowling Check,,28990,https://www.elpalaciodehierro.com/chloe cartera en piel envelope mujer 44978762.html?cid=102005,"NUEVA TEMPORADA | CHLOÉ | Cartera en piel Envelope Mujer | $13,900.00 | $9,730.00"
El Palacio de Hierro,BURBERRY,Bolsa pequeña tote en piel vacuna Cotswolds granulada Mujer,,45990,https://www.elpalaciodehierro.com/cloe backpack plegable grande con estampado unisex 44895452.html?cid=102005,MESES SIN INTERESES | CLÓE | Backpack plegable Grande con estampado Unisex | $999.00 | $649.35
El Palacio de Hierro,BURBERRY,Minibolsa shoulder Highlands con cuadros Mujer,,19990,https://www.elpalaciodehierro.com/cloe backpack plegable grande lisa mujer 44895453.html?cid=102005,MESES SIN INTERESES | CLÓE | Backpack plegable grande lisa Mujer | $999.00 | $649.35
El Palacio de Hierro,CHANEL,"EAU DE PARFUM VAPORIZADOR PARA EL BOLSO, 3 X 20 ML",,3390,https://www.elpalaciodehierro.com/cloe bolsa messenger gris mujer%C2%A0 45240291.html?cid=102005,"MESES SIN INTERESES | CLÓE | Bolsa Messenger gris Mujer | $2,699.00"
El Palacio de Hierro,NUEVA TEMPORADA,CHLOÉ,26200,18340,https://www.elpalaciodehierro.com/cloe bolsa messenger rosa mujer%C2%A0 45240292.html?cid=102005,"MESES SIN INTERESES | CLÓE | Bolsa Messenger rosa Mujer | $2,699.00"
El Palacio de Hierro,NUEVA TEMPORADA,CHLOÉ,36700,25690,https://www.elpalaciodehierro.com/cloe bolsa tote negra olive estampada mujer 45423743.html?cid=102005,"CLÓE | Bolsa Tote Negra Olive Estampada Mujer | $2,900.00"
El Palacio de Hierro,NUEVA TEMPORADA,CHLOÉ,28800,20160,https://www.elpalaciodehierro.com/cloe cangurera secreta unisex 44876419.html?cid=102005,MESES SIN INTERESES | CLÓE | Cangurera Secreta Unisex | $369.00 | $239.85
El Palacio de Hierro,NUEVA TEMPORADA,CHLOÉ,,28800,https://www.elpalaciodehierro.com/cloe mochila para computo 16 negra unisex 45087321.html?cid=102005,"MESES SIN INTERESES | CLÓE | Mochila para cómputo 16"" negra Unisex | $2,999.00 | $2,099.30"
El Palacio de Hierro,NUEVA TEMPORADA,CHLOÉ,25100,17570,https://www.elpalaciodehierro.com/cloe mochila plegable grande unisex 44876734.html?cid=102005,MESES SIN INTERESES | CLÓE | Mochila Plegable Grande Unisex | $999.00 | $649.35
El Palacio de Hierro,NUEVA TEMPORADA,CHLOÉ,28800,20160,https://www.elpalaciodehierro.com/cloe mochila plegable unisex 44876735.html?cid=102005,MESES SIN INTERESES | CLÓE | Mochila Plegable Unisex | $799.00 | $519.35
El Palacio de Hierro,NUEVA TEMPORADA,CHLOÉ,28800,20160,https://www.elpalaciodehierro.com/cloe mochila porta laptop mujer%C2%A0 45240293.html?cid=102005,"MESES SIN INTERESES | CLÓE | Mochila Porta Laptop Mujer | $2,799.00"
El Palacio de Hierro,NUEVA TEMPORADA,CHLOÉ,,47200,https://www.elpalaciodehierro.com/coach bolsa bucket cafe en piel bleecker lisa mujer 44987963.html?cid=102005,"MESES SIN INTERESES | COACH | Bolsa bucket café en piel Bleecker lisa Mujer | $12,890.00"
El Palacio de Hierro,NUEVA TEMPORADA,CHLOÉ,28800,20160,https://www.elpalaciodehierro.com/coach bolsa bucket en piel vacuna lisa mujer 44948985.html?cid=102005,"MESES SIN INTERESES | COACH | Bolsa Bucket en piel vacuna lisa Mujer | $7,690.00"
El Palacio de Hierro,CHLOÉ,Bolsa Tote en Piel Mujer,,43900,https://www.elpalaciodehierro.com/coach bolsa crossbody beige en piel kira lisa mujer 45319333.html?cid=102005,"MESES SIN INTERESES | COACH | Bolsa Crossbody Beige en piel Kira Lisa Mujer | $5,890.00"
El Palacio de Hierro,CHLOÉ,Bolsa Tote Mujer,35800,14320,https://www.elpalaciodehierro.com/coach bolsa crossbody cafe en piel tabby 26 lisa mujer 44949005.html?cid=102005,"MESES SIN INTERESES | COACH | Bolsa crossbody café en piel Tabby 26 lisa Mujer | $14,290.00"
El Palacio de Hierro,NUEVA TEMPORADA,CHLOÉ,27700,19390,https://www.elpalaciodehierro.com/coach bolsa crossbody cafe obscuro en piel waverly lisa mujer 44988012.html?cid=102005,"MESES SIN INTERESES | COACH | Bolsa crossbody café obscuro en piel Waverly lisa Mujer | $6,450.00"
El Palacio de Hierro,NUEVA TEMPORADA,CHLOÉ,13900,9730,https://www.elpalaciodehierro.com/coach bolsa crossbody en cuero elora lisa mujer 45310948.html?cid=102005,"MESES SIN INTERESES | COACH | Bolsa crossbody en cuero Elora lisa Mujer | $5,090.00"
El Palacio de Hierro,CLÓE,Backpack plegable Grande con estampado Unisex,999,649.35,https://www.elpalaciodehierro.com/coach bolsa crossbody en piel de cabra con pespuntes mujer 45155518.html?cid=102005,"MESES SIN INTERESES | COACH | Bolsa Crossbody en piel de cabra con pespuntes Mujer | $15,790.00"
El Palacio de Hierro,CLÓE,Backpack plegable grande lisa Mujer,999,649.35,https://www.elpalaciodehierro.com/coach bolsa crossbody en piel jonie lisa mujer 45159600.html?cid=102005,"MESES SIN INTERESES | COACH | Bolsa crossbody en piel Jonie lisa Mujer | $7,250.00"
El Palacio de Hierro,CLÓE,Bolsa Messenger gris Mujer,,2699,https://www.elpalaciodehierro.com/coach bolsa crossbody en piel mila mujer 44555118.html?cid=102005,"MESES SIN INTERESES | COACH | Bolsa crossbody en piel Mila Mujer | $5,890.00"
El Palacio de Hierro,CLÓE,Bolsa Messenger rosa Mujer,,2699,https://www.elpalaciodehierro.com/coach bolsa crossbody en piel mujer 44949040.html?cid=102005,"MESES SIN INTERESES | COACH | Bolsa Crossbody en piel Mujer | $7,250.00"
El Palacio de Hierro,CLÓE,Bolsa Tote Negra Olive Estampada Mujer,,2900,https://www.elpalaciodehierro.com/coach bolsa crossbody en piel mujer 45310949.html?cid=102005,"MESES SIN INTERESES | COACH | Bolsa Crossbody en piel Mujer | $5,890.00"
El Palacio de Hierro,CLÓE,Cangurera Secreta Unisex,369,239.85,https://www.elpalaciodehierro.com/coach bolsa crossbody lisa mujer 45159594.html?cid=102005,"MESES SIN INTERESES | COACH | Bolsa crossbody lisa Mujer | $3,890.00"
El Palacio de Hierro,CLÓE,"Mochila para cómputo 16"" negra Unisex",2999,2099.3,https://www.elpalaciodehierro.com/coach bolsa crossbody mila en piel crema granulada mujer 44555124.html?cid=102005,"MESES SIN INTERESES | COACH | Bolsa crossbody Mila en piel crema granulada Mujer | $5,890.00"
El Palacio de Hierro,CLÓE,Mochila Plegable Grande Unisex,999,649.35,https://www.elpalaciodehierro.com/coach bolsa crossbody negra en piel waverly lisa mujer 44988013.html?cid=102005,"MESES SIN INTERESES | COACH | Bolsa crossbody negra en piel Waverly lisa Mujer | $6,450.00"
El Palacio de Hierro,CLÓE,Mochila Plegable Unisex,799,519.35,https://www.elpalaciodehierro.com/coach bolsa hobo marron en piel hadley lisa mujer 43410964.html?cid=102005,"MESES SIN INTERESES | COACH | Bolsa hobo marrón en piel Hadley lisa Mujer | $12,890.00"
El Palacio de Hierro,CLÓE,Mochila Porta Laptop Mujer,,2799,https://www.elpalaciodehierro.com/coach bolsa hobo negro en piel hadley liso mujer 43410963.html?cid=102005,"MESES SIN INTERESES | COACH | Bolsa hobo negro en piel Hadley liso Mujer | $12,890.00"
El Palacio de Hierro,COACH,Bolsa bucket café en piel Bleecker lisa Mujer,,12890,https://www.elpalaciodehierro.com/coach bolsa satchel en cuero empire carryall 21 lisa mujer 45310946.html?cid=102005,"MESES SIN INTERESES | COACH | Bolsa satchel en cuero Empire Carryall 21 lisa Mujer | $8,490.00"
El Palacio de Hierro,COACH,Bolsa Bucket en piel vacuna lisa Mujer,,7690,https://www.elpalaciodehierro.com/coach bolsa satchel en cuero empire carryall 34 lisa mujer 45310947.html?cid=102005,"MESES SIN INTERESES | COACH | Bolsa satchel en cuero Empire Carryall 34 lisa Mujer | $12,890.00"
El Palacio de Hierro,COACH,Bolsa Crossbody Beige en piel Kira Lisa Mujer,,5890,https://www.elpalaciodehierro.com/coach bolsa satchel negra en piel empire 21 lisa mujer 45319329.html?cid=102005,"MESES SIN INTERESES | COACH | Bolsa Satchel Negra en piel Empire 21 Lisa Mujer | $8,490.00"
El Palacio de Hierro,COACH,Bolsa crossbody café en piel Tabby 26 lisa Mujer,,14290,https://www.elpalaciodehierro.com/coach bolsa shoulder acolchada mujer 45060418.html?cid=102005,"MESES SIN INTERESES | COACH | Bolsa Shoulder acolchada Mujer | $10,290.00"
El Palacio de Hierro,COACH,Bolsa crossbody café obscuro en piel Waverly lisa Mujer,,6450,https://www.elpalaciodehierro.com/coach bolsa shoulder amarilla barrel lisa mujer 45319309.html?cid=102005,"MESES SIN INTERESES | COACH | Bolsa Shoulder Amarilla Barrel Lisa Mujer | $5,090.00"
El Palacio de Hierro,COACH,Bolsa crossbody en cuero Elora lisa Mujer,,5090,https://www.elpalaciodehierro.com/coach bolsa shoulder amarilla en piel bucket bleecker 21 lisa mujer 45319317.html?cid=102005,"MESES SIN INTERESES | COACH | Bolsa Shoulder Amarilla en piel Bucket Bleecker 21 Lisa Mujer | $7,690.00"
El Palacio de Hierro,COACH,Bolsa Crossbody en piel de cabra con pespuntes Mujer,,15790,https://www.elpalaciodehierro.com/coach bolsa shoulder amarilla en piel bucket bleecker lisa mujer 45319319.html?cid=102005,"MESES SIN INTERESES | COACH | Bolsa Shoulder Amarilla en piel Bucket Bleecker Lisa Mujer | $11,790.00"
El Palacio de Hierro,COACH,Bolsa crossbody en piel Jonie lisa Mujer,,7250,https://www.elpalaciodehierro.com/coach bolsa shoulder amarilla en piel chelsea 30 lisa mujer 45319324.html?cid=102005,"MESES SIN INTERESES | COACH | Bolsa Shoulder Amarilla en piel Chelsea 30 Lisa Mujer | $8,490.00"
El Palacio de Hierro,COACH,Bolsa crossbody en piel Mila Mujer,,5890,https://www.elpalaciodehierro.com/coach bolsa shoulder amarilla en piel chelsea 36 lisa mujer 45319326.html?cid=102005,"MESES SIN INTERESES | COACH | Bolsa shoulder amarilla en piel Chelsea 36 lisa Mujer | $11,050.00"
El Palacio de Hierro,COACH,Bolsa Crossbody en piel Mujer,,7250,https://www.elpalaciodehierro.com/coach bolsa shoulder animalprint mujer 45060411.html?cid=102005,"MESES SIN INTERESES | COACH | Bolsa Shoulder animalprint Mujer | $16,550.00"
El Palacio de Hierro,COACH,Bolsa Crossbody en piel Mujer,,5890,https://www.elpalaciodehierro.com/coach bolsa shoulder brook flap chain en piel crema mujer 44555120.html?cid=102005,"MESES SIN INTERESES | COACH | Bolsa shoulder Brook Flap Chain en piel crema Mujer | $6,790.00"
El Palacio de Hierro,COACH,Bolsa crossbody lisa Mujer,,3890,https://www.elpalaciodehierro.com/coach bolsa shoulder cafe brooklyn 34 lisa mujer 45319315.html?cid=102005,"MESES SIN INTERESES | COACH | Bolsa Shoulder Café Brooklyn 34 Lisa Mujer | $10,290.00"
El Palacio de Hierro,COACH,Bolsa crossbody Mila en piel crema granulada Mujer,,5890,https://www.elpalaciodehierro.com/coach bolsa shoulder cafe brooklyn 39 liso mujer 45319316.html?cid=102005,"MESES SIN INTERESES | COACH | Bolsa Shoulder Café Brooklyn 39 Liso Mujer | $12,890.00"
El Palacio de Hierro,COACH,Bolsa crossbody negra en piel Waverly lisa Mujer,,6450,https://www.elpalaciodehierro.com/coach bolsa shoulder cafe chalsea 30 lisa mujer 45319325.html?cid=102005,"MESES SIN INTERESES | COACH | Bolsa Shoulder Café Chalsea 30 Lisa Mujer | $8,490.00"
El Palacio de Hierro,COACH,Bolsa hobo marrón en piel Hadley lisa Mujer,,12890,https://www.elpalaciodehierro.com/coach bolsa shoulder cafe en piel brooklyn 34 lisa mujer 44987969.html?cid=102005,"MESES SIN INTERESES | COACH | Bolsa shoulder café en piel Brooklyn 34 lisa Mujer | $11,290.00"
El Palacio de Hierro,COACH,Bolsa hobo negro en piel Hadley liso Mujer,,12890,https://www.elpalaciodehierro.com/coach bolsa shoulder cafe en piel brooklyn 39 lisa mujer 44018635.html?cid=102005,"MESES SIN INTERESES | COACH | Bolsa shoulder café en piel Brooklyn 39 lisa Mujer | $12,890.00"
El Palacio de Hierro,COACH,Bolsa satchel en cuero Empire Carryall 21 lisa Mujer,,8490,https://www.elpalaciodehierro.com/coach bolsa shoulder cafe en piel brooklyn mujer 44823540.html?cid=102005,"MESES SIN INTERESES | COACH | Bolsa shoulder café en piel Brooklyn Mujer | $14,290.00"
El Palacio de Hierro,COACH,Bolsa satchel en cuero Empire Carryall 34 lisa Mujer,,12890,https://www.elpalaciodehierro.com/coach bolsa shoulder cafe en piel empire 40 lisa mujer 44555199.html?cid=102005,"MESES SIN INTERESES | COACH | Bolsa Shoulder café en piel Empire 40 lisa Mujer | $17,990.00"
El Palacio de Hierro,COACH,Bolsa Satchel Negra en piel Empire 21 Lisa Mujer,,8490,https://www.elpalaciodehierro.com/coach bolsa shoulder cafe en piel lana granulada mujer 44555168.html?cid=102005,"MESES SIN INTERESES | COACH | Bolsa Shoulder café en piel Lana granulada Mujer | $11,290.00"
El Palacio de Hierro,COACH,Bolsa Shoulder acolchada Mujer,,10290,https://www.elpalaciodehierro.com/coach bolsa shoulder cafe en piel tabby granulada mujer 44139862.html?cid=102005,"MESES SIN INTERESES | COACH | Bolsa shoulder café en piel Tabby granulada Mujer | $12,890.00"
El Palacio de Hierro,COACH,Bolsa Shoulder Amarilla Barrel Lisa Mujer,,5090,https://www.elpalaciodehierro.com/coach bolsa shoulder cafe oscuro en piel empire mujer 44823529.html?cid=102005,"MESES SIN INTERESES | COACH | Bolsa shoulder café oscuro en piel Empire Mujer | $12,890.00"
El Palacio de Hierro,COACH,Bolsa Shoulder Amarilla en piel Bucket Bleecker 21 Lisa Mujer,,7690,https://www.elpalaciodehierro.com/coach bolsa shoulder con microdisenos mujer 45060412.html?cid=102005,"MESES SIN INTERESES | COACH | Bolsa Shoulder con microdiseños Mujer | $16,550.00"
El Palacio de Hierro,COACH,Bolsa Shoulder Amarilla en piel Bucket Bleecker Lisa Mujer,,11790,https://www.elpalaciodehierro.com/coach bolsa shoulder en cuero capitonada mujer 44139858.html?cid=102005,"MESES SIN INTERESES | COACH | Bolsa shoulder en cuero capitonada Mujer | $15,790.00"
El Palacio de Hierro,COACH,Bolsa Shoulder Amarilla en piel Chelsea 30 Lisa Mujer,,8490,https://www.elpalaciodehierro.com/coach bolsa shoulder en cuero chelsea 30 lisa mujer 45310958.html?cid=102005,"MESES SIN INTERESES | COACH | Bolsa shoulder en cuero Chelsea 30 lisa Mujer | $8,490.00"
El Palacio de Hierro,COACH,Bolsa shoulder amarilla en piel Chelsea 36 lisa Mujer,,11050,https://www.elpalaciodehierro.com/coach bolsa shoulder en cuero de vaca granulada mujer 45155513.html?cid=102005,"MESES SIN INTERESES | COACH | Bolsa Shoulder en cuero de vaca granulada Mujer | $7,690.00"
El Palacio de Hierro,COACH,Bolsa Shoulder animalprint Mujer,,16550,https://www.elpalaciodehierro.com/coach bolsa shoulder en cuero jet estampada mujer 45310960.html?cid=102005,"MESES SIN INTERESES | COACH | Bolsa shoulder en cuero Jet estampada Mujer | $7,690.00"
El Palacio de Hierro,COACH,Bolsa shoulder Brook Flap Chain en piel crema Mujer,,6790,https://www.elpalaciodehierro.com/coach bolsa shoulder en cuero tabby 20 lisa mujer 45310978.html?cid=102005,"MESES SIN INTERESES | COACH | Bolsa shoulder en cuero Tabby 20 lisa Mujer | $10,290.00"
El Palacio de Hierro,COACH,Bolsa Shoulder Café Brooklyn 34 Lisa Mujer,,10290,https://www.elpalaciodehierro.com/coach bolsa shoulder en cuero waverly lisa mujer 45310989.html?cid=102005,"MESES SIN INTERESES | COACH | Bolsa shoulder en cuero Waverly lisa Mujer | $6,450.00"
El Palacio de Hierro,COACH,Bolsa Shoulder Café Brooklyn 39 Liso Mujer,,12890,https://www.elpalaciodehierro.com/coach bolsa shoulder en piel brook lisa mujer 45310953.html?cid=102005,"MESES SIN INTERESES | COACH | Bolsa shoulder en piel Brook lisa Mujer | $6,790.00"
El Palacio de Hierro,COACH,Bolsa Shoulder Café Chalsea 30 Lisa Mujer,,8490,https://www.elpalaciodehierro.com/coach bolsa shoulder en piel brooklyn mujer 44987971.html?cid=102005,"MESES SIN INTERESES | COACH | Bolsa Shoulder en piel Brooklyn Mujer | $10,290.00"
El Palacio de Hierro,COACH,Bolsa shoulder café en piel Brooklyn 34 lisa Mujer,,11290,https://www.elpalaciodehierro.com/coach bolsa shoulder en piel chain tabby con pespuntes mujer 44948988.html?cid=102005,"MESES SIN INTERESES | COACH | Bolsa Shoulder en piel Chain Tabby con pespuntes Mujer | $15,490.00"
El Palacio de Hierro,COACH,Bolsa shoulder café en piel Brooklyn 39 lisa Mujer,,12890,https://www.elpalaciodehierro.com/coach bolsa shoulder en piel chelsea lisa mujer 45159589.html?cid=102005,"MESES SIN INTERESES | COACH | Bolsa shoulder en piel Chelsea lisa Mujer | $11,050.00"
El Palacio de Hierro,COACH,Bolsa shoulder café en piel Brooklyn Mujer,,14290,https://www.elpalaciodehierro.com/coach bolsa shoulder en piel con diseno fantasia capitoneado tabby mujer 45159608.html?cid=102005,"MESES SIN INTERESES | COACH | Bolsa shoulder en piel con diseño fantasía capitoneado Tabby Mujer | $15,790.00"
El Palacio de Hierro,COACH,Bolsa Shoulder café en piel Empire 40 lisa Mujer,,17990,https://www.elpalaciodehierro.com/coach bolsa shoulder en piel hadley texturizada mujer 43410967.html?cid=102005,"MESES SIN INTERESES | COACH | Bolsa shoulder en piel Hadley texturizada Mujer | $11,290.00"
El Palacio de Hierro,COACH,Bolsa Shoulder café en piel Lana granulada Mujer,,11290,https://www.elpalaciodehierro.com/coach bolsa shoulder en piel lisa mujer 45159583.html?cid=102005,"MESES SIN INTERESES | COACH | Bolsa shoulder en piel lisa Mujer | $11,790.00"
El Palacio de Hierro,COACH,Bolsa shoulder café en piel Tabby granulada Mujer,,12890,https://www.elpalaciodehierro.com/coach bolsa shoulder en piel lisa mujer 45159587.html?cid=102005,"MESES SIN INTERESES | COACH | Bolsa shoulder en piel lisa Mujer | $10,290.00"
El Palacio de Hierro,COACH,Bolsa shoulder café oscuro en piel Empire Mujer,,12890,https://www.elpalaciodehierro.com/coach bolsa shoulder en piel lisa mujer 45159617.html?cid=102005,"MESES SIN INTERESES | COACH | Bolsa shoulder en piel lisa Mujer | $10,450.00"
El Palacio de Hierro,COACH,Bolsa Shoulder con microdiseños Mujer,,16550,https://www.elpalaciodehierro.com/coach bolsa shoulder en piel lisa mujer 45159618.html?cid=102005,"MESES SIN INTERESES | COACH | Bolsa shoulder en piel lisa Mujer | $13,250.00"
El Palacio de Hierro,COACH,Bolsa shoulder en cuero capitonada Mujer,,15790,https://www.elpalaciodehierro.com/coach bolsa shoulder en piel lisa mujer 45159625.html?cid=102005,"MESES SIN INTERESES | COACH | Bolsa shoulder en piel lisa Mujer | $14,290.00"
El Palacio de Hierro,COACH,Bolsa shoulder en cuero Chelsea 30 lisa Mujer,,8490,https://www.elpalaciodehierro.com/coach bolsa shoulder en piel mujer 44948984.html?cid=102005,"MESES SIN INTERESES | COACH | Bolsa Shoulder en piel Mujer | $11,790.00"
El Palacio de Hierro,COACH,Bolsa Shoulder en cuero de vaca granulada Mujer,,7690,https://www.elpalaciodehierro.com/coach bolsa shoulder en piel mujer 44987970.html?cid=102005,"MESES SIN INTERESES | COACH | Bolsa Shoulder en piel Mujer | $10,290.00"
El Palacio de Hierro,COACH,Bolsa shoulder en cuero Jet estampada Mujer,,7690,https://www.elpalaciodehierro.com/coach bolsa shoulder en piel mujer 45310970.html?cid=102005,"MESES SIN INTERESES | COACH | Bolsa Shoulder en piel Mujer | $7,690.00"
El Palacio de Hierro,COACH,Bolsa shoulder en cuero Tabby 20 lisa Mujer,,10290,https://www.elpalaciodehierro.com/coach bolsa shoulder en piel mujer 45310979.html?cid=102005,"MESES SIN INTERESES | COACH | Bolsa Shoulder en piel Mujer | $12,890.00"
El Palacio de Hierro,COACH,Bolsa shoulder en cuero Waverly lisa Mujer,,6450,https://www.elpalaciodehierro.com/coach bolsa shoulder en piel mujer 45319347.html?cid=102005,"MESES SIN INTERESES | COACH | Bolsa Shoulder en Piel Mujer | $16,890.00"
El Palacio de Hierro,COACH,Bolsa shoulder en piel Brook lisa Mujer,,6790,https://www.elpalaciodehierro.com/coach bolsa shoulder en piel tabby capitonada mujer 43711781.html?cid=102005,"MESES SIN INTERESES | COACH | Bolsa shoulder en piel Tabby capitonada Mujer | $15,790.00"
El Palacio de Hierro,COACH,Bolsa Shoulder en piel Brooklyn Mujer,,10290,https://www.elpalaciodehierro.com/coach bolsa shoulder en piel tabby con logotipo mujer 43711786.html?cid=102005,"MESES SIN INTERESES | COACH | Bolsa shoulder en piel Tabby con logotipo Mujer | $10,290.00"
El Palacio de Hierro,COACH,Bolsa Shoulder en piel Chain Tabby con pespuntes Mujer,,15490,https://www.elpalaciodehierro.com/coach bolsa shoulder en piel tabby granulada mujer 44139844.html?cid=102005,"MESES SIN INTERESES | COACH | Bolsa shoulder en piel Tabby granulada Mujer | $10,990.00"
El Palacio de Hierro,COACH,Bolsa shoulder en piel Chelsea lisa Mujer,,11050,https://www.elpalaciodehierro.com/coach bolsa shoulder en piel texturizada mujer 43410965.html?cid=102005,"MESES SIN INTERESES | COACH | Bolsa shoulder en piel texturizada Mujer | $12,890.00"
El Palacio de Hierro,COACH,Bolsa shoulder en piel con diseño fantasía capitoneado Tabby Mujer,,15790,https://www.elpalaciodehierro.com/coach bolsa shoulder en piel texturizado mujer 43410969.html?cid=102005,"MESES SIN INTERESES | COACH | Bolsa shoulder en piel texturizado Mujer | $11,290.00"
El Palacio de Hierro,COACH,Bolsa shoulder en piel Hadley texturizada Mujer,,11290,https://www.elpalaciodehierro.com/coach bolsa shoulder jet en piel beige mujer 44636373.html?cid=102005,"MESES SIN INTERESES | COACH | Bolsa shoulder Jet en piel beige Mujer | $7,690.00"
El Palacio de Hierro,COACH,Bolsa shoulder en piel lisa Mujer,,11790,https://www.elpalaciodehierro.com/coach bolsa shoulder jet en piel negra mujer 44636371.html?cid=102005,"MESES SIN INTERESES | COACH | Bolsa shoulder Jet en piel negra Mujer | $7,690.00"
El Palacio de Hierro,COACH,Bolsa shoulder en piel lisa Mujer,,10290,https://www.elpalaciodehierro.com/coach bolsa shoulder juliet 25 lisa mujer 45310962.html?cid=102005,"MESES SIN INTERESES | COACH | Bolsa shoulder Juliet 25 lisa Mujer | $11,790.00"
El Palacio de Hierro,COACH,Bolsa shoulder en piel lisa Mujer,,10450,https://www.elpalaciodehierro.com/coach bolsa shoulder lisa en piel mujer 44555200.html?cid=102005,"MESES SIN INTERESES | COACH | Bolsa Shoulder lisa en piel Mujer | $25,490.00"
El Palacio de Hierro,COACH,Bolsa shoulder en piel lisa Mujer,,13250,https://www.elpalaciodehierro.com/coach bolsa shoulder lisa mujer 45159629.html?cid=102005,"MESES SIN INTERESES | COACH | Bolsa shoulder lisa Mujer | $14,290.00"
El Palacio de Hierro,COACH,Bolsa shoulder en piel lisa Mujer,,14290,https://www.elpalaciodehierro.com/coach bolsa shoulder lisa mujer 45319312.html?cid=102005,"MESES SIN INTERESES | COACH | Bolsa shoulder lisa Mujer | $7,690.00"
El Palacio de Hierro,COACH,Bolsa Shoulder en piel Mujer,,11790,https://www.elpalaciodehierro.com/coach bolsa shoulder lisa mujer 45319332.html?cid=102005,"MESES SIN INTERESES | COACH | Bolsa shoulder lisa Mujer | $12,290.00"
El Palacio de Hierro,COACH,Bolsa Shoulder en piel Mujer,,10290,https://www.elpalaciodehierro.com/coach bolsa shoulder marron en piel tabby 26 lisa mujer 45310981.html?cid=102005,"MESES SIN INTERESES | COACH | Bolsa Shoulder Marrón en piel Tabby 26 Lisa Mujer | $12,890.00"
El Palacio de Hierro,COACH,Bolsa Shoulder en piel Mujer,,7690,https://www.elpalaciodehierro.com/coach bolsa shoulder mujer 44162735.html?cid=102005,"MESES SIN INTERESES | COACH | Bolsa Shoulder Mujer | $7,690.00"
El Palacio de Hierro,COACH,Bolsa Shoulder en piel Mujer,,12890,https://www.elpalaciodehierro.com/coach bolsa shoulder mujer 45310965.html?cid=102005,"MESES SIN INTERESES | COACH | Bolsa Shoulder Mujer | $12,890.00"
El Palacio de Hierro,COACH,Bolsa Shoulder en Piel Mujer,,16890,https://www.elpalaciodehierro.com/coach bolsa shoulder negra barreal mujer 45319310.html?cid=102005,"MESES SIN INTERESES | COACH | Bolsa Shoulder Negra Barreal Mujer | $5,090.00"
El Palacio de Hierro,COACH,Bolsa shoulder en piel Tabby capitonada Mujer,,15790,https://www.elpalaciodehierro.com/coach bolsa shoulder negra en piel brooklyn 39 lisa mujer 44018624.html?cid=102005,"MESES SIN INTERESES | COACH | Bolsa shoulder negra en piel Brooklyn 39 lisa Mujer | $12,890.00"
El Palacio de Hierro,COACH,Bolsa shoulder en piel Tabby con logotipo Mujer,,10290,https://www.elpalaciodehierro.com/coach bolsa shoulder negra en piel empire mujer 44823530.html?cid=102005,"MESES SIN INTERESES | COACH | Bolsa shoulder negra en piel Empire Mujer | $12,890.00"
El Palacio de Hierro,COACH,Bolsa shoulder en piel Tabby granulada Mujer,,10990,https://www.elpalaciodehierro.com/coach bolsa shoulder negra en piel tabby capitonada mujer 43711780.html?cid=102005,"MESES SIN INTERESES | COACH | Bolsa shoulder negra en piel Tabby capitonada Mujer | $15,790.00"
El Palacio de Hierro,COACH,Bolsa shoulder en piel texturizada Mujer,,12890,https://www.elpalaciodehierro.com/coach bolsa shoulder tabb 26 en piel mujer 43090507.html?cid=102005,"MESES SIN INTERESES | COACH | Bolsa shoulder Tabb 26 en piel Mujer | $12,890.00"
El Palacio de Hierro,COACH,Bolsa shoulder en piel texturizado Mujer,,11290,https://www.elpalaciodehierro.com/coach bolsa shoulder tabby 20 con bordado mujer 45319348.html?cid=102005,"MESES SIN INTERESES | COACH | Bolsa shoulder Tabby 20 con bordado Mujer | $11,790.00"
El Palacio de Hierro,COACH,Bolsa shoulder Jet en piel beige Mujer,,7690,https://www.elpalaciodehierro.com/coach bolsa shoulder tabby 26 lisa mujer 45310980.html?cid=102005,"MESES SIN INTERESES | COACH | Bolsa shoulder Tabby 26 lisa Mujer | $11,790.00"
El Palacio de Hierro,COACH,Bolsa shoulder Jet en piel negra Mujer,,7690,https://www.elpalaciodehierro.com/coach bolsa shoulder tabby cafe en piel mujer 44775611.html?cid=102005,"MESES SIN INTERESES | COACH | Bolsa shoulder Tabby café en piel Mujer | $25,890.00"
El Palacio de Hierro,COACH,Bolsa shoulder Juliet 25 lisa Mujer,,11790,https://www.elpalaciodehierro.com/coach bolsa shoulder tabby en piel mujer 44139843.html?cid=102005,"MESES SIN INTERESES | COACH | Bolsa shoulder Tabby en piel Mujer | $10,990.00"
El Palacio de Hierro,COACH,Bolsa Shoulder lisa en piel Mujer,,25490,https://www.elpalaciodehierro.com/coach bolsa shoulder tabby mujer 44361051.html?cid=102005,"MESES SIN INTERESES | COACH | Bolsa Shoulder Tabby Mujer | $20,690.00"
El Palacio de Hierro,COACH,Bolsa shoulder lisa Mujer,,14290,https://www.elpalaciodehierro.com/coach bolsa shoulder tabby mujer 44361052.html?cid=102005,"MESES SIN INTERESES | COACH | Bolsa Shoulder Tabby Mujer | $14,290.00"
El Palacio de Hierro,COACH,Bolsa shoulder lisa Mujer,,7690,https://www.elpalaciodehierro.com/coach bolsa shoulder tabby mujer 44361056.html?cid=102005,"MESES SIN INTERESES | COACH | Bolsa Shoulder Tabby Mujer | $16,950.00"
El Palacio de Hierro,COACH,Bolsa shoulder lisa Mujer,,12290,https://www.elpalaciodehierro.com/coach bolsa shoulder tabby negra en piel granulada mujer 44368962.html?cid=102005,"MESES SIN INTERESES | COACH | Bolsa Shoulder Tabby negra en piel granulada Mujer | $10,990.00"
El Palacio de Hierro,COACH,Bolsa Shoulder Marrón en piel Tabby 26 Lisa Mujer,,12890,https://www.elpalaciodehierro.com/coach bolsa shoulder tabby negra en piel mujer 44775612.html?cid=102005,"MESES SIN INTERESES | COACH | Bolsa shoulder Tabby negra en piel Mujer | $25,890.00"
El Palacio de Hierro,COACH,Bolsa Shoulder Mujer,,7690,https://www.elpalaciodehierro.com/coach bolsa tabby shoulder en piel lisa mujer 44361053.html?cid=102005,"MESES SIN INTERESES | COACH | Bolsa Tabby Shoulder en piel lisa Mujer | $14,290.00"
El Palacio de Hierro,COACH,Bolsa Shoulder Mujer,,12890,https://www.elpalaciodehierro.com/coach bolsa tote en piel mujer 44987966.html?cid=102005,"MESES SIN INTERESES | COACH | Bolsa Tote en piel Mujer | $10,290.00"
El Palacio de Hierro,COACH,Bolsa Shoulder Negra Barreal Mujer,,5090,https://www.elpalaciodehierro.com/coach bolsa tote lisa mujer 45159588.html?cid=102005,"MESES SIN INTERESES | COACH | Bolsa tote lisa Mujer | $5,090.00"
El Palacio de Hierro,COACH,Bolsa shoulder negra en piel Brooklyn 39 lisa Mujer,,12890,https://www.elpalaciodehierro.com/coach bolsa tote lisa mujer 45159607.html?cid=102005,"MESES SIN INTERESES | COACH | Bolsa tote lisa Mujer | $10,090.00"
El Palacio de Hierro,COACH,Bolsa shoulder negra en piel Empire Mujer,,12890,https://www.elpalaciodehierro.com/coach bolsa tote negro varsity con bordado mujer 43628048.html?cid=102005,"MESES SIN INTERESES | COACH | Bolsa tote negro Varsity con bordado Mujer | $5,090.00"
El Palacio de Hierro,COACH,Bolsa shoulder negra en piel Tabby capitonada Mujer,,15790,https://www.elpalaciodehierro.com/coach bolsa tote varsity con bordado mujer 43711821.html?cid=102005,"MESES SIN INTERESES | COACH | Bolsa tote Varsity con bordado Mujer | $5,090.00"
El Palacio de Hierro,COACH,Bolsa shoulder Tabb 26 en piel Mujer,,12890,https://www.elpalaciodehierro.com/coach bolso shoulder negro en piel brooklyn 28 granulado mujer 44018682.html?cid=102005,"MESES SIN INTERESES | COACH | Bolso shoulder negro en piel Brooklyn 28 granulado Mujer | $7,690.00"
El Palacio de Hierro,COACH,Bolsa shoulder Tabby 20 con bordado Mujer,,11790,https://www.elpalaciodehierro.com/coach cartera beige en piel essential slim accordion lisa mujer 44555117.html?cid=102005,"MESES SIN INTERESES | COACH | Cartera beige en piel Essential Slim Accordion lisa Mujer | $4,550.00"
El Palacio de Hierro,COACH,Bolsa shoulder Tabby 26 lisa Mujer,,11790,https://www.elpalaciodehierro.com/coach cartera blanca en piel billfold wallet lisa mujer 44949043.html?cid=102005,"MESES SIN INTERESES | COACH | Cartera blanca en piel Billfold Wallet lisa Mujer | $3,890.00"
El Palacio de Hierro,COACH,Bolsa shoulder Tabby café en piel Mujer,,25890,https://www.elpalaciodehierro.com/coach cartera cafe oscuro en piel billfold lisa mujer 44949011.html?cid=102005,"MESES SIN INTERESES | COACH | Cartera café oscuro en piel Billfold lisa Mujer | $3,890.00"
El Palacio de Hierro,COACH,Bolsa shoulder Tabby en piel Mujer,,10990,https://www.elpalaciodehierro.com/coach cartera cafe oscuro mila long mujer 44949013.html?cid=102005,"MESES SIN INTERESES | COACH | Cartera café oscuro Mila Long Mujer | $4,550.00"
El Palacio de Hierro,COACH,Bolsa Shoulder Tabby Mujer,,20690,https://www.elpalaciodehierro.com/coach cartera en cuero acolchado small zip lisa mujer 45319363.html?cid=102005,"MESES SIN INTERESES | COACH | Cartera en cuero acolchado Small Zip lisa Mujer | $2,450.00"
El Palacio de Hierro,COACH,Bolsa Shoulder Tabby Mujer,,14290,https://www.elpalaciodehierro.com/coach cartera en cuero de becerro lisa mujer 45155526.html?cid=102005,"MESES SIN INTERESES | COACH | Cartera en cuero de becerro lisa Mujer | $2,450.00"
El Palacio de Hierro,COACH,Bolsa Shoulder Tabby Mujer,,16950,https://www.elpalaciodehierro.com/coach cartera en cuero essential lisa mujer 45310994.html?cid=102005,"MESES SIN INTERESES | COACH | Cartera en cuero Essential lisa Mujer | $3,250.00"
El Palacio de Hierro,COACH,Bolsa Shoulder Tabby negra en piel granulada Mujer,,10990,https://www.elpalaciodehierro.com/coach cartera en cuero essential lisa mujer 45319360.html?cid=102005,"MESES SIN INTERESES | COACH | Cartera en cuero Essential lisa Mujer | $2,450.00"
El Palacio de Hierro,COACH,Bolsa shoulder Tabby negra en piel Mujer,,25890,https://www.elpalaciodehierro.com/coach cartera en cuero mila lisa mujer 45319361.html?cid=102005,"MESES SIN INTERESES | COACH | Cartera en cuero Mila lisa Mujer | $3,250.00"
El Palacio de Hierro,COACH,Bolsa Tabby Shoulder en piel lisa Mujer,,14290,https://www.elpalaciodehierro.com/coach cartera en cuero new york lisa mujer 45319358.html?cid=102005,"MESES SIN INTERESES | COACH | Cartera en cuero New York lisa Mujer | $3,890.00"
El Palacio de Hierro,COACH,Bolsa Tote en piel Mujer,,10290,https://www.elpalaciodehierro.com/coach cartera en cuero slim accordion zip lisa mujer 45319362.html?cid=102005,"MESES SIN INTERESES | COACH | Cartera en cuero Slim Accordion Zip lisa Mujer | $4,550.00"
El Palacio de Hierro,COACH,Bolsa tote lisa Mujer,,5090,https://www.elpalaciodehierro.com/coach cartera en piel cafe obscuro mujer 44636461.html?cid=102005,"MESES SIN INTERESES | COACH | Cartera en piel café obscuro Mujer | $3,250.00"
El Palacio de Hierro,COACH,Bolsa tote lisa Mujer,,10090,https://www.elpalaciodehierro.com/coach cartera en piel con logo lisa mujer 44360368.html?cid=102005,"MESES SIN INTERESES | COACH | Cartera en piel con logo lisa Mujer | $3,250.00"
El Palacio de Hierro,COACH,Bolsa tote negro Varsity con bordado Mujer,,5090,https://www.elpalaciodehierro.com/coach cartera en piel essential lisa mujer 45310993.html?cid=102005,"MESES SIN INTERESES | COACH | Cartera en piel Essential lisa Mujer | $2,450.00"
El Palacio de Hierro,COACH,Bolsa tote Varsity con bordado Mujer,,5090,https://www.elpalaciodehierro.com/coach cartera en piel lisa mujer 44360370.html?cid=102005,"MESES SIN INTERESES | COACH | Cartera en piel lisa Mujer | $3,250.00"
El Palacio de Hierro,COACH,Bolso shoulder negro en piel Brooklyn 28 granulado Mujer,,7690,https://www.elpalaciodehierro.com/coach cartera en piel lisa mujer 44988015.html?cid=102005,"MESES SIN INTERESES | COACH | Cartera en piel lisa Mujer | $4,990.00"
El Palacio de Hierro,COACH,Cartera beige en piel Essential Slim Accordion lisa Mujer,,4550,https://www.elpalaciodehierro.com/coach cartera en piel lisa mujer 45155524.html?cid=102005,"MESES SIN INTERESES | COACH | Cartera en piel lisa Mujer | $2,450.00"
El Palacio de Hierro,COACH,Cartera blanca en piel Billfold Wallet lisa Mujer,,3890,https://www.elpalaciodehierro.com/coach cartera en piel lisa mujer 45159630.html?cid=102005,"MESES SIN INTERESES | COACH | Cartera en piel lisa Mujer | $3,890.00"
El Palacio de Hierro,COACH,Cartera café oscuro en piel Billfold lisa Mujer,,3890,https://www.elpalaciodehierro.com/coach cartera en piel mujer 44360363.html?cid=102005,"MESES SIN INTERESES | COACH | Cartera en Piel Mujer | $4,550.00"
El Palacio de Hierro,COACH,Cartera café oscuro Mila Long Mujer,,4550,https://www.elpalaciodehierro.com/coach cartera en piel mujer 44555140.html?cid=102005,"MESES SIN INTERESES | COACH | Cartera en piel Mujer | $4,550.00"
El Palacio de Hierro,COACH,Cartera en cuero acolchado Small Zip lisa Mujer,,2450,https://www.elpalaciodehierro.com/coach cartera en piel negra mujer 43409511.html?cid=102005,"MESES SIN INTERESES | COACH | Cartera en piel negra Mujer | $3,250.00"
El Palacio de Hierro,COACH,Cartera en cuero de becerro lisa Mujer,,2450,https://www.elpalaciodehierro.com/coach cartera en piel skinny mujer 44360364.html?cid=102005,"MESES SIN INTERESES | COACH | Cartera en Piel Skinny Mujer | $4,550.00"
El Palacio de Hierro,COACH,Cartera en cuero Essential lisa Mujer,,3250,https://www.elpalaciodehierro.com/coach cartera en piel texturizada mujer 43630136.html?cid=102005,"MESES SIN INTERESES | COACH | Cartera en piel texturizada Mujer | $3,250.00"
El Palacio de Hierro,COACH,Cartera en cuero Essential lisa Mujer,,2450,https://www.elpalaciodehierro.com/coach cartera en piel vacuna lisa mujer 44139885.html?cid=102005,"MESES SIN INTERESES | COACH | Cartera en piel vacuna lisa Mujer | $3,890.00"
El Palacio de Hierro,COACH,Cartera en cuero Mila lisa Mujer,,3250,https://www.elpalaciodehierro.com/coach cartera mila en piel beige mujer 44555141.html?cid=102005,"MESES SIN INTERESES | COACH | Cartera Mila en piel beige Mujer | $4,550.00"
El Palacio de Hierro,COACH,Cartera en cuero New York lisa Mujer,,3890,https://www.elpalaciodehierro.com/coach cartera mila en piel cafe con monogram mujer 44555142.html?cid=102005,"MESES SIN INTERESES | COACH | Cartera Mila en piel café con monogram Mujer | $4,550.00"
El Palacio de Hierro,COACH,Cartera en cuero Slim Accordion Zip lisa Mujer,,4550,https://www.elpalaciodehierro.com/coach cartera mila en piel crema mujer 44555139.html?cid=102005,"MESES SIN INTERESES | COACH | Cartera Mila en piel crema Mujer | $3,250.00"
El Palacio de Hierro,COACH,Cartera en piel café obscuro Mujer,,3250,https://www.elpalaciodehierro.com/coach cartera naranja en piel essential slim lisa mujer 45310996.html?cid=102005,"MESES SIN INTERESES | COACH | Cartera naranja en piel Essential Slim lisa Mujer | $4,550.00"
El Palacio de Hierro,COACH,Cartera en piel con logo lisa Mujer,,3250,https://www.elpalaciodehierro.com/coach cartera naranja en piel essential small zip lisa mujer 45310998.html?cid=102005,"MESES SIN INTERESES | COACH | Cartera naranja en piel Essential Small Zip lisa Mujer | $2,450.00"
El Palacio de Hierro,COACH,Cartera en piel Essential lisa Mujer,,2450,https://www.elpalaciodehierro.com/coach cartera naranja en piel lisa mujer 45311001.html?cid=102005,"MESES SIN INTERESES | COACH | Cartera naranja en piel lisa Mujer | $4,550.00"
El Palacio de Hierro,COACH,Cartera en piel lisa Mujer,,3250,https://www.elpalaciodehierro.com/coach cartera negra en piel lisa mujer 43409491.html?cid=102005,"MESES SIN INTERESES | COACH | Cartera negra en piel lisa Mujer | $3,890.00"
El Palacio de Hierro,COACH,Cartera en piel lisa Mujer,,4990,https://www.elpalaciodehierro.com/coach cartera rosa en piel mujer 45155527.html?cid=102005,"MESES SIN INTERESES | COACH | Cartera rosa en piel Mujer | $3,250.00"
El Palacio de Hierro,COACH,Cartera en piel lisa Mujer,,2450,https://www.elpalaciodehierro.com/coach cartera verde en piel essential slim lisa mujer 45310997.html?cid=102005,"MESES SIN INTERESES | COACH | Cartera Verde en piel Essential Slim lisa Mujer | $2,450.00"
El Palacio de Hierro,COACH,Cartera en piel lisa Mujer,,3890,https://www.elpalaciodehierro.com/coach cartera verde olivo en piel essential lisa mujer 45310999.html?cid=102005,"MESES SIN INTERESES | COACH | Cartera verde olivo en piel Essential lisa Mujer | $3,250.00"
El Palacio de Hierro,COACH,Cartera en Piel Mujer,,4550,https://www.elpalaciodehierro.com/coach colgante para bolsa   etiqueta 44636458.html?cid=102005,"MESES SIN INTERESES | COACH | Colgante para Bolsa   Etiqueta | $1,590.00"
El Palacio de Hierro,COACH,Cartera en piel Mujer,,4550,https://www.elpalaciodehierro.com/coach correa decorativa para bolsa mujer 44988036.html?cid=102005,"MESES SIN INTERESES | COACH | Correa decorativa para bolsa Mujer | $3,890.00"
El Palacio de Hierro,COACH,Cartera en piel negra Mujer,,3250,https://www.elpalaciodehierro.com/coach correa para bolsa mujer 44636474.html?cid=102005,"MESES SIN INTERESES | COACH | Correa para Bolsa Mujer | $3,250.00"
El Palacio de Hierro,COACH,Cartera en Piel Skinny Mujer,,4550,https://www.elpalaciodehierro.com/coach correa para bolsa straps en tono plata mujer 44949019.html?cid=102005,"MESES SIN INTERESES | COACH | Correa para bolsa Straps en tono plata Mujer | $1,590.00"
El Palacio de Hierro,COACH,Cartera en piel texturizada Mujer,,3250,https://www.elpalaciodehierro.com/coach tarjetero cafe oscuro en piel zip around mujer 44949025.html?cid=102005,"MESES SIN INTERESES | COACH | Tarjetero café oscuro en piel Zip Around Mujer | $1,950.00"
El Palacio de Hierro,COACH,Cartera en piel vacuna lisa Mujer,,3890,https://www.elpalaciodehierro.com/coach tarjetero con logotipo mujer 45155531.html?cid=102005,"MESES SIN INTERESES | COACH | Tarjetero con logotipo Mujer | $2,090.00"
El Palacio de Hierro,COACH,Cartera Mila en piel beige Mujer,,4550,https://www.elpalaciodehierro.com/coach tarjetero con monogram estampado mujer 43129439.html?cid=102005,"MESES SIN INTERESES | COACH | Tarjetero con monogram estampado Mujer | $1,950.00"
El Palacio de Hierro,COACH,Cartera Mila en piel café con monogram Mujer,,4550,https://www.elpalaciodehierro.com/coach tarjetero en cuero essential estampado mujer 45311006.html?cid=102005,"MESES SIN INTERESES | COACH | Tarjetero en cuero Essential estampado Mujer | $2,450.00"
El Palacio de Hierro,COACH,Cartera Mila en piel crema Mujer,,3250,https://www.elpalaciodehierro.com/coach tarjetero en piel con logotipo mujer 45159658.html?cid=102005,"MESES SIN INTERESES | COACH | Tarjetero en piel con logotipo Mujer | $2,650.00"
El Palacio de Hierro,COACH,Cartera naranja en piel Essential Slim lisa Mujer,,4550,https://www.elpalaciodehierro.com/coach tarjetero en piel granulado mujer 44949048.html?cid=102005,"MESES SIN INTERESES | COACH | Tarjetero en piel granulado Mujer | $2,450.00"
El Palacio de Hierro,COACH,Cartera naranja en piel Essential Small Zip lisa Mujer,,2450,https://www.elpalaciodehierro.com/coach tarjetero en piel liso mujer 43845424.html?cid=102005,"MESES SIN INTERESES | COACH | Tarjetero en piel liso Mujer | $1,950.00"
El Palacio de Hierro,COACH,Cartera naranja en piel lisa Mujer,,4550,https://www.elpalaciodehierro.com/coach tarjetero en piel liso mujer 45159649.html?cid=102005,"MESES SIN INTERESES | COACH | Tarjetero en piel liso Mujer | $2,650.00"
El Palacio de Hierro,COACH,Cartera negra en piel lisa Mujer,,3890,https://www.elpalaciodehierro.com/coach tarjetero en piel liso mujer 45159651.html?cid=102005,"MESES SIN INTERESES | COACH | Tarjetero en piel liso Mujer | $3,490.00"
El Palacio de Hierro,COACH,Cartera rosa en piel Mujer,,3250,https://www.elpalaciodehierro.com/coach tarjetero en piel liso mujer 45159654.html?cid=102005,"MESES SIN INTERESES | COACH | Tarjetero en piel liso Mujer | $2,450.00"
El Palacio de Hierro,COACH,Cartera Verde en piel Essential Slim lisa Mujer,,2450,https://www.elpalaciodehierro.com/coach tarjetero en piel vacuna con logo mujer 43845414.html?cid=102005,"MESES SIN INTERESES | COACH | Tarjetero en piel vacuna con logo Mujer | $1,950.00"
El Palacio de Hierro,COACH,Cartera verde olivo en piel Essential lisa Mujer,,3250,https://www.elpalaciodehierro.com/coach tarjetero en piel vacuna liso mujer 45159657.html?cid=102005,"MESES SIN INTERESES | COACH | Tarjetero en piel vacuna liso Mujer | $2,090.00"
El Palacio de Hierro,COACH,Colgante para Bolsa   Etiqueta,,1590,https://www.elpalaciodehierro.com/coach tarjetero essential en piel blanco mujer 44636466.html?cid=102005,"MESES SIN INTERESES | COACH | Tarjetero Essential en piel blanco Mujer | $2,450.00"
El Palacio de Hierro,COACH,Correa decorativa para bolsa Mujer,,3890,https://www.elpalaciodehierro.com/coach tarjetero estampado mujer 44775630.html?cid=102005,"MESES SIN INTERESES | COACH | Tarjetero estampado Mujer | $1,950.00"
El Palacio de Hierro,COACH,Correa para Bolsa Mujer,,3250,https://www.elpalaciodehierro.com/coach tarjetero monogram mujer 44359690.html?cid=102005,"MESES SIN INTERESES | COACH | Tarjetero Monogram Mujer | $2,450.00"
El Palacio de Hierro,COACH,Correa para bolsa Straps en tono plata Mujer,,1590,https://www.elpalaciodehierro.com/coach tarjetero negro en piel liso mujer 43627649.html?cid=102005,"MESES SIN INTERESES | COACH | Tarjetero negro en piel liso Mujer | $1,950.00"
El Palacio de Hierro,COACH,Tarjetero café oscuro en piel Zip Around Mujer,,1950,https://www.elpalaciodehierro.com/delsey mochila de moda secur unisex 44989022.html?cid=102005,"MESES SIN INTERESES | DELSEY | Mochila de moda Secur Unisex | $3,499.00 | $2,974.15"
El Palacio de Hierro,COACH,Tarjetero con logotipo Mujer,,2090,https://www.elpalaciodehierro.com/delsey mochila de moda turenne unisex 44989024.html?cid=102005,"MESES SIN INTERESES | DELSEY | Mochila de moda Turenne Unisex | $3,499.00 | $2,974.15"
El Palacio de Hierro,COACH,Tarjetero con monogram estampado Mujer,,1950,https://www.elpalaciodehierro.com/delsey mochila de viaje jeep unisex 44988988.html?cid=102005,"MESES SIN INTERESES | DELSEY | Mochila de viaje Jeep Unisex | $2,499.00 | $2,249.10"
El Palacio de Hierro,COACH,Tarjetero en cuero Essential estampado Mujer,,2450,https://www.elpalaciodehierro.com/delsey mochila de viaje jeep unisex 44989017.html?cid=102005,"MESES SIN INTERESES | DELSEY | Mochila de viaje Jeep Unisex | $3,999.00 | $3,599.10"
El Palacio de Hierro,COACH,Tarjetero en piel con logotipo Mujer,,2650,https://www.elpalaciodehierro.com/delsey mochila rempart unisex 44989020.html?cid=102005,"MESES SIN INTERESES | DELSEY | Mochila Rempart Unisex | $6,499.00 | $5,524.15"
El Palacio de Hierro,COACH,Tarjetero en piel granulado Mujer,,2450,https://www.elpalaciodehierro.com/delsey mochila tactical jeep unisex 45240284.html?cid=102005,"MESES SIN INTERESES | DELSEY | Mochila Tactical Jeep Unisex | $3,999.00 | $3,599.10"
El Palacio de Hierro,COACH,Tarjetero en piel liso Mujer,,1950,https://www.elpalaciodehierro.com/desigual bolsa backpack radio luena fantasia mujer 45008758.html?cid=102005,"MESES SIN INTERESES | DESIGUAL | Bolsa backpack Radio Luena fantasía Mujer | $2,790.00 | $1,674.00"
El Palacio de Hierro,COACH,Tarjetero en piel liso Mujer,,2650,https://www.elpalaciodehierro.com/desigual bolsa crossbody jaspeada mujer 45022807.html?cid=102005,"MESES SIN INTERESES | DESIGUAL | Bolsa crossbody jaspeada Mujer | $1,890.00"
El Palacio de Hierro,COACH,Tarjetero en piel liso Mujer,,3490,https://www.elpalaciodehierro.com/desigual bolsa crossbody lisa mujer 45249319.html?cid=102005,"DESIGUAL | Bolsa crossbody lisa Mujer | $2,190.00"
El Palacio de Hierro,COACH,Tarjetero en piel liso Mujer,,2450,https://www.elpalaciodehierro.com/desigual bolsa crossbody obsidian munich estampada mujer 45274407.html?cid=102005,"DESIGUAL | Bolsa crossbody Obsidian Munich estampada Mujer | $2,190.00"
El Palacio de Hierro,COACH,Tarjetero en piel vacuna con logo Mujer,,1950,https://www.elpalaciodehierro.com/desigual bolsa denim bordada mujer 45008702.html?cid=102005,"MESES SIN INTERESES | DESIGUAL | Bolsa denim bordada Mujer | $2,490.00"
El Palacio de Hierro,COACH,Tarjetero en piel vacuna liso Mujer,,2090,https://www.elpalaciodehierro.com/desigual bolsa grande charms denim mujer 45008694.html?cid=102005,"MESES SIN INTERESES | DESIGUAL | Bolsa grande charms denim Mujer | $2,790.00"
El Palacio de Hierro,COACH,Tarjetero Essential en piel blanco Mujer,,2450,https://www.elpalaciodehierro.com/desigual bolsa pequena relieve mujer 45008746.html?cid=102005,"MESES SIN INTERESES | DESIGUAL | Bolsa pequeña relieve Mujer | $2,190.00 | $1,752.00"
El Palacio de Hierro,COACH,Tarjetero estampado Mujer,,1950,https://www.elpalaciodehierro.com/desigual bolsa pequeno brillante lazo mujer 45008716.html?cid=102005,"MESES SIN INTERESES | DESIGUAL | Bolsa pequeño brillante lazo Mujer | $1,890.00 | $945.00"
El Palacio de Hierro,COACH,Tarjetero Monogram Mujer,,2450,https://www.elpalaciodehierro.com/desigual bolsa shoulder acabado liso mujer 45213415.html?cid=102005,"MESES SIN INTERESES | DESIGUAL | Bolsa shoulder acabado liso Mujer | $2,190.00 | $1,752.00"
El Palacio de Hierro,COACH,Tarjetero negro en piel liso Mujer,,1950,https://www.elpalaciodehierro.com/desigual bolsa shoulder argon black zarauz lisa mujer 45213413.html?cid=102005,"MESES SIN INTERESES | DESIGUAL | Bolsa shoulder Argon Black Zarauz lisa Mujer | $2,190.00"
El Palacio de Hierro,DELSEY,Mochila de moda Secur Unisex,3499,2974.15,https://www.elpalaciodehierro.com/desigual bolsa shoulder argon trenzada lisa mujer 45191743.html?cid=102005,"MESES SIN INTERESES | DESIGUAL | Bolsa shoulder Argon trenzada lisa Mujer | $2,790.00 | $1,674.00"
El Palacio de Hierro,DELSEY,Mochila de moda Turenne Unisex,3499,2974.15,https://www.elpalaciodehierro.com/desigual bolsa shoulder blanca indio alsacia estampada mujer 45008700.html?cid=102005,"MESES SIN INTERESES | DESIGUAL | Bolsa shoulder blanca Indio Alsacia estampada Mujer | $2,190.00"
El Palacio de Hierro,DELSEY,Mochila de viaje Jeep Unisex,2499,2249.1,https://www.elpalaciodehierro.com/desigual bolsa shoulder deslavada mujer 45008688.html?cid=102005,"MESES SIN INTERESES | DESIGUAL | Bolsa shoulder deslavada Mujer | $2,490.00"
El Palacio de Hierro,DELSEY,Mochila de viaje Jeep Unisex,3999,3599.1,https://www.elpalaciodehierro.com/desigual bolsa shoulder deslavada mujer 45008698.html?cid=102005,"MESES SIN INTERESES | DESIGUAL | Bolsa Shoulder deslavada Mujer | $2,490.00"
El Palacio de Hierro,DELSEY,Mochila Rempart Unisex,6499,5524.15,https://www.elpalaciodehierro.com/desigual bolsa shoulder galaxy negra mujer 45008714.html?cid=102005,"DESIGUAL | Bolsa Shoulder Galaxy negra Mujer | $2,790.00 | $1,395.00"
El Palacio de Hierro,DELSEY,Mochila Tactical Jeep Unisex,3999,3599.1,https://www.elpalaciodehierro.com/desigual bolsa shoulder lisa mujer 45008706.html?cid=102005,"MESES SIN INTERESES | DESIGUAL | Bolsa shoulder lisa Mujer | $2,490.00"
El Palacio de Hierro,DESIGUAL,Bolsa backpack Radio Luena fantasía Mujer,2790,1674,https://www.elpalaciodehierro.com/desigual bolsa shoulder lisa mujer 45008718.html?cid=102005,"MESES SIN INTERESES | DESIGUAL | Bolsa shoulder lisa Mujer | $1,890.00 | $1,512.00"
El Palacio de Hierro,DESIGUAL,Bolsa crossbody jaspeada Mujer,,1890,https://www.elpalaciodehierro.com/desigual bolsa shoulder lisa mujer 45008720.html?cid=102005,"MESES SIN INTERESES | DESIGUAL | Bolsa shoulder lisa Mujer | $2,190.00 | $1,752.00"
El Palacio de Hierro,DESIGUAL,Bolsa crossbody lisa Mujer,,2190,https://www.elpalaciodehierro.com/desigual bolsa shoulder lisa mujer 45008722.html?cid=102005,"MESES SIN INTERESES | DESIGUAL | Bolsa shoulder lisa Mujer | $2,490.00 | $1,992.00"
El Palacio de Hierro,DESIGUAL,Bolsa crossbody Obsidian Munich estampada Mujer,,2190,https://www.elpalaciodehierro.com/desigual bolsa shoulder lisa mujer 45008726.html?cid=102005,"MESES SIN INTERESES | DESIGUAL | Bolsa shoulder lisa Mujer | $2,790.00 | $1,953.00"
El Palacio de Hierro,DESIGUAL,Bolsa denim bordada Mujer,,2490,https://www.elpalaciodehierro.com/desigual bolsa shoulder lisa mujer 45008728.html?cid=102005,"MESES SIN INTERESES | DESIGUAL | Bolsa Shoulder lisa Mujer | $2,190.00"
El Palacio de Hierro,DESIGUAL,Bolsa grande charms denim Mujer,,2790,https://www.elpalaciodehierro.com/desigual bolsa shoulder lisa mujer 45008732.html?cid=102005,"MESES SIN INTERESES | DESIGUAL | Bolsa shoulder lisa Mujer | $2,190.00 | $1,314.00"
El Palacio de Hierro,DESIGUAL,Bolsa pequeña relieve Mujer,2190,1752,https://www.elpalaciodehierro.com/desigual bolsa shoulder mirenis naron mini lisa mujer 45008712.html?cid=102005,"MESES SIN INTERESES | DESIGUAL | Bolsa shoulder Mirenis Naron Mini lisa Mujer | $1,890.00 | $1,323.00"
El Palacio de Hierro,DESIGUAL,Bolsa pequeño brillante lazo Mujer,1890,945,https://www.elpalaciodehierro.com/desigual bolsa shoulder mujer 45008684.html?cid=102005,"MESES SIN INTERESES | DESIGUAL | Bolsa Shoulder Mujer | $2,190.00 | $1,095.00"
El Palacio de Hierro,DESIGUAL,Bolsa shoulder acabado liso Mujer,2190,1752,https://www.elpalaciodehierro.com/desigual bolsa shoulder multicolor uranio margot mini estampada mujer 45008686.html?cid=102005,"MESES SIN INTERESES | DESIGUAL | Bolsa shoulder multicolor Uranio Margot Mini estampada Mujer | $2,490.00"
El Palacio de Hierro,DESIGUAL,Bolsa shoulder Argon Black Zarauz lisa Mujer,,2190,https://www.elpalaciodehierro.com/desigual bolsa shoulder negra mirenis habana fantasia mujer 45008734.html?cid=102005,"MESES SIN INTERESES | DESIGUAL | Bolsa shoulder negra Mirenis Habana fantasía Mujer | $2,190.00"
El Palacio de Hierro,DESIGUAL,Bolsa shoulder Argon trenzada lisa Mujer,2790,1674,https://www.elpalaciodehierro.com/desigual bolsa shoulder obsidian leiria mini estampada mujer 45274409.html?cid=102005,"DESIGUAL | Bolsa shoulder Obsidian Leiria Mini estampada Mujer | $2,190.00"
El Palacio de Hierro,DESIGUAL,Bolsa shoulder blanca Indio Alsacia estampada Mujer,,2190,https://www.elpalaciodehierro.com/desigual bolsa shoulder roja glow red dortmund estampada mujer 45008740.html?cid=102005,"MESES SIN INTERESES | DESIGUAL | Bolsa shoulder roja Glow Red Dortmund estampada Mujer | $2,190.00 | $1,314.00"
El Palacio de Hierro,DESIGUAL,Bolsa shoulder deslavada Mujer,,2490,https://www.elpalaciodehierro.com/desigual bolsa shoulder roja heritown mini estampada mujer 45008744.html?cid=102005,"MESES SIN INTERESES | DESIGUAL | Bolsa shoulder roja Heritown Mini estampada Mujer | $2,490.00 | $1,494.00"
El Palacio de Hierro,DESIGUAL,Bolsa Shoulder deslavada Mujer,,2490,https://www.elpalaciodehierro.com/desigual bolsa shoulder rosa belirio habana estampada mujer 45008696.html?cid=102005,"MESES SIN INTERESES | DESIGUAL | Bolsa shoulder rosa Belirio Habana estampada Mujer | $2,790.00 | $2,232.00"
El Palacio de Hierro,DESIGUAL,Bolsa Shoulder Galaxy negra Mujer,2790,1395,https://www.elpalaciodehierro.com/desigual bolsa shoulder sierra fantasia mujer 45008736.html?cid=102005,"MESES SIN INTERESES | DESIGUAL | Bolsa shoulder Sierra fantasía Mujer | $1,890.00 | $1,512.00"
El Palacio de Hierro,DESIGUAL,Bolsa shoulder lisa Mujer,,2490,https://www.elpalaciodehierro.com/desigual bolsa shoulder sierra fantasia mujer 45008738.html?cid=102005,"MESES SIN INTERESES | DESIGUAL | Bolsa shoulder Sierra fantasía Mujer | $2,190.00 | $1,533.00"
El Palacio de Hierro,DESIGUAL,Bolsa shoulder lisa Mujer,1890,1512,https://www.elpalaciodehierro.com/desigual bolsa shoulder venecia ecru lisa mujer 45008730.html?cid=102005,"MESES SIN INTERESES | DESIGUAL | Bolsa Shoulder Venecia Ecru lisa Mujer | $1,890.00"
El Palacio de Hierro,DESIGUAL,Bolsa shoulder lisa Mujer,2190,1752,https://www.elpalaciodehierro.com/desigual bolsa shoulder weverly roja mujer 45008704.html?cid=102005,"MESES SIN INTERESES | DESIGUAL | Bolsa Shoulder Weverly roja Mujer | $1,890.00 | $1,512.00"
El Palacio de Hierro,DESIGUAL,Bolsa shoulder lisa Mujer,2490,1992,https://www.elpalaciodehierro.com/desigual cartera animalprint mujer 45022821.html?cid=102005,"MESES SIN INTERESES | DESIGUAL | Cartera Animalprint Mujer | $1,590.00 | $1,272.00"
El Palacio de Hierro,DESIGUAL,Bolsa shoulder lisa Mujer,2790,1953,https://www.elpalaciodehierro.com/desigual cartera camel sierra fiona fantasia bordada mujer 45022830.html?cid=102005,"MESES SIN INTERESES | DESIGUAL | Cartera camel Sierra Fiona fantasía bordada Mujer | $1,590.00 | $954.00"
El Palacio de Hierro,DESIGUAL,Bolsa Shoulder lisa Mujer,,2190,https://www.elpalaciodehierro.com/desigual cartera denim jaspeada mujer 45022805.html?cid=102005,"MESES SIN INTERESES | DESIGUAL | Cartera denim jaspeada Mujer | $1,890.00"
El Palacio de Hierro,DESIGUAL,Bolsa shoulder lisa Mujer,2190,1314,https://www.elpalaciodehierro.com/desigual cartera lisa mujer 45022817.html?cid=102005,"MESES SIN INTERESES | DESIGUAL | Cartera lisa Mujer | $1,290.00 | $903.00"
El Palacio de Hierro,DESIGUAL,Bolsa shoulder Mirenis Naron Mini lisa Mujer,1890,1323,https://www.elpalaciodehierro.com/desigual cartera lisa mujer 45022819.html?cid=102005,"MESES SIN INTERESES | DESIGUAL | Cartera lisa Mujer | $1,590.00 | $1,113.00"
El Palacio de Hierro,DESIGUAL,Bolsa Shoulder Mujer,2190,1095,https://www.elpalaciodehierro.com/desigual mochila casual cromo sumy mini lisa mujer 45249341.html?cid=102005,"DESIGUAL | Mochila casual Cromo Sumy Mini lisa Mujer | $2,190.00"
El Palacio de Hierro,DESIGUAL,Bolsa shoulder multicolor Uranio Margot Mini estampada Mujer,,2490,https://www.elpalaciodehierro.com/desigual mochila casual gathered denim mini lisa mujer 45008756.html?cid=102005,"MESES SIN INTERESES | DESIGUAL | Mochila casual Gathered denim mini lisa Mujer | $2,790.00"
El Palacio de Hierro,DESIGUAL,Bolsa shoulder negra Mirenis Habana fantasía Mujer,,2190,https://www.elpalaciodehierro.com/desigual mochila casual torio sumy mini mujer 45266255.html?cid=102005,"MÁS VENDIDO | DESIGUAL | Mochila casual Torio Sumy Mini Mujer | $2,490.00 | $1,992.00"
El Palacio de Hierro,DESIGUAL,Bolsa shoulder Obsidian Leiria Mini estampada Mujer,,2190,https://www.elpalaciodehierro.com/desigual mochila luena roja mujer 45008764.html?cid=102005,"MESES SIN INTERESES | DESIGUAL | Mochila Luena roja Mujer | $1,890.00 | $1,512.00"
El Palacio de Hierro,DESIGUAL,Bolsa shoulder roja Glow Red Dortmund estampada Mujer,2190,1314,https://www.elpalaciodehierro.com/desigual mochila mediana lettering mujer 45008692.html?cid=102005,"MESES SIN INTERESES | DESIGUAL | Mochila mediana lettering Mujer | $2,790.00"
El Palacio de Hierro,DESIGUAL,Bolsa shoulder roja Heritown Mini estampada Mujer,2490,1494,https://www.elpalaciodehierro.com/desigual mochila neo grunge globe mujer 45008770.html?cid=102005,"MESES SIN INTERESES | DESIGUAL | Mochila Neo Grunge Globe Mujer | $2,790.00"
El Palacio de Hierro,DESIGUAL,Bolsa shoulder rosa Belirio Habana estampada Mujer,2790,2232,https://www.elpalaciodehierro.com/desigual mochila pequena denim corazon mujer 45008762.html?cid=102005,"MESES SIN INTERESES | DESIGUAL | Mochila pequeña denim corazón Mujer | $2,790.00"
El Palacio de Hierro,DESIGUAL,Bolsa shoulder Sierra fantasía Mujer,1890,1512,https://www.elpalaciodehierro.com/desigual mochila pequena relieve mujer 45008768.html?cid=102005,"MESES SIN INTERESES | DESIGUAL | Mochila pequeña relieve Mujer | $2,190.00"
El Palacio de Hierro,DESIGUAL,Bolsa shoulder Sierra fantasía Mujer,2190,1533,https://www.elpalaciodehierro.com/desigual mochila xl multiposicion mujer 43408086.html?cid=102005,"MESES SIN INTERESES | DESIGUAL | Mochila XL multiposición Mujer | $4,390.00"
El Palacio de Hierro,DESIGUAL,Bolsa Shoulder Venecia Ecru lisa Mujer,,1890,https://www.elpalaciodehierro.com/dhierro bolsa crossbody en piel homero lisa mujer 45216548.html?cid=102005,"MÁS BUSCADO | DHIERRO | Bolsa crossbody en piel Homero lisa Mujer | $2,890.00"
El Palacio de Hierro,DESIGUAL,Bolsa Shoulder Weverly roja Mujer,1890,1512,https://www.elpalaciodehierro.com/dhierro bolsa crossbody en piel mujer 44937153.html?cid=102005,"MÁS BUSCADO | DHIERRO | Bolsa Crossbody en piel Mujer | $5,990.00 | $3,594.00"
El Palacio de Hierro,DESIGUAL,Cartera Animalprint Mujer,1590,1272,https://www.elpalaciodehierro.com/dhierro bolsa tote en piel mujer 44937151.html?cid=102005,"MÁS BUSCADO | DHIERRO | Bolsa Tote en piel Mujer | $6,990.00 | $4,194.00"
El Palacio de Hierro,DESIGUAL,Cartera camel Sierra Fiona fantasía bordada Mujer,1590,954,https://www.elpalaciodehierro.com/dhierro tarjetero en piel azul metalizado liso mujer 45191542.html?cid=102005,"MÁS BUSCADO | DHIERRO | Tarjetero en piel azul metalizado liso Mujer | $2,190.00"
El Palacio de Hierro,DESIGUAL,Cartera denim jaspeada Mujer,,1890,https://www.elpalaciodehierro.com/dhierro tarjetero en piel cafe metalizado liso mujer 45191540.html?cid=102005,"MÁS BUSCADO | DHIERRO | Tarjetero en piel café metalizado liso Mujer | $2,190.00"
El Palacio de Hierro,DESIGUAL,Cartera lisa Mujer,1290,903,https://www.elpalaciodehierro.com/diesel bolsa mini bowler negra en piel dome lisa mujer 45007734.html?cid=102005,"MESES SIN INTERESES | DIESEL | Bolsa mini bowler negra en piel Dome lisa Mujer | $10,390.00"
El Palacio de Hierro,DESIGUAL,Cartera lisa Mujer,1590,1113,https://www.elpalaciodehierro.com/diesel bolsa shoulder negra en piel 1dr lisa mujer 45007770.html?cid=102005,"MESES SIN INTERESES | DIESEL | Bolsa shoulder negra en piel 1DR lisa Mujer | $12,090.00"
El Palacio de Hierro,DESIGUAL,Mochila casual Cromo Sumy Mini lisa Mujer,,2190,https://www.elpalaciodehierro.com/diesel cartera bifold en piel 1dr zip ii liso mujer 45397729.html?cid=102005,"MESES SIN INTERESES | DIESEL | Cartera bifold en piel 1DR Zip II liso Mujer | $5,790.00"
El Palacio de Hierro,DESIGUAL,Mochila casual Gathered denim mini lisa Mujer,,2790,https://www.elpalaciodehierro.com/diesel cartera bifold en piel 1dr zip ii liso mujer 45397733.html?cid=102005,"MESES SIN INTERESES | DIESEL | Cartera bifold en piel 1DR Zip II liso Mujer | $6,190.00"
El Palacio de Hierro,MÁS VENDIDO,DESIGUAL,2490,1992,https://www.elpalaciodehierro.com/diesel cartera bifold en piel pc monogram liso mujer 45397745.html?cid=102005,"MESES SIN INTERESES | DIESEL | Cartera bifold en piel Pc Monogram liso Mujer | $5,290.00"
El Palacio de Hierro,DESIGUAL,Mochila Luena roja Mujer,1890,1512,https://www.elpalaciodehierro.com/diesel cartera trifold 1dr lisa mujer 45007737.html?cid=102005,"MESES SIN INTERESES | DIESEL | Cartera trifold 1DR lisa Mujer | $5,290.00"
El Palacio de Hierro,DESIGUAL,Mochila mediana lettering Mujer,,2790,https://www.elpalaciodehierro.com/diesel tarjetero en piel liso mujer 45397737.html?cid=102005,"MESES SIN INTERESES | DIESEL | Tarjetero en piel liso Mujer | $4,690.00"
El Palacio de Hierro,DESIGUAL,Mochila Neo Grunge Globe Mujer,,2790,https://www.elpalaciodehierro.com/dolce gabbana bolsa clutch 3.5 43229206.html?cid=102005,"DOLCE & GABBANA | Bolsa clutch 3.5 | $28,000.00"
El Palacio de Hierro,DESIGUAL,Mochila pequeña denim corazón Mujer,,2790,https://www.elpalaciodehierro.com/dolce gabbana bolsa de mano sicily maiolica mujer 44911292.html?cid=102005,"DOLCE & GABBANA | Bolsa de mano Sicily Maiolica Mujer | $51,000.00"
El Palacio de Hierro,DESIGUAL,Mochila pequeña relieve Mujer,,2190,https://www.elpalaciodehierro.com/dolce gabbana bolsa devotion 43507265.html?cid=102005,"DOLCE & GABBANA | Bolsa Devotion | $38,000.00"
El Palacio de Hierro,DESIGUAL,Mochila XL multiposición Mujer,,4390,https://www.elpalaciodehierro.com/dolce gabbana bolsa devotion 43507269.html?cid=102005,"DOLCE & GABBANA | Bolsa Devotion | $65,000.00"
El Palacio de Hierro,MÁS BUSCADO,DHIERRO,,2890,https://www.elpalaciodehierro.com/dolce gabbana bolsa devotion 44911291.html?cid=102005,"DOLCE & GABBANA | Bolsa Devotion | $56,000.00"
El Palacio de Hierro,MÁS BUSCADO,DHIERRO,5990,3594,https://www.elpalaciodehierro.com/dolce gabbana bolsa mediana satchel en piel sicily mujer 42127605.html?cid=102005,"DOLCE & GABBANA | Bolsa mediana satchel en piel Sicily Mujer | $48,000.00"
El Palacio de Hierro,MÁS BUSCADO,DHIERRO,6990,4194,https://www.elpalaciodehierro.com/dolce gabbana bolsa micro sicilian 1 45334026.html?cid=102005,"DOLCE & GABBANA | Bolsa Micro Sicilian 1 | $27,500.00"
El Palacio de Hierro,MÁS BUSCADO,DHIERRO,,2190,https://www.elpalaciodehierro.com/dolce gabbana bolsa mini shoulder amarillo en piel sicily lisa mujer 45020119.html?cid=102005,"DOLCE & GABBANA | Bolsa mini shoulder amarillo en piel Sicily lisa Mujer | $37,000.00"
El Palacio de Hierro,MÁS BUSCADO,DHIERRO,,2190,https://www.elpalaciodehierro.com/dolce gabbana bolsa mini shoulder plateada en piel sicily animalskin mujer 45020116.html?cid=102005,"DOLCE & GABBANA | Bolsa mini shoulder plateada en piel Sicily animalskin Mujer | $60,000.00"
El Palacio de Hierro,DIESEL,Bolsa mini bowler negra en piel Dome lisa Mujer,,10390,https://www.elpalaciodehierro.com/dolce gabbana bolsa my sicily 45110529.html?cid=102005,"DOLCE & GABBANA | Bolsa My Sicily | $83,000.00"
El Palacio de Hierro,DIESEL,Bolsa shoulder negra en piel 1DR lisa Mujer,,12090,https://www.elpalaciodehierro.com/dolce gabbana bolsa pequena satchel en piel devotion metalizada mujer 42087155.html?cid=102005,"DOLCE & GABBANA | Bolsa pequeña satchel en piel Devotion metalizada Mujer | $43,000.00"
El Palacio de Hierro,DIESEL,Cartera bifold en piel 1DR Zip II liso Mujer,,5790,https://www.elpalaciodehierro.com/dolce gabbana bolsa shoulder en piel de becerro sicily mujer 45020100.html?cid=102005,"DOLCE & GABBANA | Bolsa shoulder en piel de becerro Sicily Mujer | $36,000.00"
El Palacio de Hierro,DIESEL,Cartera bifold en piel 1DR Zip II liso Mujer,,6190,https://www.elpalaciodehierro.com/dolce gabbana bolsa shoulder en piel de becerro sicily mujer 45020108.html?cid=102005,"DOLCE & GABBANA | Bolsa shoulder en piel de becerro Sicily Mujer | $48,000.00"
El Palacio de Hierro,DIESEL,Cartera bifold en piel Pc Monogram liso Mujer,,5290,https://www.elpalaciodehierro.com/dolce gabbana bolsa shoulder en piel sicily mujer 45020102.html?cid=102005,"DOLCE & GABBANA | Bolsa shoulder en piel Sicily Mujer | $76,000.00"
El Palacio de Hierro,DIESEL,Cartera trifold 1DR lisa Mujer,,5290,https://www.elpalaciodehierro.com/dolce gabbana bolsa siciliy cyclamen 45020093.html?cid=102005,"DOLCE & GABBANA | Bolsa Siciliy Cyclamen | $36,000.00"
El Palacio de Hierro,DIESEL,Tarjetero en piel liso Mujer,,4690,https://www.elpalaciodehierro.com/dolce gabbana bolsa sicily 43507179.html?cid=102005,"DOLCE & GABBANA | Bolsa Sicily | $40,000.00"
El Palacio de Hierro,DOLCE & GABBANA,Bolsa clutch 3.5,,28000,https://www.elpalaciodehierro.com/dolce gabbana bolsa sicily white 45020118.html?cid=102005,"DOLCE & GABBANA | Bolsa Sicily White | $37,000.00"
El Palacio de Hierro,DOLCE & GABBANA,Bolsa de mano Sicily Maiolica Mujer,,51000,https://www.elpalaciodehierro.com/dolce gabbana bolsa virgin 44808962.html?cid=102005,"DOLCE & GABBANA | Bolsa Virgin | $29,000.00"
El Palacio de Hierro,DOLCE & GABBANA,Bolsa Devotion,,38000,https://www.elpalaciodehierro.com/dolce gabbana bolsa vittoria 45172086.html?cid=102005,"DOLCE & GABBANA | Bolsa Vittoria | $46,000.00"
El Palacio de Hierro,DOLCE & GABBANA,Bolsa Devotion,,65000,https://www.elpalaciodehierro.com/dolce gabbana bolso crossbody logo en piel negra mujer 43224158.html?cid=102005,"DOLCE & GABBANA | Bolso Crossbody LOGO en piel negra Mujer | $26,500.00"
El Palacio de Hierro,DOLCE & GABBANA,Bolsa Devotion,,56000,https://www.elpalaciodehierro.com/dolce gabbana bolso tote en piel dg logo mujer 43507183.html?cid=102005,"DOLCE & GABBANA | Bolso tote en piel DG Logo Mujer | $23,000.00"
El Palacio de Hierro,DOLCE & GABBANA,Bolsa mediana satchel en piel Sicily Mujer,,48000,https://www.elpalaciodehierro.com/dolce gabbana bolso tote en piel naranja dg logo mujer 43507180.html?cid=102005,"DOLCE & GABBANA | Bolso tote en piel Naranja DG Logo Mujer | $23,000.00"
El Palacio de Hierro,DOLCE & GABBANA,Bolsa Micro Sicilian 1,,27500,https://www.elpalaciodehierro.com/dolce gabbana tarjetero en piel estampado mayolica mujer 44773895.html?cid=102005,"DOLCE & GABBANA | Tarjetero en piel estampado Mayólica Mujer | $6,300.00"
El Palacio de Hierro,DOLCE & GABBANA,Bolsa mini shoulder amarillo en piel Sicily lisa Mujer,,37000,https://www.elpalaciodehierro.com/etro bolsa clutch en piel vacuna talk lisa mujer 45034150.html?cid=102005,"NUEVA TEMPORADA | ETRO | Bolsa Clutch en piel vacuna Talk lisa Mujer | $30,800.00 | $21,560.00"
El Palacio de Hierro,DOLCE & GABBANA,Bolsa mini shoulder plateada en piel Sicily animalskin Mujer,,60000,https://www.elpalaciodehierro.com/etro bolsa clutch en piel vacuna talk xs lisa mujer 45034142.html?cid=102005,"NUEVA TEMPORADA | ETRO | Bolsa Clutch en piel vacuna Talk XS lisa Mujer | $26,400.00 | $18,480.00"
El Palacio de Hierro,DOLCE & GABBANA,Bolsa My Sicily,,83000,https://www.elpalaciodehierro.com/etro bolsa crossbody en piel mujer 45158544.html?cid=102005,"NUEVA TEMPORADA | ETRO | Bolsa crossbody en piel Mujer | $52,500.00 | $36,750.00"
El Palacio de Hierro,DOLCE & GABBANA,Bolsa pequeña satchel en piel Devotion metalizada Mujer,,43000,https://www.elpalaciodehierro.com/etro bolsa crossbody en piel vacuna pony lisa mujer 45034148.html?cid=102005,"NUEVA TEMPORADA | ETRO | Bolsa Crossbody en piel vacuna Pony lisa Mujer | $43,200.00 | $30,240.00"
El Palacio de Hierro,DOLCE & GABBANA,Bolsa shoulder en piel de becerro Sicily Mujer,,36000,https://www.elpalaciodehierro.com/etro bolsa crossbody lisa mujer 45158546.html?cid=102005,"NUEVA TEMPORADA | ETRO | Bolsa crossbody lisa Mujer | $46,300.00 | $37,040.00"
El Palacio de Hierro,DOLCE & GABBANA,Bolsa shoulder en piel de becerro Sicily Mujer,,48000,https://www.elpalaciodehierro.com/etro bolsa magma s mujer 45034146.html?cid=102005,"NUEVA TEMPORADA | ETRO | Bolsa Magma S Mujer | $48,100.00 | $33,670.00"
El Palacio de Hierro,DOLCE & GABBANA,Bolsa shoulder en piel Sicily Mujer,,76000,https://www.elpalaciodehierro.com/etro bolsa pony xl trumbled mujer 45034144.html?cid=102005,"NUEVA TEMPORADA | ETRO | Bolsa Pony XL Trumbled Mujer | $61,800.00 | $43,260.00"
El Palacio de Hierro,DOLCE & GABBANA,Bolsa Siciliy Cyclamen,,36000,https://www.elpalaciodehierro.com/etro bolsa shoulder en piel vacuna shopping libra lisa mujer 45034152.html?cid=102005,"NUEVA TEMPORADA | ETRO | Bolsa Shoulder en piel vacuna Shopping Libra lisa Mujer | $45,100.00 | $31,570.00"
El Palacio de Hierro,DOLCE & GABBANA,Bolsa Sicily,,40000,https://www.elpalaciodehierro.com/ferragamo bolsa crossbody en piel mini hug mujer 43803305.html?cid=102005,"FERRAGAMO | Bolsa Crossbody en Piel Mini Hug Mujer | $40,950.00"
El Palacio de Hierro,DOLCE & GABBANA,Bolsa Sicily White,,37000,https://www.elpalaciodehierro.com/ferragamo bolsa de hombro hug soft bicolor mujer 44212876.html?cid=102005,"FERRAGAMO | Bolsa de hombro Hug Soft bicolor Mujer | $73,600.00"
El Palacio de Hierro,DOLCE & GABBANA,Bolsa Virgin,,29000,https://www.elpalaciodehierro.com/ferragamo bolsa de mano hug con tachuelas 44589099.html?cid=102005,"FERRAGAMO | Bolsa de mano Hug con tachuelas | $80,000.00"
El Palacio de Hierro,DOLCE & GABBANA,Bolsa Vittoria,,46000,https://www.elpalaciodehierro.com/ferragamo bolsa hug soft 44418390.html?cid=102005,"FERRAGAMO | Bolsa Hug Soft | $67,500.00"
El Palacio de Hierro,DOLCE & GABBANA,Bolso Crossbody LOGO en piel negra Mujer,,26500,https://www.elpalaciodehierro.com/ferragamo bolsa mini doble gancini 44589104.html?cid=102005,"FERRAGAMO | Bolsa mini Doble Gancini | $26,800.00"
El Palacio de Hierro,DOLCE & GABBANA,Bolso tote en piel DG Logo Mujer,,23000,https://www.elpalaciodehierro.com/ferragamo bolsa mujer 44962555.html?cid=102005,"FERRAGAMO | Bolsa Mujer | $64,800.00"
El Palacio de Hierro,DOLCE & GABBANA,Bolso tote en piel Naranja DG Logo Mujer,,23000,https://www.elpalaciodehierro.com/ferragamo bolsa satchel hug mujer 43328234.html?cid=102005,"FERRAGAMO | Bolsa satchel Hug Mujer | $56,900.00"
El Palacio de Hierro,DOLCE & GABBANA,Tarjetero en piel estampado Mayólica Mujer,,6300,https://www.elpalaciodehierro.com/ferragamo bolsa shoulder hug mujer 44589014.html?cid=102005,"FERRAGAMO | Bolsa Shoulder Hug Mujer | $68,400.00"
El Palacio de Hierro,NUEVA TEMPORADA,ETRO,30800,21560,https://www.elpalaciodehierro.com/ferragamo bolsa top handle rosa claro mujer 44588914.html?cid=102005,"FERRAGAMO | Bolsa Top Handle rosa claro Mujer | $99,200.00"
El Palacio de Hierro,NUEVA TEMPORADA,ETRO,26400,18480,https://www.elpalaciodehierro.com/ferragamo bolsa tote con contorno gancini 44434992.html?cid=102005,"FERRAGAMO | Bolsa tote con contorno Gancini | $32,200.00"
El Palacio de Hierro,NUEVA TEMPORADA,ETRO,52500,36750,https://www.elpalaciodehierro.com/ferragamo bolsa tote mujer 44423749.html?cid=102005,"FERRAGAMO | Bolsa Tote Mujer | $29,800.00"
El Palacio de Hierro,NUEVA TEMPORADA,ETRO,43200,30240,https://www.elpalaciodehierro.com/ferragamo bolso mini hug mujer 43803317.html?cid=102005,"FERRAGAMO | Bolso mini Hug Mujer | $53,200.00"
El Palacio de Hierro,NUEVA TEMPORADA,ETRO,46300,37040,https://www.elpalaciodehierro.com/ferragamo cartera continental gancini mujer 40014322.html?cid=102005,"FERRAGAMO | Cartera continental Gancini Mujer | $16,950.00"
El Palacio de Hierro,NUEVA TEMPORADA,ETRO,48100,33670,https://www.elpalaciodehierro.com/ferragamo charm tarjetero mujer 44589109.html?cid=102005,"FERRAGAMO | Charm tarjetero Mujer | $6,950.00"
El Palacio de Hierro,NUEVA TEMPORADA,ETRO,61800,43260,https://www.elpalaciodehierro.com/fjallraven bolsa crossbody amarilla kanken sling lisa mujer 45212103.html?cid=102005,"MESES SIN INTERESES | FJÄLLRÄVEN | Bolsa crossbody amarilla Kanken Sling lisa Mujer | $1,490.00"
El Palacio de Hierro,NUEVA TEMPORADA,ETRO,45100,31570,https://www.elpalaciodehierro.com/fjallraven bolsa crossbody high coast lisa unisex 45333918.html?cid=102005,"MESES SIN INTERESES | FJÄLLRÄVEN | Bolsa Crossbody High Coast lisa Unisex | $1,090.00"
El Palacio de Hierro,FERRAGAMO,Bolsa Crossbody en Piel Mini Hug Mujer,,40950,https://www.elpalaciodehierro.com/fjallraven bolsa crossbody lisa mujer 45212104.html?cid=102005,"MESES SIN INTERESES | FJÄLLRÄVEN | Bolsa crossbody lisa Mujer | $1,490.00"
El Palacio de Hierro,FERRAGAMO,Bolsa de hombro Hug Soft bicolor Mujer,,73600,https://www.elpalaciodehierro.com/fjallraven bolsa crossbody lisa mujer 45212105.html?cid=102005,"MESES SIN INTERESES | FJÄLLRÄVEN | Bolsa crossbody lisa Mujer | $3,890.00"
El Palacio de Hierro,FERRAGAMO,Bolsa de mano Hug con tachuelas,,80000,https://www.elpalaciodehierro.com/fjallraven bolsa crossbody lisa mujer 45212106.html?cid=102005,"MESES SIN INTERESES | FJÄLLRÄVEN | Bolsa crossbody lisa Mujer | $2,590.00"
El Palacio de Hierro,FERRAGAMO,Bolsa de mano Hug con tachuelas (M),,73600,https://www.elpalaciodehierro.com/fjallraven bolsa messenger kanken unisex 45192467.html?cid=102005,"MESES SIN INTERESES | FJÄLLRÄVEN | Bolsa messenger Kanken Unisex | $4,990.00"
El Palacio de Hierro,FERRAGAMO,Bolsa Gancini (M),,48000,https://www.elpalaciodehierro.com/fjallraven bolsa shoulder kanken lisa unisex 45333909.html?cid=102005,"MESES SIN INTERESES | FJÄLLRÄVEN | Bolsa Shoulder Kånken lisa Unisex | $1,490.00"
El Palacio de Hierro,FERRAGAMO,Bolsa hobo (M),,49800,https://www.elpalaciodehierro.com/fjallraven bolsa shoulder kanken lisa unisex 45333912.html?cid=102005,"MESES SIN INTERESES | FJÄLLRÄVEN | Bolsa shoulder Kånken lisa Unisex | $1,490.00"
El Palacio de Hierro,FERRAGAMO,Bolsa Hug Soft,,67500,https://www.elpalaciodehierro.com/fjallraven cangurera kanken hip diseno solido unisex 45212127.html?cid=102005,"MESES SIN INTERESES | FJÄLLRÄVEN | Cangurera Kånken Hip diseño sólido Unisex | $1,190.00"
El Palacio de Hierro,FERRAGAMO,Bolsa mini Doble Gancini,,26800,https://www.elpalaciodehierro.com/fjallraven cangurera kanken hip pack negra lisa unisex 45212126.html?cid=102005,"MESES SIN INTERESES | FJÄLLRÄVEN | Cangurera Kånken Hip Pack negra lisa Unisex | $1,190.00"
El Palacio de Hierro,FERRAGAMO,Bolsa Mujer,,64800,https://www.elpalaciodehierro.com/fjallraven cangurera lila kanken hip pack lisa mujer 45212125.html?cid=102005,"MESES SIN INTERESES | FJÄLLRÄVEN | Cangurera lila Kanken Hip Pack lisa Mujer | $1,190.00"
El Palacio de Hierro,FERRAGAMO,Bolsa satchel Hug Mujer,,56900,https://www.elpalaciodehierro.com/fjallraven cangurera lisa azul kanken hip mujer 45212121.html?cid=102005,"MESES SIN INTERESES | FJÄLLRÄVEN | Cangurera lisa azul Kanken Hip Mujer | $1,190.00"
El Palacio de Hierro,FERRAGAMO,Bolsa Shoulder Hug Mujer,,68400,https://www.elpalaciodehierro.com/fjallraven cangurera lisa gris kanken hip mujer 45212120.html?cid=102005,"MESES SIN INTERESES | FJÄLLRÄVEN | Cangurera lisa gris Kanken Hip Mujer | $1,190.00"
El Palacio de Hierro,FERRAGAMO,Bolsa Top Handle rosa claro Mujer,,99200,https://www.elpalaciodehierro.com/fjallraven cangurera lisa mujer 45212128.html?cid=102005,"MESES SIN INTERESES | FJÄLLRÄVEN | Cangurera lisa Mujer | $1,190.00"
El Palacio de Hierro,FERRAGAMO,Bolsa tote con contorno Gancini,,32200,https://www.elpalaciodehierro.com/fjallraven cangurera rosa hip pack lisa mujer 45212123.html?cid=102005,"MESES SIN INTERESES | FJÄLLRÄVEN | Cangurera rosa Hip Pack lisa Mujer | $1,190.00"
El Palacio de Hierro,FERRAGAMO,Bolsa Tote Mujer,,29800,https://www.elpalaciodehierro.com/fjallraven cartera kanken lisa unisex 45212112.html?cid=102005,MESES SIN INTERESES | FJÄLLRÄVEN | Cartera Kånken lisa Unisex | $790.00
El Palacio de Hierro,FERRAGAMO,Bolso mini Hug Mujer,,53200,https://www.elpalaciodehierro.com/fjallraven cosmetiquera rosa kanken lisa mujer 45212118.html?cid=102005,MESES SIN INTERESES | FJÄLLRÄVEN | Cosmetiquera rosa Kanken lisa Mujer | $790.00
El Palacio de Hierro,FERRAGAMO,Bolso tote con logo (M) Mujer,,29800,https://www.elpalaciodehierro.com/fjallraven mochila casual kanken mini mujer 45212096.html?cid=102005,"MESES SIN INTERESES | FJÄLLRÄVEN | Mochila casual Kanken Mini Mujer | $1,700.00"
El Palacio de Hierro,FERRAGAMO,Cartera continental Gancini Mujer,,16950,https://www.elpalaciodehierro.com/fjallraven mochila casual kanken mini unisex 45212094.html?cid=102005,"MESES SIN INTERESES | FJÄLLRÄVEN | Mochila casual Kånken Mini Unisex | $1,700.00"
El Palacio de Hierro,FERRAGAMO,Charm tarjetero Mujer,,6950,https://www.elpalaciodehierro.com/fjallraven mochila casual kanken mujer 45212070.html?cid=102005,"MESES SIN INTERESES | FJÄLLRÄVEN | Mochila casual Kanken Mujer | $1,900.00"
El Palacio de Hierro,FJÄLLRÄVEN,Bolsa crossbody amarilla Kanken Sling lisa Mujer,,1490,https://www.elpalaciodehierro.com/fjallraven mochila casual kanken unisex 45212082.html?cid=102005,"MESES SIN INTERESES | FJÄLLRÄVEN | Mochila casual Kånken Unisex | $1,900.00"
El Palacio de Hierro,FJÄLLRÄVEN,Bolsa Crossbody High Coast lisa Unisex,,1090,https://www.elpalaciodehierro.com/fjallraven mochila high coast totepack mujer 45246583.html?cid=102005,"MESES SIN INTERESES | FJÄLLRÄVEN | Mochila High Coast Totepack Mujer | $1,900.00"
El Palacio de Hierro,FJÄLLRÄVEN,Bolsa crossbody lisa Mujer,,1490,https://www.elpalaciodehierro.com/fjallraven mochila high coast totepack unisex 45246582.html?cid=102005,"MESES SIN INTERESES | FJÄLLRÄVEN | Mochila High Coast Totepack Unisex | $1,900.00"
El Palacio de Hierro,FJÄLLRÄVEN,Bolsa crossbody lisa Mujer,,3890,https://www.elpalaciodehierro.com/fjallraven mochila kanken mini mujer 45212093.html?cid=102005,"MESES SIN INTERESES | FJÄLLRÄVEN | Mochila Kanken Mini Mujer | $1,700.00"
El Palacio de Hierro,FJÄLLRÄVEN,Bolsa crossbody lisa Mujer,,2590,https://www.elpalaciodehierro.com/fjallraven mochila kanken mini unisex 45212098.html?cid=102005,"MESES SIN INTERESES | FJÄLLRÄVEN | Mochila Kanken mini Unisex | $1,700.00"
El Palacio de Hierro,FJÄLLRÄVEN,Bolsa messenger Kanken Unisex,,4990,https://www.elpalaciodehierro.com/fjallraven mochila kanken mujer 45212079.html?cid=102005,"MESES SIN INTERESES | FJÄLLRÄVEN | Mochila Kanken Mujer | $1,900.00"
El Palacio de Hierro,FJÄLLRÄVEN,Bolsa Shoulder Kånken lisa Unisex,,1490,https://www.elpalaciodehierro.com/fjallraven mochila kanken outlong unisex 45212064.html?cid=102005,"MESES SIN INTERESES | FJÄLLRÄVEN | Mochila Kånken Outlong Unisex | $3,300.00"
El Palacio de Hierro,FJÄLLRÄVEN,Bolsa shoulder Kånken lisa Unisex,,1490,https://www.elpalaciodehierro.com/fjallraven mochila kanken unisex 45212083.html?cid=102005,"MESES SIN INTERESES | FJÄLLRÄVEN | Mochila Kånken Unisex | $1,700.00"
El Palacio de Hierro,FJÄLLRÄVEN,Cangurera Kånken Hip diseño sólido Unisex,,1190,https://www.elpalaciodehierro.com/fjallraven mochila kanken unisex 45212084.html?cid=102005,"MESES SIN INTERESES | FJÄLLRÄVEN | Mochila Kanken Unisex | $1,900.00"
El Palacio de Hierro,FJÄLLRÄVEN,Cangurera Kånken Hip Pack negra lisa Unisex,,1190,https://www.elpalaciodehierro.com/fjallraven mochila kanken unisex 45212090.html?cid=102005,"MESES SIN INTERESES | FJÄLLRÄVEN | Mochila Kånken Unisex | $2,590.00"
El Palacio de Hierro,FJÄLLRÄVEN,Cangurera lila Kanken Hip Pack lisa Mujer,,1190,https://www.elpalaciodehierro.com/fjallraven mochila kanken unisex 45246585.html?cid=102005,"MESES SIN INTERESES | FJÄLLRÄVEN | Mochila Kånken Unisex | $1,900.00"
El Palacio de Hierro,FJÄLLRÄVEN,Cangurera lisa azul Kanken Hip Mujer,,1190,https://www.elpalaciodehierro.com/fjallraven mochila kanken unisex 45333908.html?cid=102005,"MESES SIN INTERESES | FJÄLLRÄVEN | Mochila Kånken Unisex | $2,190.00"
El Palacio de Hierro,FJÄLLRÄVEN,Cangurera lisa gris Kanken Hip Mujer,,1190,https://www.elpalaciodehierro.com/fjallraven mochila kanken weekender unisex 45246589.html?cid=102005,"MESES SIN INTERESES | FJÄLLRÄVEN | Mochila Kånken Weekender Unisex | $1,700.00"
El Palacio de Hierro,FJÄLLRÄVEN,Cangurera lisa Mujer,,1190,https://www.elpalaciodehierro.com/fjallraven mochila lisa mujer 45212077.html?cid=102005,"MESES SIN INTERESES | FJÄLLRÄVEN | Mochila lisa Mujer | $1,900.00"
El Palacio de Hierro,FJÄLLRÄVEN,Cangurera rosa Hip Pack lisa Mujer,,1190,https://www.elpalaciodehierro.com/fjallraven mochila mini kanken mujer 45212097.html?cid=102005,"MESES SIN INTERESES | FJÄLLRÄVEN | Mochila Mini Kånken Mujer | $1,490.00"
El Palacio de Hierro,FJÄLLRÄVEN,Cartera Kånken lisa Unisex,,790,https://www.elpalaciodehierro.com/ganni bolsa hobo mujer 44991117.html?cid=102005,"MESES SIN INTERESES | GANNI | Bolsa Hobo Mujer | $9,690.00 | $5,814.00"
El Palacio de Hierro,FJÄLLRÄVEN,Cosmetiquera rosa Kanken lisa Mujer,,790,https://www.elpalaciodehierro.com/ganni bolsa shoulder mujer 44991113.html?cid=102005,"MESES SIN INTERESES | GANNI | Bolsa Shoulder Mujer | $18,990.00 | $11,394.00"
El Palacio de Hierro,FJÄLLRÄVEN,Mochila casual Kanken Mini Mujer,,1700,https://www.elpalaciodehierro.com/ganni bolsa shoulder mujer 44991118.html?cid=102005,"MESES SIN INTERESES | GANNI | Bolsa Shoulder Mujer | $13,990.00 | $8,394.00"
El Palacio de Hierro,FJÄLLRÄVEN,Mochila casual Kånken Mini Unisex,,1700,https://www.elpalaciodehierro.com/ganni bolsa tote chica tweed oso fantasia mujer 45166651.html?cid=102005,"MESES SIN INTERESES | GANNI | Bolsa tote chica Tweed Oso fantasía Mujer | $8,250.00"
El Palacio de Hierro,FJÄLLRÄVEN,Mochila casual Kanken Mujer,,1900,https://www.elpalaciodehierro.com/ganni bolsa tote mediana animalprint mujer 45166653.html?cid=102005,"MESES SIN INTERESES | GANNI | Bolsa tote mediana animalprint Mujer | $5,390.00"
El Palacio de Hierro,FJÄLLRÄVEN,Mochila casual Kånken Unisex,,1900,https://www.elpalaciodehierro.com/ganni bolsa tote mediana cherry estampada mujer 45166652.html?cid=102005,"MESES SIN INTERESES | GANNI | Bolsa tote mediana Cherry estampada Mujer | $5,390.00"
El Palacio de Hierro,FJÄLLRÄVEN,Mochila High Coast Totepack Mujer,,1900,https://www.elpalaciodehierro.com/ganni cartera oso en piel reciclada estampada mujer 45166654.html?cid=102005,"MESES SIN INTERESES | GANNI | Cartera Oso en piel reciclada estampada Mujer | $4,490.00"
El Palacio de Hierro,FJÄLLRÄVEN,Mochila High Coast Totepack Unisex,,1900,https://www.elpalaciodehierro.com/ganni monedero estampado mujer 44991127.html?cid=102005,"MESES SIN INTERESES | GANNI | Monedero estampado Mujer | $3,490.00 | $2,094.00"
El Palacio de Hierro,FJÄLLRÄVEN,Mochila Kanken Mini Mujer,,1700,https://www.elpalaciodehierro.com/ganni monedero estampado mujer 44991128.html?cid=102005,"MESES SIN INTERESES | GANNI | Monedero estampado Mujer | $3,990.00 | $2,394.00"
El Palacio de Hierro,FJÄLLRÄVEN,Mochila Kanken mini Unisex,,1700,https://www.elpalaciodehierro.com/ganni tarjetero animalprint mujer 44991125.html?cid=102005,"MESES SIN INTERESES | GANNI | Tarjetero animalprint Mujer | $1,990.00 | $1,194.00"
El Palacio de Hierro,FJÄLLRÄVEN,Mochila Kanken Mujer,,1900,https://www.elpalaciodehierro.com/ganni tarjetero con logo mujer 44991126.html?cid=102005,"MESES SIN INTERESES | GANNI | Tarjetero con logo Mujer | $1,990.00 | $1,194.00"
El Palacio de Hierro,FJÄLLRÄVEN,Mochila Kånken Outlong Unisex,,3300,https://www.elpalaciodehierro.com/gerard darel bolsa tote rojo en piel le 24h lisa mujer 44992699.html?cid=102005,"MESES SIN INTERESES | GERARD DAREL | Bolsa tote rojo en piel Le 24H lisa Mujer | $12,500.00"
El Palacio de Hierro,FJÄLLRÄVEN,Mochila Kånken Unisex,,1700,https://www.elpalaciodehierro.com/gerard darel cartera estampada mujer 44879381.html?cid=102005,"MESES SIN INTERESES | GERARD DAREL | Cartera estampada Mujer | $3,500.00"
El Palacio de Hierro,FJÄLLRÄVEN,Mochila Kanken Unisex,,1900,https://www.elpalaciodehierro.com/givenchy bolsa antigona east west mujer 45158482.html?cid=102005,"NUEVA TEMPORADA | GIVENCHY | Bolsa Antigona East West Mujer | $53,500.00 | $42,800.00"
El Palacio de Hierro,FJÄLLRÄVEN,Mochila Kånken Unisex,,2590,https://www.elpalaciodehierro.com/givenchy bolsa antigona   mini bag 45158484.html?cid=102005,"NUEVA TEMPORADA | GIVENCHY | Bolsa Antigona   Mini Bag | $64,400.00 | $45,080.00"
El Palacio de Hierro,FJÄLLRÄVEN,Mochila Kånken Unisex,,1900,https://www.elpalaciodehierro.com/givenchy bolsa antigona   small bag 45158486.html?cid=102005,"NUEVA TEMPORADA | GIVENCHY | Bolsa Antigona   Small Bag | $61,700.00 | $43,190.00"
El Palacio de Hierro,FJÄLLRÄVEN,Mochila Kånken Unisex,,2190,https://www.elpalaciodehierro.com/givenchy bolsa mini shoulder en piel antigona mujer 44978738.html?cid=102005,"NUEVA TEMPORADA | GIVENCHY | Bolsa mini shoulder en piel Antigona Mujer | $46,900.00 | $32,830.00"
El Palacio de Hierro,FJÄLLRÄVEN,Mochila Kånken Weekender Unisex,,1700,https://www.elpalaciodehierro.com/givenchy bolsa mini shoulder en piel voyou mujer 44978734.html?cid=102005,"NUEVA TEMPORADA | GIVENCHY | Bolsa mini shoulder en piel Voyou Mujer | $51,900.00 | $36,330.00"
El Palacio de Hierro,FJÄLLRÄVEN,Mochila lisa Mujer,,1900,https://www.elpalaciodehierro.com/givenchy bolsa pinch mujer 45158490.html?cid=102005,"NUEVA TEMPORADA | GIVENCHY | Bolsa Pinch Mujer | $57,600.00 | $40,320.00"
El Palacio de Hierro,FJÄLLRÄVEN,Mochila Mini Kånken Mujer,,1490,https://www.elpalaciodehierro.com/givenchy bolsa shoulder en piel antigona mujer 44978732.html?cid=102005,"NUEVA TEMPORADA | GIVENCHY | Bolsa shoulder en piel Antigona Mujer | $50,800.00 | $35,560.00"
El Palacio de Hierro,GANNI,Bolsa Hobo Mujer,9690,5814,https://www.elpalaciodehierro.com/givenchy bolsa shoulder en piel voyou nano mujer 44978736.html," 30% | NUEVA TEMPORADA | GIVENCHY | Bolsa shoulder en piel Voyou Nano Mujer | $27,400.00 | $19,180.00"
El Palacio de Hierro,GANNI,Bolsa Shoulder Mujer,18990,11394,https://www.elpalaciodehierro.com/givenchy bolsa shoulder en piel voyou nano mujer 44978736.html?cid=102005,"NUEVA TEMPORADA | GIVENCHY | Bolsa shoulder en piel Voyou Nano Mujer | $27,400.00 | $19,180.00"
El Palacio de Hierro,GANNI,Bolsa Shoulder Mujer,13990,8394,https://www.elpalaciodehierro.com/givenchy cartera en piel day mujer 44978764.html?cid=102005,"NUEVA TEMPORADA | GIVENCHY | Cartera en piel Day Mujer | $18,200.00 | $12,740.00"
El Palacio de Hierro,GANNI,Bolsa tote chica Tweed Oso fantasía Mujer,,8250,https://www.elpalaciodehierro.com/givenchy tarjetero en piel estampado mujer 45158494.html?cid=102005,"NUEVA TEMPORADA | GIVENCHY | Tarjetero en piel estampado Mujer | $8,900.00 | $6,230.00"
El Palacio de Hierro,GANNI,Bolsa tote mediana animalprint Mujer,,5390,https://www.elpalaciodehierro.com/guess bolsa clutch tasmin fantasia mujer 45246966.html?cid=102005,"MESES SIN INTERESES | GUESS | Bolsa clutch Tasmin fantasía Mujer | $2,890.00"
El Palacio de Hierro,GANNI,Bolsa tote mediana Cherry estampada Mujer,,5390,https://www.elpalaciodehierro.com/guess bolsa crossbody anise fantasia mujer 45246558.html?cid=102005,"MESES SIN INTERESES | GUESS | Bolsa Crossbody Anise Fantasía Mujer | $2,490.00"
El Palacio de Hierro,GANNI,Cartera Oso en piel reciclada estampada Mujer,,4490,https://www.elpalaciodehierro.com/guess bolsa crossbody cheryl liso mujer 45247001.html?cid=102005,"MESES SIN INTERESES | GUESS | Bolsa crossbody Cheryl liso Mujer | $2,590.00"
El Palacio de Hierro,GANNI,Monedero estampado Mujer,3490,2094,https://www.elpalaciodehierro.com/guess bolsa crossbody dali liso mujer 45246543.html?cid=102005,"MESES SIN INTERESES | GUESS | Bolsa crossbody Dali liso Mujer | $1,990.00"
El Palacio de Hierro,GANNI,Monedero estampado Mujer,3990,2394,https://www.elpalaciodehierro.com/guess bolsa crossbody isobel liso mujer 45246499.html?cid=102005,"MESES SIN INTERESES | GUESS | Bolsa Crossbody Isobel Liso Mujer | $2,290.00"
El Palacio de Hierro,GANNI,Tarjetero animalprint Mujer,1990,1194,https://www.elpalaciodehierro.com/guess bolsa crossbody isola liso mujer 45246475.html?cid=102005,"MESES SIN INTERESES | GUESS | Bolsa Crossbody Isola Liso Mujer | $2,290.00"
El Palacio de Hierro,GANNI,Tarjetero con logo Mujer,1990,1194,https://www.elpalaciodehierro.com/guess bolsa crossbody janie liso mujer 45247025.html?cid=102005,"MESES SIN INTERESES | GUESS | Bolsa crossbody Janie liso Mujer | $2,490.00"
El Palacio de Hierro,GERARD DAREL,Bolsa tote rojo en piel Le 24H lisa Mujer,,12500,https://www.elpalaciodehierro.com/guess bolsa crossbody jessa liso mujer 45246453.html?cid=102005,"MESES SIN INTERESES | GUESS | Bolsa crossbody Jessa liso Mujer | $2,490.00"
El Palacio de Hierro,GERARD DAREL,Cartera estampada Mujer,,3500,https://www.elpalaciodehierro.com/guess bolsa crossbody latona ii con estampado mujer 45246984.html?cid=102005,"MESES SIN INTERESES | GUESS | Bolsa Crossbody Latona II con estampado Mujer | $2,490.00"
El Palacio de Hierro,NUEVA TEMPORADA,GIVENCHY,53500,42800,https://www.elpalaciodehierro.com/guess bolsa crossbody latona ii negra mujer 44668436.html?cid=102005,"MESES SIN INTERESES | GUESS | Bolsa crossbody Latona II Negra Mujer | $2,490.00"
El Palacio de Hierro,NUEVA TEMPORADA,GIVENCHY,64400,45080,https://www.elpalaciodehierro.com/guess bolsa crossbody leona con estampado mujer 45246975.html?cid=102005,"MESES SIN INTERESES | GUESS | Bolsa Crossbody Leona con estampado Mujer | $2,390.00"
El Palacio de Hierro,NUEVA TEMPORADA,GIVENCHY,61700,43190,https://www.elpalaciodehierro.com/guess bolsa crossbody leona con estampado mujer 45246979.html?cid=102005,"MESES SIN INTERESES | GUESS | Bolsa Crossbody Leona con estampado Mujer | $2,590.00"
El Palacio de Hierro,NUEVA TEMPORADA,GIVENCHY,46900,32830,https://www.elpalaciodehierro.com/guess bolsa crossbody libby estampado monogram mujer 45246526.html?cid=102005,"MESES SIN INTERESES | GUESS | Bolsa crossbody Libby estampado monogram Mujer | $2,590.00"
El Palacio de Hierro,NUEVA TEMPORADA,GIVENCHY,51900,36330,https://www.elpalaciodehierro.com/guess bolsa crossbody negra noelle ii texturizada mujer 44870661.html?cid=102005,"MESES SIN INTERESES | GUESS | Bolsa crossbody negra Noelle II texturizada Mujer | $2,290.00"
El Palacio de Hierro,NUEVA TEMPORADA,GIVENCHY,57600,40320,https://www.elpalaciodehierro.com/guess bolsa crossbody noelle ii liso mujer 45247033.html?cid=102005,"MESES SIN INTERESES | GUESS | Bolsa crossbody Noelle II liso Mujer | $2,290.00"
El Palacio de Hierro,NUEVA TEMPORADA,GIVENCHY,50800,35560,https://www.elpalaciodehierro.com/guess bolsa hobo amita lisa mujer 44870609.html?cid=102005,"MESES SIN INTERESES | GUESS | Bolsa Hobo Amita Lisa Mujer | $3,490.00"
El Palacio de Hierro,30%,NUEVA TEMPORADA,27400,19180,https://www.elpalaciodehierro.com/guess bolsa hobo amita texturizada mujer 44870610.html?cid=102005,"MESES SIN INTERESES | GUESS | Bolsa Hobo Amita Texturizada Mujer | $3,490.00"
El Palacio de Hierro,NUEVA TEMPORADA,GIVENCHY,27400,19180,https://www.elpalaciodehierro.com/guess bolsa hobo danya liso mujer 45246492.html?cid=102005,"MESES SIN INTERESES | GUESS | Bolsa hobo Danya liso Mujer | $2,990.00"
El Palacio de Hierro,NUEVA TEMPORADA,GIVENCHY,18200,12740,https://www.elpalaciodehierro.com/guess bolsa mini crossbody negra marion tejida mujer 44870647.html?cid=102005,"MESES SIN INTERESES | GUESS | Bolsa mini crossbody negra Marion tejida Mujer | $2,690.00"
El Palacio de Hierro,NUEVA TEMPORADA,GIVENCHY,8900,6230,https://www.elpalaciodehierro.com/guess bolsa mini crossbody roja marion tejida mujer 44870648.html?cid=102005,"MESES SIN INTERESES | GUESS | Bolsa mini crossbody roja Marion tejida Mujer | $2,690.00"
El Palacio de Hierro,GUESS,Bolsa clutch Tasmin fantasía Mujer,,2890,https://www.elpalaciodehierro.com/guess bolsa satchel anise con estampado mujer 45246550.html?cid=102005,"MESES SIN INTERESES | GUESS | Bolsa Satchel Anise con estampado Mujer | $3,090.00"
El Palacio de Hierro,GUESS,Bolsa Crossbody Anise Fantasía Mujer,,2490,https://www.elpalaciodehierro.com/guess bolsa satchel arnela ii liso mujer 45246544.html?cid=102005,"MESES SIN INTERESES | GUESS | Bolsa satchel Arnela II liso Mujer | $2,290.00"
El Palacio de Hierro,GUESS,Bolsa crossbody Cheryl liso Mujer,,2590,https://www.elpalaciodehierro.com/guess bolsa satchel blanca libby estampada mujer 45246523.html?cid=102005,"MESES SIN INTERESES | GUESS | Bolsa satchel blanca Libby estampada Mujer | $3,190.00"
El Palacio de Hierro,GUESS,Bolsa crossbody Dali liso Mujer,,1990,https://www.elpalaciodehierro.com/guess bolsa satchel brenton granulada mujer 44472539.html?cid=102005,"MESES SIN INTERESES | GUESS | Bolsa Satchel Brenton granulada Mujer | $2,990.00"
El Palacio de Hierro,GUESS,Bolsa Crossbody Isobel Liso Mujer,,2290,https://www.elpalaciodehierro.com/guess bolsa satchel cheryl liso mujer 45246999.html?cid=102005,"MESES SIN INTERESES | GUESS | Bolsa satchel Cheryl liso Mujer | $3,090.00"
El Palacio de Hierro,GUESS,Bolsa Crossbody Isola Liso Mujer,,2290,https://www.elpalaciodehierro.com/guess bolsa satchel con logo mujer 44870550.html?cid=102005,"MESES SIN INTERESES | GUESS | Bolsa Satchel con Logo Mujer | $3,290.00"
El Palacio de Hierro,GUESS,Bolsa crossbody Janie liso Mujer,,2490,https://www.elpalaciodehierro.com/guess bolsa satchel darcy girlfriend liso mujer 45246482.html?cid=102005,"MESES SIN INTERESES | GUESS | Bolsa satchel Darcy Girlfriend liso Mujer | $3,090.00"
El Palacio de Hierro,GUESS,Bolsa crossbody Jessa liso Mujer,,2490,https://www.elpalaciodehierro.com/guess bolsa satchel isola liso mujer 45246473.html?cid=102005,"MESES SIN INTERESES | GUESS | Bolsa Satchel Isola Liso Mujer | $2,890.00"
El Palacio de Hierro,GUESS,Bolsa Crossbody Latona II con estampado Mujer,,2490,https://www.elpalaciodehierro.com/guess bolsa satchel janie liso mujer 45247021.html?cid=102005,"MESES SIN INTERESES | GUESS | Bolsa satchel Janie liso Mujer | $2,990.00"
El Palacio de Hierro,GUESS,Bolsa crossbody Latona II Negra Mujer,,2490,https://www.elpalaciodehierro.com/guess bolsa satchel jessa girlfriend liso mujer 45246446.html?cid=102005,"MESES SIN INTERESES | GUESS | Bolsa Satchel Jessa Girlfriend Liso Mujer | $3,090.00"
El Palacio de Hierro,GUESS,Bolsa Crossbody Leona con estampado Mujer,,2390,https://www.elpalaciodehierro.com/guess bolsa satchel leona con estampado mujer 45246974.html?cid=102005,"MESES SIN INTERESES | GUESS | Bolsa Satchel Leona con estampado Mujer | $3,090.00"
El Palacio de Hierro,GUESS,Bolsa Crossbody Leona con estampado Mujer,,2590,https://www.elpalaciodehierro.com/guess bolsa satchel mujer 44870625.html?cid=102005,"MESES SIN INTERESES | GUESS | Bolsa Satchel Mujer | $2,490.00"
El Palacio de Hierro,GUESS,Bolsa crossbody Libby estampado monogram Mujer,,2590,https://www.elpalaciodehierro.com/guess bolsa satchel negra bolena texturizada mujer 44870654.html?cid=102005,"MESES SIN INTERESES | GUESS | Bolsa satchel negra Bolena texturizada Mujer | $2,590.00"
El Palacio de Hierro,GUESS,Bolsa crossbody negra Noelle II texturizada Mujer,,2290,https://www.elpalaciodehierro.com/guess bolsa satchel negra valla capitonada mujer 44870599.html?cid=102005,"MESES SIN INTERESES | GUESS | Bolsa satchel negra Valla capitonada Mujer | $2,990.00"
El Palacio de Hierro,GUESS,Bolsa crossbody Noelle II liso Mujer,,2290,https://www.elpalaciodehierro.com/guess bolsa satchel negra yesba lisa mujer 45074510.html?cid=102005,"MESES SIN INTERESES | GUESS | Bolsa satchel negra Yesba lisa Mujer | $2,890.00"
El Palacio de Hierro,GUESS,Bolsa Hobo Amita Lisa Mujer,,3490,https://www.elpalaciodehierro.com/guess bolsa satchel noelle mujer 44669128.html?cid=102005,"MESES SIN INTERESES | GUESS | Bolsa Satchel Noelle Mujer | $3,190.00"
El Palacio de Hierro,GUESS,Bolsa Hobo Amita Texturizada Mujer,,3490,https://www.elpalaciodehierro.com/guess bolsa satchel roja valla capitonada mujer 44870600.html?cid=102005,"MESES SIN INTERESES | GUESS | Bolsa satchel roja Valla capitonada Mujer | $2,990.00"
El Palacio de Hierro,GUESS,Bolsa hobo Danya liso Mujer,,2990,https://www.elpalaciodehierro.com/guess bolsa satchel verde atabey lisa mujer 45074527.html?cid=102005,"MESES SIN INTERESES | GUESS | Bolsa satchel verde Atabey lisa Mujer | $3,090.00"
El Palacio de Hierro,GUESS,Bolsa mini crossbody negra Marion tejida Mujer,,2690,https://www.elpalaciodehierro.com/guess bolsa shoulder anise fantasia mujer 45246555.html?cid=102005,"MESES SIN INTERESES | GUESS | Bolsa Shoulder Anise Fantasía Mujer | $2,490.00"
El Palacio de Hierro,GUESS,Bolsa mini crossbody roja Marion tejida Mujer,,2690,https://www.elpalaciodehierro.com/guess bolsa shoulder anise liso mujer 45246553.html?cid=102005,"MESES SIN INTERESES | GUESS | Bolsa Shoulder Anise Liso Mujer | $2,490.00"
El Palacio de Hierro,GUESS,Bolsa Satchel Anise con estampado Mujer,,3090,https://www.elpalaciodehierro.com/guess bolsa shoulder arnela ii liso mujer 45246547.html?cid=102005,"MESES SIN INTERESES | GUESS | Bolsa shoulder Arnela II liso Mujer | $2,290.00"
El Palacio de Hierro,GUESS,Bolsa satchel Arnela II liso Mujer,,2290,https://www.elpalaciodehierro.com/guess bolsa shoulder azul marino emelie estampada mujer 45246536.html?cid=102005,"MESES SIN INTERESES | GUESS | Bolsa shoulder azul marino Emelie estampada Mujer | $2,590.00"
El Palacio de Hierro,GUESS,Bolsa satchel blanca Libby estampada Mujer,,3190,https://www.elpalaciodehierro.com/guess bolsa shoulder azul tasmin mini fantasia mujer 45246516.html?cid=102005,"MESES SIN INTERESES | GUESS | Bolsa shoulder azul Tasmin mini fantasía Mujer | $2,690.00"
El Palacio de Hierro,GUESS,Bolsa Satchel Brenton granulada Mujer,,2990,https://www.elpalaciodehierro.com/guess bolsa shoulder azul tasmin mini fantasia mujer 45246519.html?cid=102005,"MESES SIN INTERESES | GUESS | Bolsa shoulder azul Tasmin mini fantasía Mujer | $2,490.00"
El Palacio de Hierro,GUESS,Bolsa satchel Cheryl liso Mujer,,3090,https://www.elpalaciodehierro.com/guess bolsa shoulder blanca danya lisa mujer 45246495.html?cid=102005,"MESES SIN INTERESES | GUESS | Bolsa shoulder blanca Danya lisa Mujer | $2,490.00"
El Palacio de Hierro,GUESS,Bolsa Satchel con Logo Mujer,,3290,https://www.elpalaciodehierro.com/guess bolsa shoulder cafe jessa lisa mujer 45246450.html?cid=102005,"MESES SIN INTERESES | GUESS | Bolsa shoulder café Jessa lisa Mujer | $2,590.00"
El Palacio de Hierro,GUESS,Bolsa satchel Darcy Girlfriend liso Mujer,,3090,https://www.elpalaciodehierro.com/guess bolsa shoulder de cuadros mujer 44870575.html?cid=102005,"MESES SIN INTERESES | GUESS | Bolsa Shoulder de cuadros Mujer | $2,890.00"
El Palacio de Hierro,GUESS,Bolsa Satchel Isola Liso Mujer,,2890,https://www.elpalaciodehierro.com/guess bolsa shoulder denim jessa estampada mujer 45246503.html?cid=102005,"MESES SIN INTERESES | GUESS | Bolsa shoulder denim Jessa estampada Mujer | $2,790.00"
El Palacio de Hierro,GUESS,Bolsa satchel Janie liso Mujer,,2990,https://www.elpalaciodehierro.com/guess bolsa shoulder kassie mini liso mujer 45246996.html?cid=102005,"MESES SIN INTERESES | GUESS | Bolsa shoulder kassie mini liso Mujer | $1,790.00"
El Palacio de Hierro,GUESS,Bolsa Satchel Jessa Girlfriend Liso Mujer,,3090,https://www.elpalaciodehierro.com/guess bolsa shoulder leona con estampado mujer 45246978.html?cid=102005,"MESES SIN INTERESES | GUESS | Bolsa Shoulder Leona con estampado Mujer | $2,290.00"
El Palacio de Hierro,GUESS,Bolsa Satchel Leona con estampado Mujer,,3090,https://www.elpalaciodehierro.com/guess bolsa shoulder lisa mujer 45171915.html?cid=102005,"MESES SIN INTERESES | GUESS | Bolsa shoulder lisa Mujer | $2,390.00"
El Palacio de Hierro,GUESS,Bolsa Satchel Mujer,,2490,https://www.elpalaciodehierro.com/guess bolsa shoulder mujer 44870637.html?cid=102005,"MESES SIN INTERESES | GUESS | Bolsa Shoulder Mujer | $2,690.00"
El Palacio de Hierro,GUESS,Bolsa satchel negra Bolena texturizada Mujer,,2590,https://www.elpalaciodehierro.com/guess bolsa shoulder multicolor domitilla con animalprint mujer 44870590.html?cid=102005,"MESES SIN INTERESES | GUESS | Bolsa shoulder multicolor Domitilla con animalprint Mujer | $3,090.00"
El Palacio de Hierro,GUESS,Bolsa satchel negra Valla capitonada Mujer,,2990,https://www.elpalaciodehierro.com/guess bolsa shoulder multicolor emelie estampada mujer 45246530.html?cid=102005,"MESES SIN INTERESES | GUESS | Bolsa shoulder multicolor Emelie estampada Mujer | $2,290.00"
El Palacio de Hierro,GUESS,Bolsa satchel negra Yesba lisa Mujer,,2890,https://www.elpalaciodehierro.com/guess bolsa shoulder multicolor emelie estampada mujer 45246531.html?cid=102005,"MESES SIN INTERESES | GUESS | Bolsa shoulder multicolor Emelie estampada Mujer | $2,590.00"
El Palacio de Hierro,GUESS,Bolsa Satchel Noelle Mujer,,3190,https://www.elpalaciodehierro.com/guess bolsa shoulder negra bolena texturizada mujer 44870652.html?cid=102005,"MESES SIN INTERESES | GUESS | Bolsa shoulder negra Bolena texturizada Mujer | $2,890.00"
El Palacio de Hierro,GUESS,Bolsa satchel roja Valla capitonada Mujer,,2990,https://www.elpalaciodehierro.com/guess bolsa shoulder negra jessa lisa mujer 45246449.html?cid=102005,"MESES SIN INTERESES | GUESS | Bolsa shoulder negra Jessa lisa Mujer | $2,590.00"
El Palacio de Hierro,GUESS,Bolsa satchel verde Atabey lisa Mujer,,3090,https://www.elpalaciodehierro.com/guess bolsa shoulder negra marion tejida mujer 44870646.html?cid=102005,"MESES SIN INTERESES | GUESS | Bolsa shoulder negra Marion tejida Mujer | $3,290.00"
El Palacio de Hierro,GUESS,Bolsa Shoulder Anise Fantasía Mujer,,2490,https://www.elpalaciodehierro.com/guess bolsa shoulder negra tasmin mini lisa mujer 45246517.html?cid=102005,"MESES SIN INTERESES | GUESS | Bolsa shoulder negra Tasmin mini lisa Mujer | $2,490.00"
El Palacio de Hierro,GUESS,Bolsa Shoulder Anise Liso Mujer,,2490,https://www.elpalaciodehierro.com/guess bolsa shoulder negra yesba lisa mujer 45074511.html?cid=102005,"MESES SIN INTERESES | GUESS | Bolsa shoulder negra Yesba lisa Mujer | $2,490.00"
El Palacio de Hierro,GUESS,Bolsa shoulder Arnela II liso Mujer,,2290,https://www.elpalaciodehierro.com/guess bolsa shoulder roja arona con logotipo mujer 44870651.html?cid=102005,"MESES SIN INTERESES | GUESS | Bolsa shoulder roja Arona con logotipo Mujer | $2,190.00"
El Palacio de Hierro,GUESS,Bolsa shoulder azul marino Emelie estampada Mujer,,2590,https://www.elpalaciodehierro.com/guess bolsa shoulder roja bolena texturizada mujer 44870653.html?cid=102005,"MESES SIN INTERESES | GUESS | Bolsa shoulder roja Bolena texturizada Mujer | $2,890.00"
El Palacio de Hierro,GUESS,Bolsa shoulder azul Tasmin mini fantasía Mujer,,2690,https://www.elpalaciodehierro.com/guess bolsa shoulder rosa arona con logotipo mujer 44870650.html?cid=102005,"MESES SIN INTERESES | GUESS | Bolsa shoulder rosa Arona con logotipo Mujer | $2,190.00"
El Palacio de Hierro,GUESS,Bolsa shoulder azul Tasmin mini fantasía Mujer,,2490,https://www.elpalaciodehierro.com/guess bolsa shoulder tasmin mini fantasia mujer 45246515.html?cid=102005,"MESES SIN INTERESES | GUESS | Bolsa shoulder Tasmin mini fantasía Mujer | $2,690.00"
El Palacio de Hierro,GUESS,Bolsa shoulder blanca Danya lisa Mujer,,2490,https://www.elpalaciodehierro.com/guess bolsa shoulder tasmin mini lisa mujer 45246518.html?cid=102005,"MESES SIN INTERESES | GUESS | Bolsa shoulder Tasmin mini lisa Mujer | $2,490.00"
El Palacio de Hierro,GUESS,Bolsa shoulder café Jessa lisa Mujer,,2590,https://www.elpalaciodehierro.com/guess bolsa tote anise fantasia mujer 45246946.html?cid=102005,"MESES SIN INTERESES | GUESS | Bolsa Tote Anise Fantasía Mujer | $3,190.00"
El Palacio de Hierro,GUESS,Bolsa Shoulder de cuadros Mujer,,2890,https://www.elpalaciodehierro.com/guess bolsa tote anise fantasia mujer 45246947.html?cid=102005,"MESES SIN INTERESES | GUESS | Bolsa Tote Anise Fantasía Mujer | $2,790.00"
El Palacio de Hierro,GUESS,Bolsa shoulder denim Jessa estampada Mujer,,2790,https://www.elpalaciodehierro.com/guess bolsa tote aqua letty 2 in 1 mini lisa mujer 45246951.html?cid=102005,"MESES SIN INTERESES | GUESS | Bolsa tote aqua Letty 2 in 1 mini lisa Mujer | $2,590.00"
El Palacio de Hierro,GUESS,Bolsa shoulder kassie mini liso Mujer,,1790,https://www.elpalaciodehierro.com/guess bolsa tote beige nadira capitonada mujer 44870605.html?cid=102005,"MESES SIN INTERESES | GUESS | Bolsa tote beige Nadira capitonada Mujer | $3,490.00"
El Palacio de Hierro,GUESS,Bolsa Shoulder Leona con estampado Mujer,,2290,https://www.elpalaciodehierro.com/guess bolsa tote beige valla capitonada mujer 44870601.html?cid=102005,"MESES SIN INTERESES | GUESS | Bolsa tote beige Valla capitonada Mujer | $3,290.00"
El Palacio de Hierro,GUESS,Bolsa shoulder lisa Mujer,,2390,https://www.elpalaciodehierro.com/guess bolsa tote blanca letty 2 in 1 mini lisa mujer 45246952.html?cid=102005,"MESES SIN INTERESES | GUESS | Bolsa tote blanca Letty 2 in 1 mini lisa Mujer | $2,590.00"
El Palacio de Hierro,GUESS,Bolsa Shoulder Mujer,,2690,https://www.elpalaciodehierro.com/guess bolsa tote brenton con monogram mujer 44472573.html?cid=102005,"MESES SIN INTERESES | GUESS | Bolsa Tote Brenton con monogram Mujer | $3,290.00"
El Palacio de Hierro,GUESS,Bolsa shoulder multicolor Domitilla con animalprint Mujer,,3090,https://www.elpalaciodehierro.com/guess bolsa tote cheryl liso mujer 45247006.html?cid=102005,"MESES SIN INTERESES | GUESS | Bolsa tote Cheryl liso Mujer | $3,190.00"
El Palacio de Hierro,GUESS,Bolsa shoulder multicolor Emelie estampada Mujer,,2290,https://www.elpalaciodehierro.com/guess bolsa tote dali liso mujer 45246542.html?cid=102005,"MESES SIN INTERESES | GUESS | Bolsa tote Dali liso Mujer | $2,290.00"
El Palacio de Hierro,GUESS,Bolsa shoulder multicolor Emelie estampada Mujer,,2590,https://www.elpalaciodehierro.com/guess bolsa tote darcy liso mujer 45246488.html?cid=102005,"MESES SIN INTERESES | GUESS | Bolsa tote Darcy liso Mujer | $2,390.00"
El Palacio de Hierro,GUESS,Bolsa shoulder negra Bolena texturizada Mujer,,2890,https://www.elpalaciodehierro.com/guess bolsa tote emelie con estampado mujer 45246537.html?cid=102005,"MESES SIN INTERESES | GUESS | Bolsa tote Emelie con estampado Mujer | $3,090.00"
El Palacio de Hierro,GUESS,Bolsa shoulder negra Jessa lisa Mujer,,2590,https://www.elpalaciodehierro.com/guess bolsa tote giully capitonada mujer 44668445.html?cid=102005,"MESES SIN INTERESES | GUESS | Bolsa Tote Giully capitonada Mujer | $3,490.00"
El Palacio de Hierro,GUESS,Bolsa shoulder negra Marion tejida Mujer,,3290,https://www.elpalaciodehierro.com/guess bolsa tote isobel liso mujer 45246498.html?cid=102005,"MESES SIN INTERESES | GUESS | Bolsa Tote Isobel Liso Mujer | $2,590.00"
El Palacio de Hierro,GUESS,Bolsa shoulder negra Tasmin mini lisa Mujer,,2490,https://www.elpalaciodehierro.com/guess bolsa tote janie liso mujer 45247027.html?cid=102005,"MESES SIN INTERESES | GUESS | Bolsa tote Janie liso Mujer | $3,090.00"
El Palacio de Hierro,GUESS,Bolsa shoulder negra Yesba lisa Mujer,,2490,https://www.elpalaciodehierro.com/guess bolsa tote latona ii estampado mujer 45246985.html?cid=102005,"MESES SIN INTERESES | GUESS | Bolsa tote Latona II estampado Mujer | $2,490.00"
El Palacio de Hierro,GUESS,Bolsa shoulder roja Arona con logotipo Mujer,,2190,https://www.elpalaciodehierro.com/guess bolsa tote multicolor emelie mini estampada mujer 45246533.html?cid=102005,"MESES SIN INTERESES | GUESS | Bolsa tote multicolor Emelie mini estampada Mujer | $2,390.00"
El Palacio de Hierro,GUESS,Bolsa shoulder roja Bolena texturizada Mujer,,2890,https://www.elpalaciodehierro.com/guess bolso backpack negro liso mujer 43477494.html?cid=102005,"MESES SIN INTERESES | GUESS | Bolso backpack negro liso Mujer | $3,190.00"
El Palacio de Hierro,GUESS,Bolsa shoulder rosa Arona con logotipo Mujer,,2190,https://www.elpalaciodehierro.com/guess cartera anise monogram estampado mujer 45247082.html?cid=102005,"MESES SIN INTERESES | GUESS | Cartera Anise monogram estampado Mujer | $1,390.00"
El Palacio de Hierro,GUESS,Bolsa shoulder Tasmin mini fantasía Mujer,,2690,https://www.elpalaciodehierro.com/guess cartera azul laurel ii lisa mujer 45247098.html?cid=102005,"MESES SIN INTERESES | GUESS | Cartera Azul Laurel II Lisa Mujer | $1,390.00"
El Palacio de Hierro,GUESS,Bolsa shoulder Tasmin mini lisa Mujer,,2490,https://www.elpalaciodehierro.com/guess cartera azul laurel ii lisa mujer 45247108.html?cid=102005,MESES SIN INTERESES | GUESS | Cartera Azul Laurel II Lisa Mujer | $890.00
El Palacio de Hierro,GUESS,Bolsa Tote Anise Fantasía Mujer,,3190,https://www.elpalaciodehierro.com/guess cartera beige anise slg microdiseno mujer 45247079.html?cid=102005,"MESES SIN INTERESES | GUESS | Cartera Beige Anise SLG Microdiseño Mujer | $1,190.00"
El Palacio de Hierro,GUESS,Bolsa Tote Anise Fantasía Mujer,,2790,https://www.elpalaciodehierro.com/guess cartera beige laurel ii lisa mujer 45247107.html?cid=102005,"MESES SIN INTERESES | GUESS | Cartera Beige Laurel II Lisa Mujer | $1,190.00"
El Palacio de Hierro,GUESS,Bolsa tote aqua Letty 2 in 1 mini lisa Mujer,,2590,https://www.elpalaciodehierro.com/guess cartera con estampado de flores mujer 45247065.html?cid=102005,"MESES SIN INTERESES | GUESS | Cartera con estampado de flores Mujer | $1,390.00"
El Palacio de Hierro,GUESS,Bolsa tote beige Nadira capitonada Mujer,,3490,https://www.elpalaciodehierro.com/guess cartera emelie con estampado mujer 45247071.html?cid=102005,"MESES SIN INTERESES | GUESS | Cartera Emelie con estampado Mujer | $1,190.00"
El Palacio de Hierro,GUESS,Bolsa tote beige Valla capitonada Mujer,,3290,https://www.elpalaciodehierro.com/guess cartera emelie con estampado mujer 45247075.html?cid=102005,"MESES SIN INTERESES | GUESS | Cartera Emelie con estampado Mujer | $1,390.00"
El Palacio de Hierro,GUESS,Bolsa tote blanca Letty 2 in 1 mini lisa Mujer,,2590,https://www.elpalaciodehierro.com/guess cartera isobel slg lisa mujer 45247063.html?cid=102005,"MESES SIN INTERESES | GUESS | Cartera Isobel SLG Lisa Mujer | $1,090.00"
El Palacio de Hierro,GUESS,Bolsa Tote Brenton con monogram Mujer,,3290,https://www.elpalaciodehierro.com/guess cartera isola slg lisa mujer 45247059.html?cid=102005,"MESES SIN INTERESES | GUESS | Cartera Isola SLG Lisa Mujer | $1,190.00"
El Palacio de Hierro,GUESS,Bolsa tote Cheryl liso Mujer,,3190,https://www.elpalaciodehierro.com/guess cartera isola slg lisa mujer 45247060.html?cid=102005,"MESES SIN INTERESES | GUESS | Cartera Isola SLG Lisa Mujer | $1,390.00"
El Palacio de Hierro,GUESS,Bolsa tote Dali liso Mujer,,2290,https://www.elpalaciodehierro.com/guess cartera laurel ii lisa mujer 45247051.html?cid=102005,"MESES SIN INTERESES | GUESS | Cartera Laurel II Lisa Mujer | $1,190.00"
El Palacio de Hierro,GUESS,Bolsa tote Darcy liso Mujer,,2390,https://www.elpalaciodehierro.com/guess cartera laurel ii lisa mujer 45247053.html?cid=102005,"MESES SIN INTERESES | GUESS | Cartera Laurel II Lisa Mujer | $1,390.00"
El Palacio de Hierro,GUESS,Bolsa tote Emelie con estampado Mujer,,3090,https://www.elpalaciodehierro.com/guess cartera laurel mujer 44669063.html?cid=102005,"MESES SIN INTERESES | GUESS | Cartera Laurel Mujer | $1,390.00"
El Palacio de Hierro,GUESS,Bolsa Tote Giully capitonada Mujer,,3490,https://www.elpalaciodehierro.com/guess cartera laurel mujer 44669071.html?cid=102005,"MESES SIN INTERESES | GUESS | Cartera Laurel Mujer | $1,090.00"
El Palacio de Hierro,GUESS,Bolsa Tote Isobel Liso Mujer,,2590,https://www.elpalaciodehierro.com/guess cartera leona estampada mujer 45247087.html?cid=102005,"MESES SIN INTERESES | GUESS | Cartera Leona Estampada Mujer | $1,390.00"
El Palacio de Hierro,GUESS,Bolsa tote Janie liso Mujer,,3090,https://www.elpalaciodehierro.com/guess cartera libby estampado monogram mujer 45247066.html?cid=102005,"MESES SIN INTERESES | GUESS | Cartera Libby estampado monogram Mujer | $1,390.00"
El Palacio de Hierro,GUESS,Bolsa tote Latona II estampado Mujer,,2490,https://www.elpalaciodehierro.com/guess cartera libby estampado monogram mujer 45247068.html?cid=102005,MESES SIN INTERESES | GUESS | Cartera Libby estampado monogram Mujer | $990.00
El Palacio de Hierro,GUESS,Bolsa tote multicolor Emelie mini estampada Mujer,,2390,https://www.elpalaciodehierro.com/guess cartera lisa mujer 44669106.html?cid=102005,"MESES SIN INTERESES | GUESS | Cartera lisa Mujer | $1,390.00"
El Palacio de Hierro,GUESS,Bolso backpack negro liso Mujer,,3190,https://www.elpalaciodehierro.com/guess cartera lisa mujer 44669109.html?cid=102005,"MESES SIN INTERESES | GUESS | Cartera lisa Mujer | $1,090.00"
El Palacio de Hierro,GUESS,Cartera Anise monogram estampado Mujer,,1390,https://www.elpalaciodehierro.com/guess cartera lisa texturizada mujer 44870698.html?cid=102005,"MESES SIN INTERESES | GUESS | Cartera lisa texturizada Mujer | $1,190.00"
El Palacio de Hierro,GUESS,Cartera Azul Laurel II Lisa Mujer,,1390,https://www.elpalaciodehierro.com/guess cartera monogram mujer 44669074.html?cid=102005,"MESES SIN INTERESES | GUESS | Cartera Monogram Mujer | $1,390.00"
El Palacio de Hierro,GUESS,Cartera Azul Laurel II Lisa Mujer,,890,https://www.elpalaciodehierro.com/guess cartera monogram mujer 44669077.html?cid=102005,"MESES SIN INTERESES | GUESS | Cartera Monogram Mujer | $1,090.00"
El Palacio de Hierro,GUESS,Cartera Beige Anise SLG Microdiseño Mujer,,1190,https://www.elpalaciodehierro.com/guess cartera negra anise slg microdiseno mujer 45247078.html?cid=102005,"MESES SIN INTERESES | GUESS | Cartera Negra Anise SLG Microdiseño Mujer | $1,190.00"
El Palacio de Hierro,GUESS,Cartera Beige Laurel II Lisa Mujer,,1190,https://www.elpalaciodehierro.com/guess cartera negra anise slg microdiseno mujer 45247081.html?cid=102005,"MESES SIN INTERESES | GUESS | Cartera Negra Anise SLG Microdiseño Mujer | $1,390.00"
El Palacio de Hierro,GUESS,Cartera con estampado de flores Mujer,,1390,https://www.elpalaciodehierro.com/guess cartera negra cheryl slg lisa mujer 45247094.html?cid=102005,"MESES SIN INTERESES | GUESS | Cartera Negra Cheryl SLG Lisa Mujer | $1,390.00"
El Palacio de Hierro,GUESS,Cartera Emelie con estampado Mujer,,1190,https://www.elpalaciodehierro.com/guess cartera negra janie slg lisa mujer 45247095.html?cid=102005,"MESES SIN INTERESES | GUESS | Cartera Negra Janie SLG Lisa Mujer | $1,390.00"
El Palacio de Hierro,GUESS,Cartera Emelie con estampado Mujer,,1390,https://www.elpalaciodehierro.com/guess cartera negra laurel ii lisa mujer 44870701.html?cid=102005,MESES SIN INTERESES | GUESS | Cartera negra Laurel II lisa Mujer | $890.00
El Palacio de Hierro,GUESS,Cartera Isobel SLG Lisa Mujer,,1090,https://www.elpalaciodehierro.com/guess cartera negra laurel ii lisa mujer 45247106.html?cid=102005,"MESES SIN INTERESES | GUESS | Cartera Negra Laurel II Lisa Mujer | $1,190.00"
El Palacio de Hierro,GUESS,Cartera Isola SLG Lisa Mujer,,1190,https://www.elpalaciodehierro.com/guess cartera patsie lisa mujer 45247111.html?cid=102005,MESES SIN INTERESES | GUESS | Cartera Patsie lisa Mujer | $990.00
El Palacio de Hierro,GUESS,Cartera Isola SLG Lisa Mujer,,1390,https://www.elpalaciodehierro.com/guess cartera rosa anise slg microdiseno mujer 45247080.html?cid=102005,"MESES SIN INTERESES | GUESS | Cartera Rosa Anise SLG Microdiseño Mujer | $1,190.00"
El Palacio de Hierro,GUESS,Cartera Laurel II Lisa Mujer,,1190,https://www.elpalaciodehierro.com/guess cartera rosa anise slg microdiseno mujer 45247083.html?cid=102005,"MESES SIN INTERESES | GUESS | Cartera Rosa Anise SLG Microdiseño Mujer | $1,390.00"
El Palacio de Hierro,GUESS,Cartera Laurel II Lisa Mujer,,1390,https://www.elpalaciodehierro.com/guess mochila de moda manhattan mujer 44668413.html?cid=102005,"MESES SIN INTERESES | GUESS | Mochila de moda Manhattan Mujer | $2,890.00"
El Palacio de Hierro,GUESS,Cartera Laurel Mujer,,1390,https://www.elpalaciodehierro.com/guess mochila de moda power play mujer 44668409.html?cid=102005,"MESES SIN INTERESES | GUESS | Mochila de moda Power Play Mujer | $3,290.00"
El Palacio de Hierro,GUESS,Cartera Laurel Mujer,,1090,https://www.elpalaciodehierro.com/guess mochila manhattan ii mujer 45247113.html?cid=102005,"MESES SIN INTERESES | GUESS | Mochila Manhattan II Mujer | $2,990.00"
El Palacio de Hierro,GUESS,Cartera Leona Estampada Mujer,,1390,https://www.elpalaciodehierro.com/guess mochila manhattan ii mujer 45247114.html?cid=102005,"MESES SIN INTERESES | GUESS | Mochila Manhattan II Mujer | $2,790.00"
El Palacio de Hierro,GUESS,Cartera Libby estampado monogram Mujer,,1390,https://www.elpalaciodehierro.com/guess mochila moda giully ii flap negra mujer 44668418.html?cid=102005,"MESES SIN INTERESES | GUESS | Mochila moda Giully II Flap negra Mujer | $3,190.00"
El Palacio de Hierro,GUESS,Cartera Libby estampado monogram Mujer,,990,https://www.elpalaciodehierro.com/guess mochila mujer 44668408.html?cid=102005,"MESES SIN INTERESES | GUESS | Mochila Mujer | $2,890.00"
El Palacio de Hierro,GUESS,Cartera lisa Mujer,,1390,https://www.elpalaciodehierro.com/guess mochila power play mujer 44668414.html?cid=102005,"MESES SIN INTERESES | GUESS | Mochila Power Play Mujer | $3,290.00"
El Palacio de Hierro,GUESS,Cartera lisa Mujer,,1090,https://www.elpalaciodehierro.com/guess mochila tipo backpack mangattan mujer 44870706.html?cid=102005,"MESES SIN INTERESES | GUESS | Mochila tipo backpack Mangattan Mujer | $2,990.00"
El Palacio de Hierro,GUESS,Cartera lisa texturizada Mujer,,1190,https://www.elpalaciodehierro.com/guess mochila tipo backpack manhattan mujer 44870705.html?cid=102005,"MESES SIN INTERESES | GUESS | Mochila tipo backpack Manhattan Mujer | $2,990.00"
El Palacio de Hierro,GUESS,Cartera Monogram Mujer,,1390,https://www.elpalaciodehierro.com/hanson bolsa clutch 42598277.html?cid=102005,"HANSON | Bolsa clutch | $10,900.00"
El Palacio de Hierro,GUESS,Cartera Monogram Mujer,,1090,https://www.elpalaciodehierro.com/hanson bolsa crossbody en piel kaia mujer 43351633.html?cid=102005,"HANSON | Bolsa crossbody en piel Kaia Mujer | $8,500.00"
El Palacio de Hierro,GUESS,Cartera Negra Anise SLG Microdiseño Mujer,,1190,https://www.elpalaciodehierro.com/hanson bolsa maculato 43402446.html?cid=102005,"HANSON | Bolsa Maculato | $13,250.00"
El Palacio de Hierro,GUESS,Cartera Negra Anise SLG Microdiseño Mujer,,1390,https://www.elpalaciodehierro.com/hanson bolsa pretty flash 43318859.html?cid=102005,"HANSON | Bolsa Pretty Flash | $10,500.00"
El Palacio de Hierro,GUESS,Cartera Negra Cheryl SLG Lisa Mujer,,1390,https://www.elpalaciodehierro.com/hanson bolsa wave 43402434.html?cid=102005,"HANSON | Bolsa Wave | $9,500.00"
El Palacio de Hierro,GUESS,Cartera Negra Janie SLG Lisa Mujer,,1390,https://www.elpalaciodehierro.com/hanson porta pasaporte en piel animalskin unisex 43402424.html?cid=102005,"HANSON | Porta pasaporte en piel animalskin Unisex | $8,500.00"
El Palacio de Hierro,GUESS,Cartera negra Laurel II lisa Mujer,,890,https://www.elpalaciodehierro.com/hobbs bolsa wristlet catherine en piel mujer 44620431.html?cid=102005,"MESES SIN INTERESES | HOBBS | Bolsa wristlet Catherine en piel Mujer | $2,500.00"
El Palacio de Hierro,GUESS,Cartera Negra Laurel II Lisa Mujer,,1190,https://www.elpalaciodehierro.com/hobbs bolsa wristlet en piel mujer 44620432.html?cid=102005,"MESES SIN INTERESES | HOBBS | Bolsa wristlet en Piel Mujer | $2,500.00"
El Palacio de Hierro,GUESS,Cartera Patsie lisa Mujer,,990,https://www.elpalaciodehierro.com/hobbs bolsa wristlet en piel mujer 45124654.html?cid=102005,"MESES SIN INTERESES | HOBBS | Bolsa Wristlet en piel Mujer | $2,500.00"
El Palacio de Hierro,GUESS,Cartera Rosa Anise SLG Microdiseño Mujer,,1190,https://www.elpalaciodehierro.com/hobbs cartera lundy mujer 43842426.html?cid=102005,"MESES SIN INTERESES | HOBBS | Cartera Lundy Mujer | $2,150.00"
El Palacio de Hierro,GUESS,Cartera Rosa Anise SLG Microdiseño Mujer,,1390,https://www.elpalaciodehierro.com/hugo boss bolsa crossbody anett ne lisa mujer 45126190.html?cid=102005,"MESES SIN INTERESES | HUGO BOSS | Bolsa Crossbody Anett Ne lisa Mujer | $4,990.00"
El Palacio de Hierro,GUESS,Mochila de moda Manhattan Mujer,,2890,https://www.elpalaciodehierro.com/hugo boss bolsa crossbody lisa mujer 44872250.html?cid=102005,"MESES SIN INTERESES | HUGO BOSS | Bolsa crossbody lisa Mujer | $3,490.00"
El Palacio de Hierro,GUESS,Mochila de moda Power Play Mujer,,3290,https://www.elpalaciodehierro.com/hugo boss bolsa crossbody mujer 45126204.html?cid=102005,"MESES SIN INTERESES | HUGO BOSS | Bolsa Crossbody Mujer | $4,490.00"
El Palacio de Hierro,GUESS,Mochila Manhattan II Mujer,,2990,https://www.elpalaciodehierro.com/hugo boss bolsa en piel con letras de logo mujer 45126198.html?cid=102005,"MESES SIN INTERESES | HUGO BOSS | Bolsa en piel con letras de logo Mujer | $5,990.00"
El Palacio de Hierro,GUESS,Mochila Manhattan II Mujer,,2790,https://www.elpalaciodehierro.com/hugo boss bolsa satchel mujer 45126202.html?cid=102005,"MESES SIN INTERESES | HUGO BOSS | Bolsa Satchel Mujer | $4,490.00"
El Palacio de Hierro,GUESS,Mochila moda Giully II Flap negra Mujer,,3190,https://www.elpalaciodehierro.com/hugo boss bolsa shoulder mujer 45126205.html?cid=102005,"MESES SIN INTERESES | HUGO BOSS | Bolsa shoulder Mujer | $4,990.00"
El Palacio de Hierro,GUESS,Mochila Mujer,,2890,https://www.elpalaciodehierro.com/hugo boss bolsa tote lisa mujer 44872249.html?cid=102005,"MESES SIN INTERESES | HUGO BOSS | Bolsa tote lisa Mujer | $4,490.00"
El Palacio de Hierro,GUESS,Mochila Power Play Mujer,,3290,https://www.elpalaciodehierro.com/hugo boss cartera lisa mujer 44872254.html?cid=102005,"MESES SIN INTERESES | HUGO BOSS | Cartera lisa Mujer | $2,490.00"
El Palacio de Hierro,GUESS,Mochila tipo backpack Mangattan Mujer,,2990,https://www.elpalaciodehierro.com/hugo boss cartera lisa mujer 45126207.html?cid=102005,"MESES SIN INTERESES | HUGO BOSS | Cartera lisa Mujer | $2,690.00"
El Palacio de Hierro,GUESS,Mochila tipo backpack Manhattan Mujer,,2990,https://www.elpalaciodehierro.com/iris bolsa tote on the go unisex 43956551.html?cid=102005,"MESES SIN INTERESES | IRIS | Bolsa tote On The Go Unisex | $1,170.00 | $936.00 | No Incluye   Contenedores."
El Palacio de Hierro,HANSON,Bolsa clutch,,10900,https://www.elpalaciodehierro.com/iris bolsa tote verde on the go unisex 43956549.html?cid=102005,"ULTIMAS PIEZAS | IRIS | Bolsa tote verde On The Go Unisex | $1,170.00 | $468.00 | No Incluye   Contenedores."
El Palacio de Hierro,HANSON,Bolsa crossbody en piel Kaia Mujer,,8500,https://www.elpalaciodehierro.com/isabel marant bolsa crossbody en piel mujer 44990265.html?cid=102005,"NUEVA TEMPORADA | ISABEL MARANT | Bolsa crossbody en piel Mujer | $41,500.00 | $29,050.00"
El Palacio de Hierro,HANSON,Bolsa Maculato,,13250,https://www.elpalaciodehierro.com/isabel marant bolsa crossbody en piel ovina oskan soft granulada mujer 44990269.html?cid=102005,"NUEVA TEMPORADA | ISABEL MARANT | Bolsa Crossbody en piel ovina Oskan Soft granulada Mujer | $30,600.00 | $21,420.00"
El Palacio de Hierro,HANSON,Bolsa Pretty Flash,,10500,https://www.elpalaciodehierro.com/isabel marant bolsa crossbody en piel ovina oskan soft lisa mujer 44990271.html?cid=102005,"NUEVA TEMPORADA | ISABEL MARANT | Bolsa Crossbody en piel ovina Oskan Soft lisa Mujer | $27,300.00 | $19,110.00"
El Palacio de Hierro,HANSON,Bolsa Wave,,9500,https://www.elpalaciodehierro.com/isabel marant bolsa hobo en piel mujer 44990267.html?cid=102005,"NUEVA TEMPORADA | ISABEL MARANT | Bolsa Hobo en piel Mujer | $31,800.00 | $22,260.00"
El Palacio de Hierro,HANSON,Porta pasaporte en piel animalskin Unisex,,8500,https://www.elpalaciodehierro.com/isabel marant bolsa tote en piel mujer 44990277.html?cid=102005,"NUEVA TEMPORADA | ISABEL MARANT | Bolsa tote en piel Mujer | $35,000.00 | $24,500.00"
El Palacio de Hierro,HOBBS,Bolsa wristlet Catherine en piel Mujer,,2500,https://www.elpalaciodehierro.com/jacquemus bolsa crossbody le grand bambino lisa mujer 44723120.html?cid=102005,"JACQUEMUS | Bolsa Crossbody Le Grand Bambino lisa Mujer | $26,900.00"
El Palacio de Hierro,HOBBS,Bolsa wristlet en Piel Mujer,,2500,https://www.elpalaciodehierro.com/jacquemus bolsa le grand bambino mujer 45046141.html?cid=102005,"NUEVA TEMPORADA | JACQUEMUS | Bolsa Le Grand Bambino Mujer | $31,400.00 | $25,120.00"
El Palacio de Hierro,HOBBS,Bolsa Wristlet en piel Mujer,,2500,https://www.elpalaciodehierro.com/jacquemus bolsa le grand bambino mujer 45046151.html?cid=102005,"NUEVA TEMPORADA | JACQUEMUS | Bolsa Le Grand Bambino Mujer | $33,000.00 | $26,400.00"
El Palacio de Hierro,HOBBS,Cartera Lundy Mujer,,2150,https://www.elpalaciodehierro.com/jacquemus bolsa le grand bambino mujer 45046155.html?cid=102005,"NUEVA TEMPORADA | JACQUEMUS | Bolsa Le Grand Bambino Mujer | $32,900.00 | $26,320.00"
El Palacio de Hierro,HUGO BOSS,Bolsa Crossbody Anett Ne lisa Mujer,,4990,https://www.elpalaciodehierro.com/jacquemus bolsa le grand bambino mujer 45046159.html?cid=102005,"NUEVA TEMPORADA | JACQUEMUS | Bolsa Le Grand Bambino Mujer | $36,300.00 | $29,040.00"
El Palacio de Hierro,HUGO BOSS,Bolsa crossbody lisa Mujer,,3490,https://www.elpalaciodehierro.com/julio blazer natural efecto corrugado bolsillos cartera mujer 45182612.html?cid=102005,"JULIO | Blazer Natural Efecto Corrugado Bolsillos Cartera Mujer | $2,599.00"
El Palacio de Hierro,HUGO BOSS,Bolsa Crossbody Mujer,,4490,https://www.elpalaciodehierro.com/julio blusa de satin con textura bolsillos cartera mujer 45182094.html?cid=102005,"JULIO | Blusa de satín con textura bolsillos cartera Mujer | $1,299.00"
El Palacio de Hierro,HUGO BOSS,Bolsa en piel con letras de logo Mujer,,5990,https://www.elpalaciodehierro.com/julio blusa tejido canale escote v bolsas tipo cartera mujer 45182750.html?cid=102005,"JULIO | Blusa tejido canalé escote V bolsas tipo cartera Mujer | $1,199.00"
El Palacio de Hierro,HUGO BOSS,Bolsa Satchel Mujer,,4490,https://www.elpalaciodehierro.com/julio chaleco de punto bolsillos cartera jareta en cintura mujer 45182274.html?cid=102005,"JULIO | Chaleco de punto bolsillos cartera jareta en cintura Mujer | $1,599.00"
El Palacio de Hierro,HUGO BOSS,Bolsa shoulder Mujer,,4990,https://www.elpalaciodehierro.com/julio pantalon pretina con pase trabas y bolsas diagonales largo mujer 45182455.html?cid=102005,"JULIO | Pantalón pretina con pase trabas y bolsas diagonales largo Mujer | $1,499.00"
El Palacio de Hierro,HUGO BOSS,Bolsa tote lisa Mujer,,4490,https://www.elpalaciodehierro.com/julio pantalon pretina con pase trabas y bolsas diagonales mujer 45182462.html?cid=102005,"JULIO | Pantalón pretina con pase trabas y bolsas diagonales Mujer | $1,499.00"
El Palacio de Hierro,HUGO BOSS,Cartera lisa Mujer,,2490,https://www.elpalaciodehierro.com/julio pantalon pretina con pase trabas y bolsas diagonales mujer 45182483.html?cid=102005,"JULIO | Pantalón pretina con pase trabas y bolsas diagonales Mujer | $1,399.00"
El Palacio de Hierro,HUGO BOSS,Cartera lisa Mujer,,2690,https://www.elpalaciodehierro.com/julio vestido entallado escote v bolsillos cartera mujer 45182727.html?cid=102005,"JULIO | Vestido entallado escote V bolsillos cartera Mujer | $2,499.00"
El Palacio de Hierro,IRIS,Bolsa tote On The Go Unisex,1170,936,https://www.elpalaciodehierro.com/just cavalli bolsa crossbody lisa mujer 44831158.html?cid=102005,"MESES SIN INTERESES | JUST CAVALLI | Bolsa Crossbody lisa Mujer | $5,390.00 | $3,234.00"
El Palacio de Hierro,ULTIMAS PIEZAS,IRIS,1170,468,https://www.elpalaciodehierro.com/just cavalli bolsa crossbody mujer 44831159.html?cid=102005,"MESES SIN INTERESES | JUST CAVALLI | Bolsa Crossbody Mujer | $5,390.00 | $3,234.00"
El Palacio de Hierro,NUEVA TEMPORADA,ISABEL MARANT,41500,29050,https://www.elpalaciodehierro.com/just cavalli bolsa shoulder animalprint mujer 44864093.html?cid=102005,"MESES SIN INTERESES | JUST CAVALLI | Bolsa Shoulder animalprint Mujer | $6,890.00 | $4,134.00"
El Palacio de Hierro,NUEVA TEMPORADA,ISABEL MARANT,30600,21420,https://www.elpalaciodehierro.com/just cavalli bolsa shoulder lisa mujer 44831164.html?cid=102005,"MESES SIN INTERESES | JUST CAVALLI | Bolsa Shoulder lisa Mujer | $5,190.00 | $3,114.00"
El Palacio de Hierro,NUEVA TEMPORADA,ISABEL MARANT,27300,19110,https://www.elpalaciodehierro.com/just cavalli bolsa shoulder metal fix en piel vacuna animalprint mujer 44831160.html?cid=102005,"MESES SIN INTERESES | JUST CAVALLI | Bolsa shoulder Metal Fix en piel vacuna animalprint Mujer | $6,490.00 | $3,894.00"
El Palacio de Hierro,NUEVA TEMPORADA,ISABEL MARANT,31800,22260,https://www.elpalaciodehierro.com/just cavalli bolsa shoulder mujer 44831161.html?cid=102005,"MESES SIN INTERESES | JUST CAVALLI | Bolsa Shoulder Mujer | $5,590.00 | $3,354.00"
El Palacio de Hierro,NUEVA TEMPORADA,ISABEL MARANT,35000,24500,https://www.elpalaciodehierro.com/just cavalli bolsa shoulder mujer 44831165.html?cid=102005,"MESES SIN INTERESES | JUST CAVALLI | Bolsa Shoulder Mujer | $6,390.00 | $3,834.00"
El Palacio de Hierro,JACQUEMUS,Bolsa Crossbody Le Grand Bambino lisa Mujer,,26900,https://www.elpalaciodehierro.com/just cavalli bolsa shoulder mujer 44831166.html?cid=102005,"MESES SIN INTERESES | JUST CAVALLI | Bolsa Shoulder Mujer | $5,690.00 | $3,414.00"
El Palacio de Hierro,NUEVA TEMPORADA,JACQUEMUS,31400,25120,https://www.elpalaciodehierro.com/just cavalli bolsa tote cafe lisa mujer 45137044.html?cid=102005,"MESES SIN INTERESES | JUST CAVALLI | Bolsa tote café lisa Mujer | $6,250.00"
El Palacio de Hierro,NUEVA TEMPORADA,JACQUEMUS,33000,26400,https://www.elpalaciodehierro.com/just cavalli bolsa tote metal fix animalprint mujer 44831167.html?cid=102005,"MESES SIN INTERESES | JUST CAVALLI | Bolsa tote Metal Fix animalprint Mujer | $7,790.00 | $4,674.00"
El Palacio de Hierro,NUEVA TEMPORADA,JACQUEMUS,32900,26320,https://www.elpalaciodehierro.com/just cavalli bolsa tote multicolor estampada mujer 45137045.html?cid=102005,"MESES SIN INTERESES | JUST CAVALLI | Bolsa tote multicolor estampada Mujer | $4,490.00"
El Palacio de Hierro,NUEVA TEMPORADA,JACQUEMUS,36300,29040,https://www.elpalaciodehierro.com/just cavalli cartera lisa mujer 44864094.html?cid=102005,"MESES SIN INTERESES | JUST CAVALLI | Cartera lisa Mujer | $2,750.00 | $1,650.00"
El Palacio de Hierro,BIMBA Y LOLA,Bolsa,,2599,https://www.elpalaciodehierro.com/jw pei bolsa clutch blanco holly lisa mujer 45212183.html?cid=102005,"MESES SIN INTERESES | JW PEI | Bolsa clutch blanco Holly lisa Mujer | $3,490.00"
El Palacio de Hierro,JULIO,Blusa de satín con textura bolsillos cartera Mujer,,1299,https://www.elpalaciodehierro.com/jw pei bolsa crossbody beige orla lisa mujer 45212166.html?cid=102005,"MESES SIN INTERESES | JW PEI | Bolsa crossbody beige Orla lisa Mujer | $4,250.00"
El Palacio de Hierro,JULIO,Blusa tejido canalé escote V bolsas tipo cartera Mujer,,1199,https://www.elpalaciodehierro.com/jw pei bolsa crossbody blanco orla lisa mujer 45212165.html?cid=102005,"MESES SIN INTERESES | JW PEI | Bolsa crossbody blanco Orla lisa Mujer | $4,250.00"
El Palacio de Hierro,JULIO,Chaleco de punto bolsillos cartera jareta en cintura Mujer,,1599,https://www.elpalaciodehierro.com/jw pei bolsa crossbody blanco thea lisa mujer 45212172.html?cid=102005,"MESES SIN INTERESES | JW PEI | Bolsa crossbody blanco Thea lisa Mujer | $2,850.00"
El Palacio de Hierro,JULIO,Pantalón pretina con pase trabas y bolsas diagonales largo Mujer,,1499,https://www.elpalaciodehierro.com/jw pei bolsa crossbody cafe sharon lisa mujer 45212157.html?cid=102005,"MESES SIN INTERESES | JW PEI | Bolsa crossbody café Sharon lisa Mujer | $2,850.00"
El Palacio de Hierro,JULIO,Pantalón pretina con pase trabas y bolsas diagonales Mujer,,1499,https://www.elpalaciodehierro.com/jw pei bolsa crossbody sharon en cuero vegano negra mujer 45212155.html?cid=102005,"MESES SIN INTERESES | JW PEI | Bolsa crossbody Sharon en cuero vegano negra Mujer | $2,850.00"
El Palacio de Hierro,JULIO,Pantalón pretina con pase trabas y bolsas diagonales Mujer,,1399,https://www.elpalaciodehierro.com/jw pei bolsa hobo cafe aria lisa mujer 45212188.html?cid=102005,"MESES SIN INTERESES | JW PEI | Bolsa hobo café Aria lisa Mujer | $5,050.00"
El Palacio de Hierro,JULIO,Bolsa crossbody para mujer,,2499,https://www.elpalaciodehierro.com/jw pei bolsa hobo negro aria lisa mujer 45212187.html?cid=102005,"MESES SIN INTERESES | JW PEI | Bolsa hobo negro Aria lisa Mujer | $5,050.00"
El Palacio de Hierro,JUST CAVALLI,Bolsa Crossbody lisa Mujer,5390,3234,https://www.elpalaciodehierro.com/jw pei bolsa mini tote cafe hana lisa mujer 45212191.html?cid=102005,"MESES SIN INTERESES | JW PEI | Bolsa mini tote café Hana lisa Mujer | $3,190.00"
El Palacio de Hierro,JUST CAVALLI,Bolsa Crossbody Mujer,5390,3234,https://www.elpalaciodehierro.com/jw pei bolsa mini tote vino hana lisa mujer 45212192.html?cid=102005,"MESES SIN INTERESES | JW PEI | Bolsa mini tote vino Hana lisa Mujer | $3,190.00"
El Palacio de Hierro,JUST CAVALLI,Bolsa Shoulder animalprint Mujer,6890,4134,https://www.elpalaciodehierro.com/jw pei bolsa satchel blanco lucia lisa mujer 45212169.html?cid=102005,"MESES SIN INTERESES | JW PEI | Bolsa satchel blanco Lucia lisa Mujer | $3,190.00"
El Palacio de Hierro,JUST CAVALLI,Bolsa Shoulder lisa Mujer,5190,3114,https://www.elpalaciodehierro.com/jw pei bolsa satchel negro lucia lisa mujer 45212168.html?cid=102005,"MESES SIN INTERESES | JW PEI | Bolsa satchel negro Lucia lisa Mujer | $3,190.00"
El Palacio de Hierro,JUST CAVALLI,Bolsa shoulder Metal Fix en piel vacuna animalprint Mujer,6490,3894,https://www.elpalaciodehierro.com/jw pei bolsa satchel vino elise lisa mujer 45212175.html?cid=102005,"MESES SIN INTERESES | JW PEI | Bolsa satchel vino Elise lisa Mujer | $3,490.00"
El Palacio de Hierro,JUST CAVALLI,Bolsa Shoulder Mujer,5590,3354,https://www.elpalaciodehierro.com/jw pei bolsa satchel vino lucia lisa mujer 45212170.html?cid=102005,"MESES SIN INTERESES | JW PEI | Bolsa satchel vino Lucia lisa Mujer | $3,190.00"
El Palacio de Hierro,JUST CAVALLI,Bolsa Shoulder Mujer,6390,3834,https://www.elpalaciodehierro.com/jw pei bolsa shoulder azul joy bag lisa mujer 45212161.html?cid=102005,"MESES SIN INTERESES | JW PEI | Bolsa shoulder azul Joy Bag lisa Mujer | $2,850.00"
El Palacio de Hierro,JUST CAVALLI,Bolsa Shoulder Mujer,5690,3414,https://www.elpalaciodehierro.com/jw pei bolsa shoulder beige ashile lisa mujer 45212159.html?cid=102005,"MESES SIN INTERESES | JW PEI | Bolsa shoulder beige Ashile lisa Mujer | $3,190.00"
El Palacio de Hierro,JUST CAVALLI,Bolsa tote café lisa Mujer,,6250,https://www.elpalaciodehierro.com/jw pei bolsa shoulder blanco olivia lisa mujer 45212189.html?cid=102005,"MESES SIN INTERESES | JW PEI | Bolsa shoulder blanco Olivia lisa Mujer | $4,750.00"
El Palacio de Hierro,JUST CAVALLI,Bolsa tote Metal Fix animalprint Mujer,7790,4674,https://www.elpalaciodehierro.com/jw pei bolsa shoulder cafe yara lisa mujer 45212163.html?cid=102005,"MESES SIN INTERESES | JW PEI | Bolsa shoulder café Yara lisa Mujer | $4,150.00"
El Palacio de Hierro,JUST CAVALLI,Bolsa tote multicolor estampada Mujer,,4490,https://www.elpalaciodehierro.com/jw pei bolsa shoulder multicolor harlee con lentejuelas mujer 45212179.html?cid=102005,"MESES SIN INTERESES | JW PEI | Bolsa shoulder multicolor Harlee con lentejuelas Mujer | $5,690.00"
El Palacio de Hierro,JUST CAVALLI,Cartera lisa Mujer,2750,1650,https://www.elpalaciodehierro.com/jw pei bolsa shoulder negra yara lisa mujer 45212162.html?cid=102005,"MESES SIN INTERESES | JW PEI | Bolsa shoulder negra Yara lisa Mujer | $4,150.00"
El Palacio de Hierro,JW PEI,Bolsa clutch blanco Holly lisa Mujer,,3490,https://www.elpalaciodehierro.com/jw pei bolsa shoulder negro hilary lisa mujer 45212176.html?cid=102005,"MESES SIN INTERESES | JW PEI | Bolsa shoulder negro Hilary lisa Mujer | $4,450.00"
El Palacio de Hierro,JW PEI,Bolsa crossbody beige Orla lisa Mujer,,4250,https://www.elpalaciodehierro.com/jw pei bolsa shoulder negro joy bag lisa mujer 45212160.html?cid=102005,"MESES SIN INTERESES | JW PEI | Bolsa shoulder negro Joy Bag lisa Mujer | $2,850.00"
El Palacio de Hierro,JW PEI,Bolsa crossbody blanco Orla lisa Mujer,,4250,https://www.elpalaciodehierro.com/jw pei bolsa shoulder plateado harlee lisa mujer 45212181.html?cid=102005,"MESES SIN INTERESES | JW PEI | Bolsa shoulder plateado Harlee lisa Mujer | $2,990.00"
El Palacio de Hierro,JW PEI,Bolsa crossbody blanco Thea lisa Mujer,,2850,https://www.elpalaciodehierro.com/jw pei bolsa shoulder vino harlee lisa mujer 45212180.html?cid=102005,"MESES SIN INTERESES | JW PEI | Bolsa shoulder vino Harlee lisa Mujer | $2,990.00"
El Palacio de Hierro,JW PEI,Bolsa crossbody café Sharon lisa Mujer,,2850,https://www.elpalaciodehierro.com/jw pei bolsa shoulder vino yara lisa mujer 45212164.html?cid=102005,"MESES SIN INTERESES | JW PEI | Bolsa shoulder vino Yara lisa Mujer | $4,150.00"
El Palacio de Hierro,JW PEI,Bolsa crossbody Sharon en cuero vegano negra Mujer,,2850,https://www.elpalaciodehierro.com/jw pei bolsa tote blanco elora lisa mujer 45212185.html?cid=102005,"MESES SIN INTERESES | JW PEI | Bolsa tote blanco Elora lisa Mujer | $4,750.00"
El Palacio de Hierro,JW PEI,Bolsa hobo café Aria lisa Mujer,,5050,https://www.elpalaciodehierro.com/jw pei bolsa tote cafe hana lisa mujer 45212195.html?cid=102005,"MESES SIN INTERESES | JW PEI | Bolsa tote café Hana lisa Mujer | $4,450.00"
El Palacio de Hierro,JW PEI,Bolsa hobo negro Aria lisa Mujer,,5050,https://www.elpalaciodehierro.com/jw pei bolsa tote hueso hana lisa mujer 45212194.html?cid=102005,"MESES SIN INTERESES | JW PEI | Bolsa tote hueso Hana lisa Mujer | $4,450.00"
El Palacio de Hierro,JW PEI,Bolsa mini tote café Hana lisa Mujer,,3190,https://www.elpalaciodehierro.com/jw pei bolsa tote negro elora lisa mujer 45212184.html?cid=102005,"MESES SIN INTERESES | JW PEI | Bolsa tote negro Elora lisa Mujer | $4,750.00"
El Palacio de Hierro,JW PEI,Bolsa mini tote vino Hana lisa Mujer,,3190,https://www.elpalaciodehierro.com/jw pei bolsa tote negro hana lisa mujer 45212193.html?cid=102005,"MESES SIN INTERESES | JW PEI | Bolsa tote negro Hana lisa Mujer | $4,450.00"
El Palacio de Hierro,JW PEI,Bolsa satchel blanco Lucia lisa Mujer,,3190,https://www.elpalaciodehierro.com/jw pei bolsa tote vino elora lisa mujer 45212186.html?cid=102005,"MESES SIN INTERESES | JW PEI | Bolsa tote vino Elora lisa Mujer | $4,750.00"
El Palacio de Hierro,JW PEI,Bolsa satchel negro Lucia lisa Mujer,,3190,https://www.elpalaciodehierro.com/karl lagerfeld bolsa bucket negra adele lisa mujer 45348831.html?cid=102005,"MESES SIN INTERESES | KARL LAGERFELD | Bolsa bucket negra Adele lisa Mujer | $3,199.00"
El Palacio de Hierro,JW PEI,Bolsa satchel vino Elise lisa Mujer,,3490,https://www.elpalaciodehierro.com/karl lagerfeld bolsa crossbody en piel mujer 45052634.html?cid=102005,"MESES SIN INTERESES | KARL LAGERFELD | Bolsa Crossbody en piel Mujer | $6,399.00"
El Palacio de Hierro,JW PEI,Bolsa satchel vino Lucia lisa Mujer,,3190,https://www.elpalaciodehierro.com/karl lagerfeld bolsa crossbody en piel mujer 45052640.html?cid=102005,"MESES SIN INTERESES | KARL LAGERFELD | Bolsa Crossbody en piel Mujer | $3,599.00"
El Palacio de Hierro,JW PEI,Bolsa shoulder azul Joy Bag lisa Mujer,,2850,https://www.elpalaciodehierro.com/karl lagerfeld bolsa crossbody lisa mujer 45289814.html?cid=102005,"MESES SIN INTERESES | KARL LAGERFELD | Bolsa crossbody lisa Mujer | $3,299.00"
El Palacio de Hierro,JW PEI,Bolsa shoulder beige Ashile lisa Mujer,,3190,https://www.elpalaciodehierro.com/karl lagerfeld bolsa crossbody liso mujer 45052641.html?cid=102005,"MESES SIN INTERESES | KARL LAGERFELD | Bolsa Crossbody liso Mujer | $3,599.00"
El Palacio de Hierro,JW PEI,Bolsa shoulder blanco Olivia lisa Mujer,,4750,https://www.elpalaciodehierro.com/karl lagerfeld bolsa crossbody maybelle con bordados mujer 45001513.html?cid=102005,"MESES SIN INTERESES | KARL LAGERFELD | Bolsa crossbody Maybelle con bordados Mujer | $3,299.00"
El Palacio de Hierro,JW PEI,Bolsa shoulder café Yara lisa Mujer,,4150,https://www.elpalaciodehierro.com/karl lagerfeld bolsa crossbody maybelle mujer 44453319.html?cid=102005,"MESES SIN INTERESES | KARL LAGERFELD | Bolsa Crossbody Maybelle Mujer | $3,299.00"
El Palacio de Hierro,JW PEI,Bolsa shoulder multicolor Harlee con lentejuelas Mujer,,5690,https://www.elpalaciodehierro.com/karl lagerfeld bolsa crossbody mujer 45052638.html?cid=102005,"MESES SIN INTERESES | KARL LAGERFELD | Bolsa Crossbody Mujer | $3,599.00"
El Palacio de Hierro,JW PEI,Bolsa shoulder negra Yara lisa Mujer,,4150,https://www.elpalaciodehierro.com/karl lagerfeld bolsa satchel negra maybelle estampada mujer 45220745.html?cid=102005,"MESES SIN INTERESES | KARL LAGERFELD | Bolsa satchel negra Maybelle estampada Mujer | $3,199.00"
El Palacio de Hierro,JW PEI,Bolsa shoulder negro Hilary lisa Mujer,,4450,https://www.elpalaciodehierro.com/kate spade bolsa crossbody en piel vacuna animalskin mujer 45303556.html?cid=102005,"MESES SIN INTERESES | KATE SPADE | Bolsa Crossbody en piel vacuna animalskin Mujer | $7,990.00"
El Palacio de Hierro,JW PEI,Bolsa shoulder negro Joy Bag lisa Mujer,,2850,https://www.elpalaciodehierro.com/kate spade bolsa crossbody en piel vacuna lisa mujer 45257491.html?cid=102005,"MESES SIN INTERESES | KATE SPADE | Bolsa Crossbody en piel vacuna lisa Mujer | $6,850.00"
El Palacio de Hierro,JW PEI,Bolsa shoulder plateado Harlee lisa Mujer,,2990,https://www.elpalaciodehierro.com/kate spade bolsa satchel en piel carryall lisa mujer 44870364.html?cid=102005,"KATE SPADE | Bolsa Satchel en piel Carryall lisa Mujer | $10,190.00 | $5,095.00"
El Palacio de Hierro,JW PEI,Bolsa shoulder vino Harlee lisa Mujer,,2990,https://www.elpalaciodehierro.com/kate spade bolsa satchel en piel granulada mujer 44870368.html?cid=102005,"KATE SPADE | Bolsa Satchel en piel granulada Mujer | $12,490.00 | $6,245.00"
El Palacio de Hierro,JW PEI,Bolsa shoulder vino Yara lisa Mujer,,4150,https://www.elpalaciodehierro.com/kate spade bolsa shoulder en piel mujer 45147209.html?cid=102005,"MESES SIN INTERESES | KATE SPADE | Bolsa Shoulder en piel Mujer | $5,950.00"
El Palacio de Hierro,JW PEI,Bolsa tote blanco Elora lisa Mujer,,4750,https://www.elpalaciodehierro.com/kate spade bolsa tote en cuero mujer 45147207.html?cid=102005,"MESES SIN INTERESES | KATE SPADE | Bolsa Tote en cuero Mujer | $5,950.00"
El Palacio de Hierro,JW PEI,Bolsa tote café Hana lisa Mujer,,4450,https://www.elpalaciodehierro.com/kate spade bolsa tote en piel vacuna granulada mujer 45303554.html?cid=102005,"MESES SIN INTERESES | KATE SPADE | Bolsa Tote en piel vacuna granulada Mujer | $7,990.00"
El Palacio de Hierro,JW PEI,Bolsa tote hueso Hana lisa Mujer,,4450,https://www.elpalaciodehierro.com/kate spade bolsa tote en piel vacuna granulada mujer 45303555.html?cid=102005,"MESES SIN INTERESES | KATE SPADE | Bolsa Tote en piel vacuna granulada Mujer | $9,150.00"
El Palacio de Hierro,JW PEI,Bolsa tote negro Elora lisa Mujer,,4750,https://www.elpalaciodehierro.com/kate spade tarjetero en piel liso mujer 45147213.html?cid=102005,"MESES SIN INTERESES | KATE SPADE | Tarjetero en piel liso Mujer | $2,250.00"
El Palacio de Hierro,JW PEI,Bolsa tote negro Hana lisa Mujer,,4450,https://www.elpalaciodehierro.com/kipling bolsa crossbody abanu cosmo mujer 45028600.html?cid=102005,"MESES SIN INTERESES | KIPLING | Bolsa crossbody Abanu Cosmo Mujer | $2,449.00"
El Palacio de Hierro,JW PEI,Bolsa tote vino Elora lisa Mujer,,4750,https://www.elpalaciodehierro.com/kipling bolsa crossbody abanu lisa mujer 44874082.html?cid=102005,"MESES SIN INTERESES | KIPLING | Bolsa Crossbody Abanu lisa Mujer | $3,199.00 | $2,239.30"
El Palacio de Hierro,KARL LAGERFELD,Bolsa bucket negra Adele lisa Mujer,,3199,https://www.elpalaciodehierro.com/kipling bolsa crossbody abanu lisa mujer 45028602.html?cid=102005,"MESES SIN INTERESES | KIPLING | Bolsa crossbody Abanu lisa Mujer | $2,649.00"
El Palacio de Hierro,KARL LAGERFELD,Bolsa Crossbody en piel Mujer,,6399,https://www.elpalaciodehierro.com/kipling bolsa crossbody abanu lisa mujer 45028604.html?cid=102005,"MESES SIN INTERESES | KIPLING | Bolsa crossbody Abanu lisa Mujer | $2,449.00"
El Palacio de Hierro,KARL LAGERFELD,Bolsa Crossbody en piel Mujer,,3599,https://www.elpalaciodehierro.com/kipling bolsa crossbody abanu lisa mujer 45028605.html?cid=102005,"MESES SIN INTERESES | KIPLING | Bolsa Crossbody Abanu lisa Mujer | $2,649.00"
El Palacio de Hierro,KARL LAGERFELD,Bolsa crossbody lisa Mujer,,3299,https://www.elpalaciodehierro.com/kipling bolsa crossbody alvar estampada mujer 45028607.html?cid=102005,"MESES SIN INTERESES | KIPLING | Bolsa crossbody Alvar estampada Mujer | $2,849.00"
El Palacio de Hierro,KARL LAGERFELD,Bolsa Crossbody liso Mujer,,3599,https://www.elpalaciodehierro.com/kipling bolsa crossbody alvar lisa mujer 44824330.html?cid=102005,"MESES SIN INTERESES | KIPLING | Bolsa crossbody Alvar lisa Mujer | $1,749.00 | $1,224.30"
El Palacio de Hierro,KARL LAGERFELD,Bolsa crossbody Maybelle con bordados Mujer,,3299,https://www.elpalaciodehierro.com/kipling bolsa crossbody art compact lisa mujer 44874085.html?cid=102005,"MESES SIN INTERESES | KIPLING | Bolsa Crossbody Art Compact lisa Mujer | $1,949.00 | $1,364.30"
El Palacio de Hierro,KARL LAGERFELD,Bolsa Crossbody Maybelle Mujer,,3299,https://www.elpalaciodehierro.com/kipling bolsa crossbody arto resort rosa mujer 44458543.html?cid=102005,"MESES SIN INTERESES | KIPLING | Bolsa Crossbody Arto Resort rosa Mujer | $2,649.00"
El Palacio de Hierro,KARL LAGERFELD,Bolsa Crossbody Mujer,,3599,https://www.elpalaciodehierro.com/kipling bolsa crossbody arto ultimate stars con estampado mujer 45028633.html?cid=102005,"MESES SIN INTERESES | KIPLING | Bolsa Crossbody Arto Ultimate Stars con estampado Mujer | $2,649.00"
El Palacio de Hierro,KARL LAGERFELD,Bolsa satchel negra Maybelle estampada Mujer,,3199,https://www.elpalaciodehierro.com/kipling bolsa crossbody azul abanu estampada mujer 44874083.html?cid=102005,"MESES SIN INTERESES | KIPLING | Bolsa crossbody azul Abanu estampada Mujer | $3,199.00 | $2,239.30"
El Palacio de Hierro,KATE SPADE,Bolsa Crossbody en piel vacuna animalskin Mujer,,7990,https://www.elpalaciodehierro.com/kipling bolsa crossbody azul riri estampada mujer 45028697.html?cid=102005,"MESES SIN INTERESES | KIPLING | Bolsa crossbody azul Riri estampada Mujer | $3,199.00"
El Palacio de Hierro,KATE SPADE,Bolsa Crossbody en piel vacuna lisa Mujer,,6850,https://www.elpalaciodehierro.com/kipling bolsa crossbody azul riri estampada mujer 45028700.html?cid=102005,"MESES SIN INTERESES | KIPLING | Bolsa crossbody azul Riri estampada Mujer | $2,849.00"
El Palacio de Hierro,KATE SPADE,Bolsa Satchel en piel Carryall lisa Mujer,10190,5095,https://www.elpalaciodehierro.com/kipling bolsa crossbody azul sabian estampada mujer 44824310.html?cid=102005,"MESES SIN INTERESES | KIPLING | Bolsa crossbody azul Sabian estampada Mujer | $1,749.00 | $1,224.30"
El Palacio de Hierro,KATE SPADE,Bolsa Satchel en piel granulada Mujer,12490,6245,https://www.elpalaciodehierro.com/kipling bolsa crossbody beige elysia lisa mujer 45225235.html?cid=102005,"MESES SIN INTERESES | KIPLING | Bolsa crossbody beige Elysia lisa Mujer | $4,049.00"
El Palacio de Hierro,KATE SPADE,Bolsa Shoulder en piel Mujer,,5950,https://www.elpalaciodehierro.com/kipling bolsa crossbody cafe alvar lisa mujer 45225208.html?cid=102005,"MESES SIN INTERESES | KIPLING | Bolsa crossbody café Alvar lisa Mujer | $2,849.00"
El Palacio de Hierro,KATE SPADE,Bolsa Tote en cuero Mujer,,5950,https://www.elpalaciodehierro.com/kipling bolsa crossbody cafe earthbeat m lisa mujer 45225231.html?cid=102005,"MESES SIN INTERESES | KIPLING | Bolsa crossbody café Earthbeat M lisa Mujer | $3,349.00"
El Palacio de Hierro,KATE SPADE,Bolsa Tote en piel vacuna granulada Mujer,,7990,https://www.elpalaciodehierro.com/kipling bolsa crossbody cafe elysia lisa mujer 45225234.html?cid=102005,"MESES SIN INTERESES | KIPLING | Bolsa crossbody café Elysia lisa Mujer | $4,799.00"
El Palacio de Hierro,KATE SPADE,Bolsa Tote en piel vacuna granulada Mujer,,9150,https://www.elpalaciodehierro.com/kipling bolsa crossbody cafe gabbie lisa mujer 45225243.html?cid=102005,"MESES SIN INTERESES | KIPLING | Bolsa crossbody café Gabbie lisa Mujer | $3,549.00"
El Palacio de Hierro,KATE SPADE,Tarjetero en piel liso Mujer,,2250,https://www.elpalaciodehierro.com/kipling bolsa crossbody cafe kenda estampada mujer 44824290.html?cid=102005,"MESES SIN INTERESES | KIPLING | Bolsa crossbody café Kenda estampada Mujer | $2,849.00 | $1,994.30"
El Palacio de Hierro,KIPLING,Bolsa crossbody Abanu Cosmo Mujer,,2449,https://www.elpalaciodehierro.com/kipling bolsa crossbody cafe riri lisa mujer 45225256.html?cid=102005,"MESES SIN INTERESES | KIPLING | Bolsa crossbody café Riri lisa Mujer | $2,449.00"
El Palacio de Hierro,KIPLING,Bolsa Crossbody Abanu lisa Mujer,3199,2239.3,https://www.elpalaciodehierro.com/kipling bolsa crossbody cahir lisa mujer 44874086.html?cid=102005,"MESES SIN INTERESES | KIPLING | Bolsa Crossbody Cahir lisa Mujer | $2,849.00 | $1,994.30"
El Palacio de Hierro,KIPLING,Bolsa crossbody Abanu lisa Mujer,,2649,https://www.elpalaciodehierro.com/kipling bolsa crossbody defea lisa mujer 44824346.html?cid=102005,"MESES SIN INTERESES | KIPLING | Bolsa crossbody Defea lisa Mujer | $2,599.00 | $1,819.30"
El Palacio de Hierro,KIPLING,Bolsa crossbody Abanu lisa Mujer,,2449,https://www.elpalaciodehierro.com/kipling bolsa crossbody earthbeat con logotipo mujer 45028651.html?cid=102005,"MESES SIN INTERESES | KIPLING | Bolsa crossbody Earthbeat con logotipo Mujer | $2,999.00"
El Palacio de Hierro,KIPLING,Bolsa Crossbody Abanu lisa Mujer,,2649,https://www.elpalaciodehierro.com/kipling bolsa crossbody emmylou estampada mujer 44824358.html?cid=102005,"MESES SIN INTERESES | KIPLING | Bolsa crossbody Emmylou estampada Mujer | $2,099.00 | $1,469.30"
El Palacio de Hierro,KIPLING,Bolsa crossbody Alvar estampada Mujer,,2849,https://www.elpalaciodehierro.com/kipling bolsa crossbody emmylou lisa mujer 44824361.html?cid=102005,"MESES SIN INTERESES | KIPLING | Bolsa crossbody Emmylou lisa Mujer | $2,099.00 | $1,469.30"
El Palacio de Hierro,KIPLING,Bolsa crossbody Alvar lisa Mujer,1749,1224.3,https://www.elpalaciodehierro.com/kipling bolsa crossbody fan new lunar lisa mujer 45225236.html?cid=102005,"MESES SIN INTERESES | KIPLING | Bolsa Crossbody Fan New Lunar Lisa Mujer | $3,549.00"
El Palacio de Hierro,KIPLING,Bolsa Crossbody Art Compact lisa Mujer,1949,1364.3,https://www.elpalaciodehierro.com/kipling bolsa crossbody gabbie lisa mujer 44874093.html?cid=102005,"MESES SIN INTERESES | KIPLING | Bolsa crossbody Gabbie lisa Mujer | $2,999.00 | $2,099.30"
El Palacio de Hierro,KIPLING,Bolsa Crossbody Arto Resort rosa Mujer,,2649,https://www.elpalaciodehierro.com/kipling bolsa crossbody gabbie lisa mujer 44874094.html?cid=102005,"MESES SIN INTERESES | KIPLING | Bolsa crossbody Gabbie lisa Mujer | $2,849.00 | $1,994.30"
El Palacio de Hierro,KIPLING,Bolsa Crossbody Arto Ultimate Stars con estampado Mujer,,2649,https://www.elpalaciodehierro.com/kipling bolsa crossbody gabb lisa mujer 44874092.html?cid=102005,"MESES SIN INTERESES | KIPLING | Bolsa crossbody Gabb lisa Mujer | $3,349.00 | $2,344.30"
El Palacio de Hierro,KIPLING,Bolsa crossbody azul Abanu estampada Mujer,3199,2239.3,https://www.elpalaciodehierro.com/kipling bolsa crossbody gabb lisa mujer 45028665.html?cid=102005,"MESES SIN INTERESES | KIPLING | Bolsa crossbody Gabb lisa Mujer | $3,699.00"
El Palacio de Hierro,KIPLING,Bolsa crossbody azul Riri estampada Mujer,,3199,https://www.elpalaciodehierro.com/kipling bolsa crossbody gabb s estampada mujer 44824367.html?cid=102005,"MESES SIN INTERESES | KIPLING | Bolsa crossbody Gabb S estampada Mujer | $4,249.00 | $2,974.30"
El Palacio de Hierro,KIPLING,Bolsa crossbody azul Riri estampada Mujer,,2849,https://www.elpalaciodehierro.com/kipling bolsa crossbody gabb s lisa mujer 44824366.html?cid=102005,"MESES SIN INTERESES | KIPLING | Bolsa crossbody Gabb S lisa Mujer | $3,499.00 | $2,449.30"
El Palacio de Hierro,KIPLING,Bolsa crossbody azul Sabian estampada Mujer,1749,1224.3,https://www.elpalaciodehierro.com/kipling bolsa crossbody gerrie lisa mujer 45028673.html?cid=102005,"MESES SIN INTERESES | KIPLING | Bolsa Crossbody Gerrie lisa Mujer | $4,399.00"
El Palacio de Hierro,KIPLING,Bolsa crossbody beige Elysia lisa Mujer,,4049,https://www.elpalaciodehierro.com/kipling bolsa crossbody gerrie lisa mujer 45028675.html?cid=102005,"MESES SIN INTERESES | KIPLING | Bolsa Crossbody Gerrie lisa Mujer | $4,599.00"
El Palacio de Hierro,KIPLING,Bolsa crossbody café Alvar lisa Mujer,,2849,https://www.elpalaciodehierro.com/kipling bolsa crossbody gris sera lisa mujer 45028707.html?cid=102005,"MESES SIN INTERESES | KIPLING | Bolsa crossbody gris Sera lisa Mujer | $3,499.00"
El Palacio de Hierro,KIPLING,Bolsa crossbody café Earthbeat M lisa Mujer,,3349,https://www.elpalaciodehierro.com/kipling bolsa crossbody julisa leaves towel mujer 44674130.html?cid=102005,"MESES SIN INTERESES | KIPLING | Bolsa Crossbody Julisa Leaves Towel Mujer | $2,149.00"
El Palacio de Hierro,KIPLING,Bolsa crossbody café Elysia lisa Mujer,,4799,https://www.elpalaciodehierro.com/kipling bolsa crossbody lisa mujer 45225206.html?cid=102005,"MESES SIN INTERESES | KIPLING | Bolsa crossbody lisa Mujer | $2,649.00"
El Palacio de Hierro,KIPLING,Bolsa crossbody café Gabbie lisa Mujer,,3549,https://www.elpalaciodehierro.com/kipling bolsa crossbody mujer 44608891.html?cid=102005,"MESES SIN INTERESES | KIPLING | Bolsa Crossbody Mujer | $3,499.00"
El Palacio de Hierro,KIPLING,Bolsa crossbody café Kenda estampada Mujer,2849,1994.3,https://www.elpalaciodehierro.com/kipling bolsa crossbody mujer 44824287.html?cid=102005,"MESES SIN INTERESES | KIPLING | Bolsa Crossbody Mujer | $2,299.00 | $1,609.30"
El Palacio de Hierro,KIPLING,Bolsa crossbody café Riri lisa Mujer,,2449,https://www.elpalaciodehierro.com/kipling bolsa crossbody mujer 44824301.html?cid=102005,"MESES SIN INTERESES | KIPLING | Bolsa Crossbody Mujer | $2,449.00 | $1,714.30"
El Palacio de Hierro,KIPLING,Bolsa Crossbody Cahir lisa Mujer,2849,1994.3,https://www.elpalaciodehierro.com/kipling bolsa crossbody mujer 44824375.html?cid=102005,"MESES SIN INTERESES | KIPLING | Bolsa Crossbody Mujer | $2,849.00 | $1,994.30"
El Palacio de Hierro,KIPLING,Bolsa crossbody Defea lisa Mujer,2599,1819.3,https://www.elpalaciodehierro.com/kipling bolsa crossbody multicolor riri estampada mujer 45225255.html?cid=102005,"MESES SIN INTERESES | KIPLING | Bolsa crossbody multicolor Riri estampada Mujer | $2,149.00"
El Palacio de Hierro,KIPLING,Bolsa crossbody Earthbeat con logotipo Mujer,,2999,https://www.elpalaciodehierro.com/kipling bolsa crossbody naranja riri lisa mujer 45028701.html?cid=102005,"MESES SIN INTERESES | KIPLING | Bolsa crossbody naranja Riri lisa Mujer | $2,099.00"
El Palacio de Hierro,KIPLING,Bolsa crossbody Emmylou estampada Mujer,2099,1469.3,https://www.elpalaciodehierro.com/kipling bolsa crossbody new angie lounge lisa mujer 45028685.html?cid=102005,"MESES SIN INTERESES | KIPLING | Bolsa crossbody New Angie Lounge lisa Mujer | $2,999.00"
El Palacio de Hierro,KIPLING,Bolsa crossbody Emmylou lisa Mujer,2099,1469.3,https://www.elpalaciodehierro.com/kipling bolsa crossbody nikol lisa mujer 45028686.html?cid=102005,"MESES SIN INTERESES | KIPLING | Bolsa Crossbody Nikol lisa Mujer | $3,549.00"
El Palacio de Hierro,KIPLING,Bolsa Crossbody Fan New Lunar Lisa Mujer,,3549,https://www.elpalaciodehierro.com/kipling bolsa crossbody nikol lisa mujer 45028689.html?cid=102005,"MESES SIN INTERESES | KIPLING | Bolsa Crossbody Nikol lisa Mujer | $3,699.00"
El Palacio de Hierro,KIPLING,Bolsa crossbody Gabbie lisa Mujer,2999,2099.3,https://www.elpalaciodehierro.com/kipling bolsa crossbody riri lisa mujer 45028695.html?cid=102005,"MESES SIN INTERESES | KIPLING | Bolsa crossbody Riri lisa Mujer | $2,099.00"
El Palacio de Hierro,KIPLING,Bolsa crossbody Gabbie lisa Mujer,2849,1994.3,https://www.elpalaciodehierro.com/kipling bolsa crossbody riri lisa mujer 45028698.html?cid=102005,"MESES SIN INTERESES | KIPLING | Bolsa Crossbody Riri lisa Mujer | $2,999.00"
El Palacio de Hierro,KIPLING,Bolsa crossbody Gabb lisa Mujer,3349,2344.3,https://www.elpalaciodehierro.com/kipling bolsa crossbody riri lisa mujer 45028699.html?cid=102005,"MESES SIN INTERESES | KIPLING | Bolsa crossbody Riri lisa Mujer | $3,199.00"
El Palacio de Hierro,KIPLING,Bolsa crossbody Gabb lisa Mujer,,3699,https://www.elpalaciodehierro.com/kipling bolsa crossbody roja minta lisa mujer 45225252.html?cid=102005,"MESES SIN INTERESES | KIPLING | Bolsa crossbody roja Minta lisa Mujer | $2,849.00"
El Palacio de Hierro,KIPLING,Bolsa crossbody Gabb S estampada Mujer,4249,2974.3,https://www.elpalaciodehierro.com/kipling bolsa crossbody rosa riri lisa mujer 45028705.html?cid=102005,"MESES SIN INTERESES | KIPLING | Bolsa crossbody rosa Riri lisa Mujer | $2,449.00"
El Palacio de Hierro,KIPLING,Bolsa crossbody Gabb S lisa Mujer,3499,2449.3,https://www.elpalaciodehierro.com/kipling bolsa crossbody vino abanu de diseno liso mujer 45028603.html?cid=102005,"MESES SIN INTERESES | KIPLING | Bolsa crossbody vino Abanu de diseño liso Mujer | $2,449.00"
El Palacio de Hierro,KIPLING,Bolsa Crossbody Gerrie lisa Mujer,,4399,https://www.elpalaciodehierro.com/kipling bolsa hobo azul eanna geometrica mujer 45028649.html?cid=102005,"MESES SIN INTERESES | KIPLING | Bolsa hobo azul Eanna geométrica Mujer | $4,249.00"
El Palacio de Hierro,KIPLING,Bolsa Crossbody Gerrie lisa Mujer,,4599,https://www.elpalaciodehierro.com/kipling bolsa hobo eanna con logotipo mujer 45028648.html?cid=102005,"MESES SIN INTERESES | KIPLING | Bolsa hobo Eanna con logotipo Mujer | $4,249.00"
El Palacio de Hierro,KIPLING,Bolsa crossbody gris Sera lisa Mujer,,3499,https://www.elpalaciodehierro.com/kipling bolsa mini crossbody gabbie liso mujer 44824374.html?cid=102005,"MESES SIN INTERESES | KIPLING | Bolsa mini crossbody Gabbie liso Mujer | $2,849.00 | $1,994.30"
El Palacio de Hierro,KIPLING,Bolsa Crossbody Julisa Leaves Towel Mujer,,2149,https://www.elpalaciodehierro.com/kipling bolsa satchel gris art mini lisa mujer 45225219.html?cid=102005,"MESES SIN INTERESES | KIPLING | Bolsa satchel gris Art Mini lisa Mujer | $3,349.00"
El Palacio de Hierro,KIPLING,Bolsa crossbody lisa Mujer,,2649,https://www.elpalaciodehierro.com/kipling bolsa shoulder amani estampada mujer 44824332.html?cid=102005,"MESES SIN INTERESES | KIPLING | Bolsa shoulder Amani estampada Mujer | $3,849.00 | $2,694.30"
El Palacio de Hierro,KIPLING,Bolsa Crossbody Mujer,,3499,https://www.elpalaciodehierro.com/kipling bolsa shoulder amani lisa mujer 44824334.html?cid=102005,"MESES SIN INTERESES | KIPLING | Bolsa shoulder Amani lisa Mujer | $4,049.00 | $2,834.30"
El Palacio de Hierro,KIPLING,Bolsa Crossbody Mujer,2299,1609.3,https://www.elpalaciodehierro.com/kipling bolsa shoulder amani lisa mujer 44824335.html?cid=102005,"MESES SIN INTERESES | KIPLING | Bolsa shoulder Amani lisa Mujer | $3,849.00 | $2,694.30"
El Palacio de Hierro,KIPLING,Bolsa Crossbody Mujer,2449,1714.3,https://www.elpalaciodehierro.com/kipling bolsa shoulder art mini estampada mujer 45028623.html?cid=102005,"MESES SIN INTERESES | KIPLING | Bolsa shoulder Art Mini estampada Mujer | $3,849.00"
El Palacio de Hierro,KIPLING,Bolsa Crossbody Mujer,2849,1994.3,https://www.elpalaciodehierro.com/kipling bolsa shoulder art mini estampada mujer 45028625.html?cid=102005,"MESES SIN INTERESES | KIPLING | Bolsa shoulder Art Mini estampada Mujer | $2,999.00"
El Palacio de Hierro,KIPLING,Bolsa crossbody multicolor Riri estampada Mujer,,2149,https://www.elpalaciodehierro.com/kipling bolsa shoulder azul india casual lisa mujer 45225295.html?cid=102005,"MESES SIN INTERESES | KIPLING | Bolsa Shoulder Azul India Casual lisa Mujer | $3,899.00"
El Palacio de Hierro,KIPLING,Bolsa crossbody naranja Riri lisa Mujer,,2099,https://www.elpalaciodehierro.com/kipling bolsa shoulder azul julissa lisa mujer 45028677.html?cid=102005,"MESES SIN INTERESES | KIPLING | Bolsa shoulder azul Julissa lisa Mujer | $2,649.00"
El Palacio de Hierro,KIPLING,Bolsa crossbody New Angie Lounge lisa Mujer,,2999,https://www.elpalaciodehierro.com/kipling bolsa shoulder azul love kazia nina 44824282.html?cid=102005,"MESES SIN INTERESES | KIPLING | Bolsa shoulder azul Love Kazia Niña | $3,199.00 | $2,239.30"
El Palacio de Hierro,KIPLING,Bolsa Crossbody Nikol lisa Mujer,,3549,https://www.elpalaciodehierro.com/kipling bolsa shoulder cafe elmar lisa mujer 45225232.html?cid=102005,"MESES SIN INTERESES | KIPLING | Bolsa shoulder café Elmar lisa Mujer | $2,449.00"
El Palacio de Hierro,KIPLING,Bolsa Crossbody Nikol lisa Mujer,,3699,https://www.elpalaciodehierro.com/kipling bolsa shoulder cafe kazia estampada nina 44824283.html?cid=102005,"MESES SIN INTERESES | KIPLING | Bolsa shoulder café Kazia estampada Niña | $3,199.00 | $2,239.30"
El Palacio de Hierro,KIPLING,Bolsa crossbody Riri lisa Mujer,,2099,https://www.elpalaciodehierro.com/kipling bolsa shoulder cristina lisa mujer 45028641.html?cid=102005,"MESES SIN INTERESES | KIPLING | Bolsa Shoulder Cristina lisa Mujer | $4,399.00"
El Palacio de Hierro,KIPLING,Bolsa Crossbody Riri lisa Mujer,,2999,https://www.elpalaciodehierro.com/kipling bolsa shoulder cristina lisa mujer 45028644.html?cid=102005,"MESES SIN INTERESES | KIPLING | Bolsa Shoulder Cristina lisa Mujer | $4,599.00"
El Palacio de Hierro,KIPLING,Bolsa crossbody Riri lisa Mujer,,3199,https://www.elpalaciodehierro.com/kipling bolsa shoulder defea xl lisa mujer 44964596.html?cid=102005,"MESES SIN INTERESES | KIPLING | Bolsa shoulder Defea Xl lisa Mujer | $4,249.00 | $3,399.20"
El Palacio de Hierro,KIPLING,Bolsa crossbody roja Minta lisa Mujer,,2849,https://www.elpalaciodehierro.com/kipling bolsa shoulder eleni texturizada mujer 44874087.html?cid=102005,"MESES SIN INTERESES | KIPLING | Bolsa Shoulder Eleni texturizada Mujer | $2,149.00 | $1,504.30"
El Palacio de Hierro,KIPLING,Bolsa crossbody rosa Riri lisa Mujer,,2449,https://www.elpalaciodehierro.com/kipling bolsa shoulder eleni texturizada mujer 44874091.html?cid=102005,"MESES SIN INTERESES | KIPLING | Bolsa Shoulder Eleni texturizada Mujer | $1,749.00 | $1,224.30"
El Palacio de Hierro,KIPLING,Bolsa crossbody vino Abanu de diseño liso Mujer,,2449,https://www.elpalaciodehierro.com/kipling bolsa shoulder eleni texturizado mujer 44874090.html?cid=102005,"MESES SIN INTERESES | KIPLING | Bolsa Shoulder Eleni texturizado Mujer | $1,749.00 | $1,224.30"
El Palacio de Hierro,KIPLING,Bolsa hobo azul Eanna geométrica Mujer,,4249,https://www.elpalaciodehierro.com/kipling bolsa shoulder karis mujer 44519142.html?cid=102005,"MESES SIN INTERESES | KIPLING | Bolsa Shoulder Karis Mujer | $3,149.00"
El Palacio de Hierro,KIPLING,Bolsa hobo Eanna con logotipo Mujer,,4249,https://www.elpalaciodehierro.com/kipling bolsa shoulder khaki yenna estampada mujer 45225265.html?cid=102005,"MESES SIN INTERESES | KIPLING | Bolsa shoulder khaki Yenna estampada Mujer | $3,199.00"
El Palacio de Hierro,KIPLING,Bolsa mini crossbody Gabbie liso Mujer,2849,1994.3,https://www.elpalaciodehierro.com/kipling bolsa shoulder lisa mujer 45225228.html?cid=102005,"MESES SIN INTERESES | KIPLING | Bolsa shoulder lisa Mujer | $1,749.00"
El Palacio de Hierro,KIPLING,Bolsa satchel gris Art Mini lisa Mujer,,3349,https://www.elpalaciodehierro.com/kipling bolsa shoulder lisa mujer 45225229.html?cid=102005,"MESES SIN INTERESES | KIPLING | Bolsa shoulder lisa Mujer | $3,849.00"
El Palacio de Hierro,KIPLING,Bolsa shoulder Amani estampada Mujer,3849,2694.3,https://www.elpalaciodehierro.com/kipling bolsa shoulder multicolor arto con diseno 3d mujer 45028630.html?cid=102005,"MESES SIN INTERESES | KIPLING | Bolsa shoulder multicolor Arto con diseño 3D Mujer | $2,649.00"
El Palacio de Hierro,KIPLING,Bolsa shoulder Amani lisa Mujer,4049,2834.3,https://www.elpalaciodehierro.com/kipling bolsa shoulder nakato lisa mujer 45028683.html?cid=102005,"MESES SIN INTERESES | KIPLING | Bolsa Shoulder Nakato lisa Mujer | $3,199.00"
El Palacio de Hierro,KIPLING,Bolsa shoulder Amani lisa Mujer,3849,2694.3,https://www.elpalaciodehierro.com/kipling bolsa shoulder nakato lisa mujer 45028684.html?cid=102005,"MESES SIN INTERESES | KIPLING | Bolsa Shoulder Nakato lisa Mujer | $2,849.00"
El Palacio de Hierro,KIPLING,Bolsa shoulder Art Mini estampada Mujer,,3849,https://www.elpalaciodehierro.com/kipling bolsa shoulder negra gabb estampada mujer 45028667.html?cid=102005,"MESES SIN INTERESES | KIPLING | Bolsa shoulder negra Gabb estampada Mujer | $3,499.00"
El Palacio de Hierro,KIPLING,Bolsa shoulder Art Mini estampada Mujer,,2999,https://www.elpalaciodehierro.com/kipling bolsa shoulder negra khloe lisa mujer 45225248.html?cid=102005,"MESES SIN INTERESES | KIPLING | Bolsa shoulder negra Khloe lisa Mujer | $4,049.00"
El Palacio de Hierro,KIPLING,Bolsa Shoulder Azul India Casual lisa Mujer,,3899,https://www.elpalaciodehierro.com/kipling bolsa shoulder nikki heritage mujer 44668601.html?cid=102005,"MESES SIN INTERESES | KIPLING | Bolsa Shoulder Nikki Heritage Mujer | $2,799.00 | $1,679.40"
El Palacio de Hierro,KIPLING,Bolsa shoulder azul Julissa lisa Mujer,,2649,https://www.elpalaciodehierro.com/kipling bolsa shoulder roja esmey nina 44668590.html?cid=102005,"MESES SIN INTERESES | KIPLING | Bolsa shoulder roja Esmey Niña | $3,549.00 | $1,774.50"
El Palacio de Hierro,KIPLING,Bolsa shoulder azul Love Kazia Niña,3199,2239.3,https://www.elpalaciodehierro.com/kipling bolsa shoulder sellest con logotipo mujer 44674063.html?cid=102005,"MESES SIN INTERESES | KIPLING | Bolsa Shoulder Sellest con Logotipo Mujer | $3,199.00"
El Palacio de Hierro,KIPLING,Bolsa shoulder café Elmar lisa Mujer,,2449,https://www.elpalaciodehierro.com/kipling bolsa shoulder taupe art mini soft lisa mujer 45225222.html?cid=102005,"MESES SIN INTERESES | KIPLING | Bolsa Shoulder Taupe Art Mini Soft lisa Mujer | $2,999.00"
El Palacio de Hierro,KIPLING,Bolsa shoulder café Kazia estampada Niña,3199,2239.3,https://www.elpalaciodehierro.com/kipling bolsa shoulder verde con negro gabbie estampada mujer 45028670.html?cid=102005,"MESES SIN INTERESES | KIPLING | Bolsa shoulder verde con negro Gabbie estampada Mujer | $3,549.00"
El Palacio de Hierro,KIPLING,Bolsa Shoulder Cristina lisa Mujer,,4399,https://www.elpalaciodehierro.com/kipling bolsa shoulder vino elysia lisa mujer 45028659.html?cid=102005,"MESES SIN INTERESES | KIPLING | Bolsa shoulder vino Elysia lisa Mujer | $4,249.00"
El Palacio de Hierro,KIPLING,Bolsa Shoulder Cristina lisa Mujer,,4599,https://www.elpalaciodehierro.com/kipling bolsa sobre azul money world lisa mujer 45225285.html?cid=102005,"MESES SIN INTERESES | KIPLING | Bolsa Sobre azul Money World Lisa Mujer | $1,899.00"
El Palacio de Hierro,KIPLING,Bolsa shoulder Defea Xl lisa Mujer,4249,3399.2,https://www.elpalaciodehierro.com/kipling bolsa sobre taupe money world lisa mujer 45225287.html?cid=102005,"MESES SIN INTERESES | KIPLING | Bolsa Sobre taupe Money World Lisa Mujer | $1,899.00"
El Palacio de Hierro,KIPLING,Bolsa Shoulder Eleni texturizada Mujer,2149,1504.3,https://www.elpalaciodehierro.com/kipling bolsa tote anris lisa mujer 45028611.html?cid=102005,"MESES SIN INTERESES | KIPLING | Bolsa tote Anris lisa Mujer | $3,649.00"
El Palacio de Hierro,KIPLING,Bolsa Shoulder Eleni texturizada Mujer,1749,1224.3,https://www.elpalaciodehierro.com/kipling bolsa tote anris lisa mujer 45028612.html?cid=102005,"MESES SIN INTERESES | KIPLING | Bolsa tote Anris lisa Mujer | $3,499.00"
El Palacio de Hierro,KIPLING,Bolsa Shoulder Eleni texturizado Mujer,1749,1224.3,https://www.elpalaciodehierro.com/kipling bolsa tote art estampado mujer 45028637.html?cid=102005,"MESES SIN INTERESES | KIPLING | Bolsa tote Art estampado Mujer | $4,249.00"
El Palacio de Hierro,KIPLING,Bolsa Shoulder Karis Mujer,,3149,https://www.elpalaciodehierro.com/kipling bolsa tote art lisa mujer 45028629.html?cid=102005,"MESES SIN INTERESES | KIPLING | Bolsa tote Art lisa Mujer | $3,449.00"
El Palacio de Hierro,KIPLING,Bolsa shoulder khaki Yenna estampada Mujer,,3199,https://www.elpalaciodehierro.com/kipling bolsa tote art sign con logotipo mujer 45028638.html?cid=102005,"MESES SIN INTERESES | KIPLING | Bolsa tote Art Sign con logotipo Mujer | $4,249.00"
El Palacio de Hierro,KIPLING,Bolsa shoulder lisa Mujer,,1749,https://www.elpalaciodehierro.com/kipling bolsa tote azul art casual lisa mujer 45225209.html?cid=102005,"MESES SIN INTERESES | KIPLING | Bolsa Tote Azul Art Casual lisa Mujer | $3,449.00"
El Palacio de Hierro,KIPLING,Bolsa shoulder lisa Mujer,,3849,https://www.elpalaciodehierro.com/kipling bolsa tote azul art con diseno fantasia mujer 45028617.html?cid=102005,"MESES SIN INTERESES | KIPLING | Bolsa tote azul Art con diseño fantasía Mujer | $3,699.00"
El Palacio de Hierro,KIPLING,Bolsa shoulder multicolor Arto con diseño 3D Mujer,,2649,https://www.elpalaciodehierro.com/kipling bolsa tote azul art mini estampada mujer 45225218.html?cid=102005,"MESES SIN INTERESES | KIPLING | Bolsa tote azul Art Mini estampada Mujer | $2,999.00"
El Palacio de Hierro,KIPLING,Bolsa Shoulder Nakato lisa Mujer,,3199,https://www.elpalaciodehierro.com/kipling bolsa tote azul colissa up geometrica mujer 45028640.html?cid=102005,"MESES SIN INTERESES | KIPLING | Bolsa tote azul Colissa Up geométrica Mujer | $4,199.00"
El Palacio de Hierro,KIPLING,Bolsa Shoulder Nakato lisa Mujer,,2849,https://www.elpalaciodehierro.com/kipling bolsa tote azul marino pink fun lisa mujer 45225212.html?cid=102005,"MESES SIN INTERESES | KIPLING | Bolsa tote azul marino Pink Fun lisa Mujer | $4,249.00"
El Palacio de Hierro,KIPLING,Bolsa shoulder negra Gabb estampada Mujer,,3499,https://www.elpalaciodehierro.com/kipling bolsa tote azul patya geometrica mujer 45028690.html?cid=102005,"MESES SIN INTERESES | KIPLING | Bolsa tote azul Patya geométrica Mujer | $3,549.00"
El Palacio de Hierro,KIPLING,Bolsa shoulder negra Khloe lisa Mujer,,4049,https://www.elpalaciodehierro.com/kipling bolsa tote cafe new art duo lisa mujer 45225254.html?cid=102005,"MESES SIN INTERESES | KIPLING | Bolsa tote café New Art Duo lisa Mujer | $4,599.00"
El Palacio de Hierro,KIPLING,Bolsa Shoulder Nikki Heritage Mujer,2799,1679.4,https://www.elpalaciodehierro.com/kipling bolsa tote elmar bright sun glam mujer 44674143.html?cid=102005,"MESES SIN INTERESES | KIPLING | Bolsa Tote Elmar Bright Sun Glam Mujer | $4,199.00"
El Palacio de Hierro,KIPLING,Bolsa shoulder roja Esmey Niña,3549,1774.5,https://www.elpalaciodehierro.com/kipling bolsa tote lisa mujer 45225227.html?cid=102005,"MESES SIN INTERESES | KIPLING | Bolsa tote lisa Mujer | $2,849.00"
El Palacio de Hierro,KIPLING,Bolsa Shoulder Sellest con Logotipo Mujer,,3199,https://www.elpalaciodehierro.com/kipling bolsa tote negro yell fun estampada mujer 45225215.html?cid=102005,"MESES SIN INTERESES | KIPLING | Bolsa tote negro Yell Fun estampada Mujer | $4,249.00"
El Palacio de Hierro,KIPLING,Bolsa Shoulder Taupe Art Mini Soft lisa Mujer,,2999,https://www.elpalaciodehierro.com/kipling bolsa tote roja india lisa mujer 45225246.html?cid=102005,"MESES SIN INTERESES | KIPLING | Bolsa tote roja India lisa Mujer | $3,899.00"
El Palacio de Hierro,KIPLING,Bolsa shoulder verde con negro Gabbie estampada Mujer,,3549,https://www.elpalaciodehierro.com/kipling bolsa tote rosa art lisa mujer 45225217.html?cid=102005,"MESES SIN INTERESES | KIPLING | Bolsa tote rosa Art lisa Mujer | $3,449.00"
El Palacio de Hierro,KIPLING,Bolsa shoulder vino Elysia lisa Mujer,,4249,https://www.elpalaciodehierro.com/kipling bolsa tote taupe art soft lisa unisex 45225214.html?cid=102005,"MESES SIN INTERESES | KIPLING | Bolsa Tote Taupe Art Soft lisa Unisex | $3,699.00"
El Palacio de Hierro,KIPLING,Bolsa Sobre azul Money World Lisa Mujer,,1899,https://www.elpalaciodehierro.com/kipling bolsa tote taupe hanifa soft lisa mujer 45225244.html?cid=102005,"MESES SIN INTERESES | KIPLING | Bolsa Tote Taupe Hanifa Soft Lisa Mujer | $3,149.00"
El Palacio de Hierro,KIPLING,Bolsa Sobre taupe Money World Lisa Mujer,,1899,https://www.elpalaciodehierro.com/kipling bolsa tote verde art con cuadros mujer 45028615.html?cid=102005,"MESES SIN INTERESES | KIPLING | Bolsa tote verde Art con cuadros Mujer | $3,449.00"
El Palacio de Hierro,KIPLING,Bolsa tote Anris lisa Mujer,,3649,https://www.elpalaciodehierro.com/kipling bolsa tote zamora lisa mujer 45028713.html?cid=102005,"MESES SIN INTERESES | KIPLING | Bolsa tote Zamora lisa Mujer | $4,249.00"
El Palacio de Hierro,KIPLING,Bolsa tote Anris lisa Mujer,,3499,https://www.elpalaciodehierro.com/kipling bolsa tote zamora lisa mujer 45028714.html?cid=102005,"MESES SIN INTERESES | KIPLING | Bolsa tote Zamora lisa Mujer | $4,049.00"
El Palacio de Hierro,KIPLING,Bolsa tote Art estampado Mujer,,4249,https://www.elpalaciodehierro.com/kipling bolsa wristlet azul fuzzy night anuli de diseno fantasia mujer 45028613.html?cid=102005,"MESES SIN INTERESES | KIPLING | Bolsa wristlet azul Fuzzy Night Anuli de diseño fantasía Mujer | $1,749.00"
El Palacio de Hierro,KIPLING,Bolsa tote Art lisa Mujer,,3449,https://www.elpalaciodehierro.com/kipling bolsa wristlet iaka l lisa mujer 45225245.html?cid=102005,"MESES SIN INTERESES | KIPLING | Bolsa Wristlet Iaka L lisa Mujer | $1,749.00"
El Palacio de Hierro,KIPLING,Bolsa tote Art Sign con logotipo Mujer,,4249,https://www.elpalaciodehierro.com/kipling bolso tote amarilla fun ball estampada unisex 45225216.html?cid=102005,"MESES SIN INTERESES | KIPLING | Bolso tote amarilla Fun Ball estampada Unisex | $4,249.00"
El Palacio de Hierro,KIPLING,Bolsa Tote Azul Art Casual lisa Mujer,,3449,https://www.elpalaciodehierro.com/kipling cangurera cafe abanu lisa mujer 45225207.html?cid=102005,"MESES SIN INTERESES | KIPLING | Cangurera café Abanu lisa Mujer | $2,649.00"
El Palacio de Hierro,KIPLING,Bolsa tote azul Art con diseño fantasía Mujer,,3699,https://www.elpalaciodehierro.com/kipling cartera con logo mujer 44824383.html?cid=102005,"MESES SIN INTERESES | KIPLING | Cartera con logo Mujer | $1,599.00 | $1,119.30"
El Palacio de Hierro,KIPLING,Bolsa tote azul Art Mini estampada Mujer,,2999,https://www.elpalaciodehierro.com/kipling cartera lila cash buddy lisa mujer 44874103.html?cid=102005,"MESES SIN INTERESES | KIPLING | Cartera lila Cash Buddy lisa Mujer | $1,049.00 | $734.30"
El Palacio de Hierro,KIPLING,Bolsa tote azul Colissa Up geométrica Mujer,,4199,https://www.elpalaciodehierro.com/kipling cartera money land lisa mujer 45021959.html?cid=102005,"MESES SIN INTERESES | KIPLING | Cartera Money Land lisa Mujer | $1,949.00"
El Palacio de Hierro,KIPLING,Bolsa tote azul marino Pink Fun lisa Mujer,,4249,https://www.elpalaciodehierro.com/kipling cartera money world lisa mujer 45021962.html?cid=102005,"MESES SIN INTERESES | KIPLING | Cartera Money World lisa Mujer | $1,899.00"
El Palacio de Hierro,KIPLING,Bolsa tote azul Patya geométrica Mujer,,3549,https://www.elpalaciodehierro.com/kipling cartera money world soft lisa mujer 45225286.html?cid=102005,"MESES SIN INTERESES | KIPLING | Cartera Money World Soft lisa Mujer | $1,899.00"
El Palacio de Hierro,KIPLING,Bolsa tote café New Art Duo lisa Mujer,,4599,https://www.elpalaciodehierro.com/kipling cartera rosa money land liso mujer 45225284.html?cid=102005,"MESES SIN INTERESES | KIPLING | Cartera rosa Money Land liso Mujer | $1,749.00"
El Palacio de Hierro,KIPLING,Bolsa Tote Elmar Bright Sun Glam Mujer,,4199,https://www.elpalaciodehierro.com/kipling cosmetiquera azul creativity estampada mujer 45028719.html?cid=102005,"MESES SIN INTERESES | KIPLING | Cosmetiquera azul Creativity estampada Mujer | $1,549.00"
El Palacio de Hierro,KIPLING,Bolsa tote lisa Mujer,,2849,https://www.elpalaciodehierro.com/kipling cosmetiquera creativity con estampado mujer 45028720.html?cid=102005,"MESES SIN INTERESES | KIPLING | Cosmetiquera Creativity con estampado Mujer | $1,399.00"
El Palacio de Hierro,KIPLING,Bolsa tote negro Yell Fun estampada Mujer,,4249,https://www.elpalaciodehierro.com/kipling cosmetiquera creativity lisa mujer 45028715.html?cid=102005,"MESES SIN INTERESES | KIPLING | Cosmetiquera Creativity lisa Mujer | $1,549.00"
El Palacio de Hierro,KIPLING,Bolsa tote roja India lisa Mujer,,3899,https://www.elpalaciodehierro.com/kipling cosmetiquera creativity lisa mujer 45028722.html?cid=102005,"MESES SIN INTERESES | KIPLING | Cosmetiquera Creativity lisa Mujer | $1,249.00"
El Palacio de Hierro,KIPLING,Bolsa tote rosa Art lisa Mujer,,3449,https://www.elpalaciodehierro.com/kipling cosmetiquera lisa mujer 45225293.html?cid=102005,"MESES SIN INTERESES | KIPLING | Cosmetiquera lisa Mujer | $1,049.00"
El Palacio de Hierro,KIPLING,Bolsa Tote Taupe Art Soft lisa Unisex,,3699,https://www.elpalaciodehierro.com/kipling cosmetiquera negra lisa mujer 45225291.html?cid=102005,"MESES SIN INTERESES | KIPLING | Cosmetiquera negra lisa Mujer | $1,599.00"
El Palacio de Hierro,KIPLING,Bolsa Tote Taupe Hanifa Soft Lisa Mujer,,3149,https://www.elpalaciodehierro.com/kipling cosmetiquera taupe lisa mujer 45225294.html?cid=102005,"MESES SIN INTERESES | KIPLING | Cosmetiquera taupe lisa Mujer | $1,049.00"
El Palacio de Hierro,KIPLING,Bolsa tote verde Art con cuadros Mujer,,3449,https://www.elpalaciodehierro.com/kipling mochila anto mujer 44519162.html?cid=102005,"MESES SIN INTERESES | KIPLING | Mochila Anto Mujer | $4,399.00"
El Palacio de Hierro,KIPLING,Bolsa tote Zamora lisa Mujer,,4249,https://www.elpalaciodehierro.com/kipling mochila casual amita mujer 45225267.html?cid=102005,"MESES SIN INTERESES | KIPLING | Mochila Casual Amita Mujer | $2,449.00"
El Palacio de Hierro,KIPLING,Bolsa tote Zamora lisa Mujer,,4049,https://www.elpalaciodehierro.com/kipling mochila casual city mujer 45225269.html?cid=102005,"MESES SIN INTERESES | KIPLING | Mochila Casual City Mujer | $3,399.00"
El Palacio de Hierro,KIPLING,Bolsa wristlet azul Fuzzy Night Anuli de diseño fantasía Mujer,,1749,https://www.elpalaciodehierro.com/kipling mochila casual city mujer 45225270.html?cid=102005,"MESES SIN INTERESES | KIPLING | Mochila Casual City Mujer | $3,699.00"
El Palacio de Hierro,KIPLING,Bolsa Wristlet Iaka L lisa Mujer,,1749,https://www.elpalaciodehierro.com/kipling mochila casual delia mujer 45225276.html?cid=102005,"MESES SIN INTERESES | KIPLING | Mochila Casual Delia Mujer | $3,499.00"
El Palacio de Hierro,KIPLING,Bolso tote amarilla Fun Ball estampada Unisex,,4249,https://www.elpalaciodehierro.com/kipling mochila city mujer 45021946.html?cid=102005,"MESES SIN INTERESES | KIPLING | Mochila City Mujer | $3,349.00"
El Palacio de Hierro,KIPLING,Cangurera café Abanu lisa Mujer,,2649,https://www.elpalaciodehierro.com/kipling mochila city zip mujer 45021950.html?cid=102005,"MESES SIN INTERESES | KIPLING | Mochila City Zip Mujer | $3,999.00"
El Palacio de Hierro,KIPLING,Cartera con logo Mujer,1599,1119.3,https://www.elpalaciodehierro.com/kipling mochila city zip mujer 45225275.html?cid=102005,"MESES SIN INTERESES | KIPLING | Mochila City Zip Mujer | $3,399.00"
El Palacio de Hierro,KIPLING,Cartera lila Cash Buddy lisa Mujer,1049,734.3,https://www.elpalaciodehierro.com/kipling mochila city zip s mujer 45225272.html?cid=102005,"MESES SIN INTERESES | KIPLING | Mochila City Zip S Mujer | $3,399.00"
El Palacio de Hierro,KIPLING,Cartera Money Land lisa Mujer,,1949,https://www.elpalaciodehierro.com/kipling mochila kakuzi mujer 45225279.html?cid=102005,"MESES SIN INTERESES | KIPLING | Mochila Kakuzi Mujer | $3,899.00"
El Palacio de Hierro,KIPLING,Cartera Money World lisa Mujer,,1899,https://www.elpalaciodehierro.com/kipling mochila kakuzi mujer 45225281.html?cid=102005,"MESES SIN INTERESES | KIPLING | Mochila Kakuzi Mujer | $3,549.00"
El Palacio de Hierro,KIPLING,Cartera Money World Soft lisa Mujer,,1899,https://www.elpalaciodehierro.com/kipling mochila kazuki soft mujer 45225280.html?cid=102005,"MESES SIN INTERESES | KIPLING | Mochila Kazuki Soft Mujer | $3,549.00"
El Palacio de Hierro,KIPLING,Cartera rosa Money Land liso Mujer,,1749,https://www.elpalaciodehierro.com/kipling mochila kazuki unisex 45225278.html?cid=102005,"MESES SIN INTERESES | KIPLING | Mochila Kazuki Unisex | $4,049.00"
El Palacio de Hierro,KIPLING,Cosmetiquera azul Creativity estampada Mujer,,1549,https://www.elpalaciodehierro.com/kipling mochila lisa mujer 44673734.html?cid=102005,"MESES SIN INTERESES | KIPLING | Mochila lisa Mujer | $4,599.00"
El Palacio de Hierro,KIPLING,Cosmetiquera Creativity con estampado Mujer,,1399,https://www.elpalaciodehierro.com/kipling mochila moda delia mini mujer 45021954.html?cid=102005,"MESES SIN INTERESES | KIPLING | Mochila moda Delia Mini Mujer | $3,849.00"
El Palacio de Hierro,KIPLING,Cosmetiquera Creativity lisa Mujer,,1549,https://www.elpalaciodehierro.com/kipling mochila mujer 44673664.html?cid=102005,"MESES SIN INTERESES | KIPLING | Mochila Mujer | $3,149.00"
El Palacio de Hierro,KIPLING,Cosmetiquera Creativity lisa Mujer,,1249,https://www.elpalaciodehierro.com/kipling mochila new art mujer 45225283.html?cid=102005,"MESES SIN INTERESES | KIPLING | Mochila New Art Mujer | $3,199.00"
El Palacio de Hierro,KIPLING,Cosmetiquera lisa Mujer,,1049,https://www.elpalaciodehierro.com/kipling mochila new art unisex 45225282.html?cid=102005,"MESES SIN INTERESES | KIPLING | Mochila New Art Unisex | $4,949.00"
El Palacio de Hierro,KIPLING,Cosmetiquera negra lisa Mujer,,1599,https://www.elpalaciodehierro.com/kipling panalera backpack lisa 45242860.html?cid=102005,"MESES SIN INTERESES | KIPLING | Pañalera Backpack lisa | $5,299.00"
El Palacio de Hierro,KIPLING,Cosmetiquera taupe lisa Mujer,,1049,https://www.elpalaciodehierro.com/kipling panalera backpack so baby berry glow met 45078402.html?cid=102005,"MESES SIN INTERESES | KIPLING | Pañalera backpack So Baby Berry Glow Met | $4,949.00"
El Palacio de Hierro,KIPLING,Mochila Anto Mujer,,4399,https://www.elpalaciodehierro.com/kipling panalera backpack so baby royal night 45078403.html?cid=102005,"MESES SIN INTERESES | KIPLING | Pañalera backpack So Baby Royal Night | $4,949.00"
El Palacio de Hierro,KIPLING,Mochila Casual Amita Mujer,,2449,https://www.elpalaciodehierro.com/kurt geiger bolsa clutch dorado party eagle con glitter mujer 42201934.html?cid=102005,"MESES SIN INTERESES | KURT GEIGER | Bolsa clutch dorado Party Eagle con glitter Mujer | $3,290.00"
El Palacio de Hierro,KIPLING,Mochila Casual City Mujer,,3399,https://www.elpalaciodehierro.com/kurt geiger bolsa clutch en piel chelsea con lentejuelas mujer 44772969.html?cid=102005,"MESES SIN INTERESES | KURT GEIGER | Bolsa clutch en piel Chelsea con lentejuelas Mujer | $6,990.00 | $5,592.00"
El Palacio de Hierro,KIPLING,Mochila Casual City Mujer,,3699,https://www.elpalaciodehierro.com/kurt geiger bolsa crossbody acolchada mujer 42201951.html?cid=102005,"MESES SIN INTERESES | KURT GEIGER | Bolsa crossbody acolchada Mujer | $4,190.00"
El Palacio de Hierro,KIPLING,Mochila Casual Delia Mujer,,3499,https://www.elpalaciodehierro.com/kurt geiger bolsa crossbody en cuero con franjas mujer 41409116.html?cid=102005,"MESES SIN INTERESES | KURT GEIGER | Bolsa crossbody en cuero con franjas Mujer | $4,890.00"
El Palacio de Hierro,KIPLING,Mochila City Mujer,,3349,https://www.elpalaciodehierro.com/kurt geiger bolsa crossbody en piel acolchada mujer 41998277.html?cid=102005,"MESES SIN INTERESES | KURT GEIGER | Bolsa crossbody en piel acolchada Mujer | $6,590.00"
El Palacio de Hierro,KIPLING,Mochila City Zip Mujer,,3999,https://www.elpalaciodehierro.com/kurt geiger bolsa crossbody en piel con rayas kensington mujer 44587266.html," 50% | MESES SIN INTERESES | KURT GEIGER | Bolsa crossbody en piel con rayas Kensington Mujer | $5,990.00 | $2,995.00"
El Palacio de Hierro,KIPLING,Mochila City Zip Mujer,,3399,https://www.elpalaciodehierro.com/kurt geiger bolsa crossbody en piel con rayas kensington mujer 44587266.html?cid=102005,"MESES SIN INTERESES | KURT GEIGER | Bolsa crossbody en piel con rayas Kensington Mujer | $5,990.00 | $2,995.00"
El Palacio de Hierro,KIPLING,Mochila City Zip S Mujer,,3399,https://www.elpalaciodehierro.com/kurt geiger bolsa crossbody en piel fantasia mujer 45101052.html?cid=102005,"MESES SIN INTERESES | KURT GEIGER | Bolsa crossbody en piel fantasía Mujer | $9,990.00"
El Palacio de Hierro,KIPLING,Mochila Kakuzi Mujer,,3899,https://www.elpalaciodehierro.com/kurt geiger bolsa crossbody en piel kensington puff lisa mujer 45101030.html?cid=102005,"MESES SIN INTERESES | KURT GEIGER | Bolsa crossbody en piel Kensington Puff lisa Mujer | $6,990.00"
El Palacio de Hierro,KIPLING,Mochila Kakuzi Mujer,,3549,https://www.elpalaciodehierro.com/kurt geiger bolsa crossbody en piel lisa mujer 45101028.html?cid=102005,"MESES SIN INTERESES | KURT GEIGER | Bolsa crossbody en piel lisa Mujer | $5,190.00"
El Palacio de Hierro,KIPLING,Mochila Kazuki Soft Mujer,,3549,https://www.elpalaciodehierro.com/kurt geiger bolsa crossbody en piel mini%E2%80%AFkensington eye capitonada mujer 42071703.html," 50% | MESES SIN INTERESES | KURT GEIGER | Bolsa crossbody en piel Mini Kensington Eye capitonada Mujer | $5,990.00 | $2,995.00"
El Palacio de Hierro,KIPLING,Mochila Kazuki Unisex,,4049,https://www.elpalaciodehierro.com/kurt geiger bolsa crossbody en piel mini%E2%80%AFkensington eye capitonada mujer 42071703.html?cid=102005,"MESES SIN INTERESES | KURT GEIGER | Bolsa crossbody en piel Mini Kensington Eye capitonada Mujer | $5,990.00 | $2,995.00"
El Palacio de Hierro,KIPLING,Mochila lisa Mujer,,4599,https://www.elpalaciodehierro.com/kurt geiger bolsa crossbody en piel mini kensington drench capitonado mujer 43303942.html?cid=102005,"MESES SIN INTERESES | KURT GEIGER | Bolsa crossbody en piel Mini Kensington Drench capitonado Mujer | $4,990.00"
El Palacio de Hierro,KIPLING,Mochila moda Delia Mini Mujer,,3849,https://www.elpalaciodehierro.com/kurt geiger bolsa crossbody en piel mujer 42201900.html?cid=102005,"MESES SIN INTERESES | KURT GEIGER | Bolsa crossbody en piel Mujer | $4,990.00"
El Palacio de Hierro,KIPLING,Mochila Mujer,,3149,https://www.elpalaciodehierro.com/kurt geiger bolsa crossbody en piel mujer 44767632.html?cid=102005,"MESES SIN INTERESES | KURT GEIGER | Bolsa Crossbody en piel Mujer | $6,690.00"
El Palacio de Hierro,KIPLING,Mochila New Art Mujer,,3199,https://www.elpalaciodehierro.com/kurt geiger bolsa crossbody en piel mujer 44767725.html?cid=102005,"MESES SIN INTERESES | KURT GEIGER | Bolsa crossbody en piel Mujer | $6,990.00 | $3,495.00"
El Palacio de Hierro,KIPLING,Mochila New Art Unisex,,4949,https://www.elpalaciodehierro.com/kurt geiger bolsa crossbody en piel mujer 44772979.html?cid=102005,"MESES SIN INTERESES | KURT GEIGER | Bolsa Crossbody en piel Mujer | $5,190.00 | $3,114.00"
El Palacio de Hierro,KIPLING,Pañalera Backpack lisa,,5299,https://www.elpalaciodehierro.com/kurt geiger bolsa crossbody en piel mujer 44772995.html?cid=102005,"MESES SIN INTERESES | KURT GEIGER | Bolsa Crossbody en piel Mujer | $5,390.00 | $3,234.00"
El Palacio de Hierro,KIPLING,Pañalera backpack So Baby Berry Glow Met,,4949,https://www.elpalaciodehierro.com/kurt geiger bolsa crossbody en piel mujer 44773001.html?cid=102005,"MESES SIN INTERESES | KURT GEIGER | Bolsa Crossbody en piel Mujer | $6,990.00 | $4,194.00"
El Palacio de Hierro,KIPLING,Pañalera backpack So Baby Royal Night,,4949,https://www.elpalaciodehierro.com/kurt geiger bolsa crossbody en piel mujer 44773017.html?cid=102005,"MESES SIN INTERESES | KURT GEIGER | Bolsa Crossbody en piel Mujer | $5,590.00 | $3,354.00"
El Palacio de Hierro,KURT GEIGER,Bolsa clutch dorado Party Eagle con glitter Mujer,,3290,https://www.elpalaciodehierro.com/kurt geiger bolsa crossbody en piel mujer 44773019.html?cid=102005,"MESES SIN INTERESES | KURT GEIGER | Bolsa Crossbody en piel Mujer | $6,290.00 | $3,145.00"
El Palacio de Hierro,KURT GEIGER,Bolsa clutch en piel Chelsea con lentejuelas Mujer,6990,5592,https://www.elpalaciodehierro.com/kurt geiger bolsa crossbody en piel shoreditch con corazones mujer 44773021.html?cid=102005,"MESES SIN INTERESES | KURT GEIGER | Bolsa crossbody en piel Shoreditch con corazones Mujer | $6,990.00 | $4,194.00"
El Palacio de Hierro,KURT GEIGER,Bolsa crossbody acolchada Mujer,,4190,https://www.elpalaciodehierro.com/kurt geiger bolsa crossbody en piel vacuna kensington heart con pespuntes mujer 44077497.html?cid=102005,"MESES SIN INTERESES | KURT GEIGER | Bolsa Crossbody en piel vacuna Kensington Heart con pespuntes Mujer | $4,490.00"
El Palacio de Hierro,KURT GEIGER,Bolsa crossbody en cuero con franjas Mujer,,4890,https://www.elpalaciodehierro.com/kurt geiger bolsa crossbody en piel vacuna shoreditch lisa mujer 44773029.html?cid=102005,"MESES SIN INTERESES | KURT GEIGER | Bolsa crossbody en piel vacuna Shoreditch lisa Mujer | $8,690.00 | $4,345.00"
El Palacio de Hierro,KURT GEIGER,Bolsa crossbody en piel acolchada Mujer,,6590,https://www.elpalaciodehierro.com/kurt geiger bolsa crossbody en piel vacuna southbank mujer 44767703.html?cid=102005,"MESES SIN INTERESES | KURT GEIGER | Bolsa crossbody en piel vacuna Southbank Mujer | $6,990.00 | $3,495.00"
El Palacio de Hierro,KURT GEIGER,bolsa crossbody en piel con rayas kensington mujer,5990,2995,https://www.elpalaciodehierro.com/kurt geiger bolsa crossbody estampada mujer 45194891.html?cid=102005,"MESES SIN INTERESES | KURT GEIGER | Bolsa crossbody estampada Mujer | $4,690.00"
El Palacio de Hierro,KURT GEIGER,Bolsa crossbody en piel con rayas Kensington Mujer,5990,2995,https://www.elpalaciodehierro.com/kurt geiger bolsa crossbody jelly kensington lisa mujer 45101038.html?cid=102005,"MESES SIN INTERESES | KURT GEIGER | Bolsa crossbody Jelly Kensington lisa Mujer | $4,690.00"
El Palacio de Hierro,KURT GEIGER,Bolsa crossbody en piel fantasía Mujer,,9990,https://www.elpalaciodehierro.com/kurt geiger bolsa crossbody jelly lisa mujer 45101042.html?cid=102005,"MESES SIN INTERESES | KURT GEIGER | Bolsa crossbody Jelly lisa Mujer | $4,690.00"
El Palacio de Hierro,KURT GEIGER,Bolsa crossbody en piel Kensington Puff lisa Mujer,,6990,https://www.elpalaciodehierro.com/kurt geiger bolsa crossbody kensington en piel mujer 44587264.html?cid=102005,"MESES SIN INTERESES | KURT GEIGER | Bolsa Crossbody Kensington en piel Mujer | $4,190.00"
El Palacio de Hierro,KURT GEIGER,Bolsa crossbody en piel lisa Mujer,,5190,https://www.elpalaciodehierro.com/kurt geiger bolsa crossbody kensington en piel negra acolchada mujer 42201901.html,"MESES SIN INTERESES | KURT GEIGER | Bolsa crossbody Kensington en piel negra acolchada Mujer | $7,990.00"
El Palacio de Hierro,KURT GEIGER,Bolsa crossbody en piel Mini Kensington Eye capitonada Mujer,5990,2995,https://www.elpalaciodehierro.com/kurt geiger bolsa crossbody kensington fantasia mujer 43004505.html?cid=102005,"MESES SIN INTERESES | KURT GEIGER | Bolsa crossbody Kensington fantasía Mujer | $4,490.00"
El Palacio de Hierro,KURT GEIGER,Bolsa crossbody en piel Mini Kensington Eye capitonada Mujer,5990,2995,https://www.elpalaciodehierro.com/kurt geiger bolsa crossbody kensington heart estampada mujer 44773023.html?cid=102005,"MESES SIN INTERESES | KURT GEIGER | Bolsa crossbody Kensington Heart estampada Mujer | $5,990.00 | $4,193.00"
El Palacio de Hierro,KURT GEIGER,Bolsa crossbody en piel Mini Kensington Drench capitonado Mujer,,4990,https://www.elpalaciodehierro.com/kurt geiger bolsa crossbody kensington pedreria mujer 43491721.html?cid=102005,"MESES SIN INTERESES | KURT GEIGER | Bolsa crossbody Kensington pedrería Mujer | $4,490.00"
El Palacio de Hierro,KURT GEIGER,Bolsa crossbody en piel Mujer,,4990,https://www.elpalaciodehierro.com/kurt geiger bolsa crossbody lisa mujer 42484946.html?cid=102005,"MESES SIN INTERESES | KURT GEIGER | Bolsa crossbody lisa Mujer | $4,190.00 | $3,352.00"
El Palacio de Hierro,KURT GEIGER,Bolsa Crossbody en piel Mujer,,6690,https://www.elpalaciodehierro.com/kurt geiger bolsa crossbody lisa mujer 45101040.html?cid=102005,"MESES SIN INTERESES | KURT GEIGER | Bolsa crossbody lisa Mujer | $4,690.00"
El Palacio de Hierro,KURT GEIGER,Bolsa crossbody en piel Mujer,6990,3495,https://www.elpalaciodehierro.com/kurt geiger bolsa crossbody lisa mujer 45194859.html?cid=102005,"KURT GEIGER | Bolsa crossbody lisa Mujer | $2,090.00"
El Palacio de Hierro,KURT GEIGER,Bolsa Crossbody en piel Mujer,5190,3114,https://www.elpalaciodehierro.com/kurt geiger bolsa crossbody long nano shoreditch con flores mujer 44773007.html?cid=102005,"MESES SIN INTERESES | KURT GEIGER | Bolsa crossbody Long Nano Shoreditch con flores Mujer | $4,390.00 | $2,634.00"
El Palacio de Hierro,KURT GEIGER,Bolsa Crossbody en piel Mujer,5390,3234,https://www.elpalaciodehierro.com/kurt geiger bolsa crossbody micro chelsea con pedreria mujer 44772985.html?cid=102005,"MESES SIN INTERESES | KURT GEIGER | Bolsa crossbody Micro Chelsea con pedrería Mujer | $4,690.00 | $2,814.00"
El Palacio de Hierro,KURT GEIGER,Bolsa Crossbody en piel Mujer,6990,4194,https://www.elpalaciodehierro.com/kurt geiger bolsa crossbody micro kensington estampada mujer 44767626.html?cid=102005,"MESES SIN INTERESES | KURT GEIGER | Bolsa Crossbody Micro Kensington estampada Mujer | $2,290.00 | $1,374.00"
El Palacio de Hierro,KURT GEIGER,Bolsa Crossbody en piel Mujer,5590,3354,https://www.elpalaciodehierro.com/kurt geiger bolsa crossbody mini en piel bovina kensington acolchada mujer 41773767.html?cid=102005,"MESES SIN INTERESES | KURT GEIGER | Bolsa crossbody mini en piel bovina Kensington acolchada Mujer | $4,990.00"
El Palacio de Hierro,KURT GEIGER,Bolsa Crossbody en piel Mujer,6290,3145,https://www.elpalaciodehierro.com/kurt geiger bolsa crossbody mini kensington con pedreria mujer 44772977.html?cid=102005,"MESES SIN INTERESES | KURT GEIGER | Bolsa Crossbody Mini Kensington con pedrería Mujer | $6,790.00 | $4,074.00"
El Palacio de Hierro,KURT GEIGER,Bolsa crossbody en piel Shoreditch con corazones Mujer,6990,4194,https://www.elpalaciodehierro.com/kurt geiger bolsa crossbody mini kensington denim estampado mujer 43465025.html?cid=102005,"MESES SIN INTERESES | KURT GEIGER | Bolsa crossbody mini Kensington denim estampado Mujer | $3,290.00"
El Palacio de Hierro,KURT GEIGER,Bolsa Crossbody en piel vacuna Kensington Heart con pespuntes Mujer,,4490,https://www.elpalaciodehierro.com/kurt geiger bolsa crossbody nano kensington en piel mujer 44767656.html?cid=102005,"MESES SIN INTERESES | KURT GEIGER | Bolsa crossbody Nano Kensington en piel Mujer | $4,290.00 | $2,574.00"
El Palacio de Hierro,KURT GEIGER,Bolsa crossbody en piel vacuna Shoreditch lisa Mujer,8690,4345,https://www.elpalaciodehierro.com/kurt geiger bolsa crossbody negra en piel kensington lisa mujer 40003174.html?cid=102005,"MESES SIN INTERESES | KURT GEIGER | Bolsa crossbody negra en piel Kensington lisa Mujer | $6,690.00"
El Palacio de Hierro,KURT GEIGER,Bolsa crossbody en piel vacuna Southbank Mujer,6990,3495,https://www.elpalaciodehierro.com/kurt geiger bolsa crossbody shoreditch con animal skin mujer 44773013.html?cid=102005,"MESES SIN INTERESES | KURT GEIGER | Bolsa crossbody Shoreditch con animal skin Mujer | $6,290.00 | $3,774.00"
El Palacio de Hierro,KURT GEIGER,Bolsa crossbody estampada Mujer,,4690,https://www.elpalaciodehierro.com/kurt geiger bolsa crossbody shoreditch con flores mujer 44773011.html?cid=102005,"MESES SIN INTERESES | KURT GEIGER | Bolsa crossbody Shoreditch con flores Mujer | $5,890.00 | $3,534.00"
El Palacio de Hierro,KURT GEIGER,Bolsa crossbody Jelly Kensington lisa Mujer,,4690,https://www.elpalaciodehierro.com/kurt geiger bolsa hobo en piel kensington small gems mujer 44767662.html?cid=102005,"MESES SIN INTERESES | KURT GEIGER | Bolsa hobo en piel Kensington Small Gems Mujer | $8,290.00 | $4,145.00"
El Palacio de Hierro,KURT GEIGER,Bolsa crossbody Jelly lisa Mujer,,4690,https://www.elpalaciodehierro.com/kurt geiger bolsa hobo mini en piel lisa mujer 44767636.html?cid=102005,"MESES SIN INTERESES | KURT GEIGER | Bolsa Hobo mini en piel lisa Mujer | $6,990.00 | $4,194.00"
El Palacio de Hierro,KURT GEIGER,Bolsa Crossbody Kensington en piel Mujer,,4190,https://www.elpalaciodehierro.com/kurt geiger bolsa mini crossbody en piel mujer 44773005.html?cid=102005,"MESES SIN INTERESES | KURT GEIGER | Bolsa mini Crossbody en piel Mujer | $3,990.00 | $2,394.00"
El Palacio de Hierro,KURT GEIGER,Bolsa crossbody Kensington en piel negra acolchada Mujer,,7990,https://www.elpalaciodehierro.com/kurt geiger bolsa mini crossbody kensington kurt trenzada mujer 44767723.html?cid=102005,"MESES SIN INTERESES | KURT GEIGER | Bolsa mini crossbody Kensington Kurt trenzada Mujer | $6,990.00 | $3,495.00"
El Palacio de Hierro,KURT GEIGER,Bolsa crossbody Kensington fantasía Mujer,,4490,https://www.elpalaciodehierro.com/kurt geiger bolsa mini crossbody mujer 44767721.html?cid=102005,"MESES SIN INTERESES | KURT GEIGER | Bolsa mini crossbody Mujer | $1,990.00"
El Palacio de Hierro,KURT GEIGER,Bolsa crossbody Kensington Heart estampada Mujer,5990,4193,https://www.elpalaciodehierro.com/kurt geiger bolsa mini shoulder multicolor en piel mujer 44588015.html?cid=102005,"MESES SIN INTERESES | KURT GEIGER | Bolsa mini Shoulder multicolor en piel Mujer | $5,990.00"
El Palacio de Hierro,KURT GEIGER,Bolsa crossbody Kensington pedrería Mujer,,4490,https://www.elpalaciodehierro.com/kurt geiger bolsa mini tote southbank estampado mujer 43303907.html?cid=102005,"MESES SIN INTERESES | KURT GEIGER | Bolsa mini tote Southbank estampado Mujer | $3,990.00"
El Palacio de Hierro,KURT GEIGER,Bolsa crossbody lisa Mujer,4190,3352,https://www.elpalaciodehierro.com/kurt geiger bolsa satchel en piel capitonado mujer 43465004.html?cid=102005,"MESES SIN INTERESES | KURT GEIGER | Bolsa Satchel en piel capitonado Mujer | $6,690.00"
El Palacio de Hierro,KURT GEIGER,Bolsa crossbody lisa Mujer,,4690,https://www.elpalaciodehierro.com/kurt geiger bolsa satchel fantasia mujer 45295263.html?cid=102005,"KURT GEIGER | Bolsa Satchel fantasía Mujer | $3,990.00"
El Palacio de Hierro,KURT GEIGER,Bolsa crossbody lisa Mujer,,2090,https://www.elpalaciodehierro.com/kurt geiger bolsa shoulder con corazones mujer 44773061.html?cid=102005,"MESES SIN INTERESES | KURT GEIGER | Bolsa shoulder con corazones Mujer | $5,590.00 | $3,354.00"
El Palacio de Hierro,KURT GEIGER,Bolsa crossbody Long Nano Shoreditch con flores Mujer,4390,2634,https://www.elpalaciodehierro.com/kurt geiger bolsa shoulder con microdisenos mujer 45101032.html?cid=102005,"MESES SIN INTERESES | KURT GEIGER | Bolsa Shoulder con microdiseños Mujer | $6,990.00"
El Palacio de Hierro,KURT GEIGER,Bolsa crossbody Micro Chelsea con pedrería Mujer,4690,2814,https://www.elpalaciodehierro.com/kurt geiger bolsa shoulder en piel large kurt lisa mujer 45101036.html?cid=102005,"MESES SIN INTERESES | KURT GEIGER | Bolsa shoulder en piel Large Kurt lisa Mujer | $6,990.00"
El Palacio de Hierro,KURT GEIGER,Bolsa Crossbody Micro Kensington estampada Mujer,2290,1374,https://www.elpalaciodehierro.com/kurt geiger bolsa shoulder en piel lisa mujer 45194873.html?cid=102005,"MESES SIN INTERESES | KURT GEIGER | Bolsa shoulder en piel lisa Mujer | $6,990.00"
El Palacio de Hierro,KURT GEIGER,Bolsa crossbody mini en piel bovina Kensington acolchada Mujer,,4990,https://www.elpalaciodehierro.com/kurt geiger bolsa shoulder en piel mujer 44772989.html?cid=102005,"MESES SIN INTERESES | KURT GEIGER | Bolsa Shoulder en piel Mujer | $7,990.00 | $4,794.00"
El Palacio de Hierro,KURT GEIGER,Bolsa Crossbody Mini Kensington con pedrería Mujer,6790,4074,https://www.elpalaciodehierro.com/kurt geiger bolsa shoulder en piel mujer 44773053.html?cid=102005,"MESES SIN INTERESES | KURT GEIGER | Bolsa Shoulder en piel Mujer | $7,490.00 | $4,494.00"
El Palacio de Hierro,KURT GEIGER,Bolsa crossbody mini Kensington denim estampado Mujer,,3290,https://www.elpalaciodehierro.com/kurt geiger bolsa shoulder kensington mujer 42484936.html?cid=102005,"MESES SIN INTERESES | KURT GEIGER | Bolsa Shoulder Kensington Mujer | $7,990.00 | $5,593.00"
El Palacio de Hierro,KURT GEIGER,Bolsa crossbody Nano Kensington en piel Mujer,4290,2574,https://www.elpalaciodehierro.com/kurt geiger bolsa shoulder mini en piel lisa mujer 45194871.html?cid=102005,"MESES SIN INTERESES | KURT GEIGER | Bolsa shoulder mini en piel lisa Mujer | $5,390.00"
El Palacio de Hierro,KURT GEIGER,Bolsa crossbody negra en piel Kensington lisa Mujer,,6690,https://www.elpalaciodehierro.com/kurt geiger bolsa shoulder mini kensington con pedreria mujer 42660255.html?cid=102005,"MESES SIN INTERESES | KURT GEIGER | Bolsa shoulder mini Kensington con pedrería Mujer | $4,490.00"
El Palacio de Hierro,KURT GEIGER,Bolsa crossbody Shoreditch con animal skin Mujer,6290,3774,https://www.elpalaciodehierro.com/kurt geiger bolsa shoulder mujer 44773039.html?cid=102005,"MESES SIN INTERESES | KURT GEIGER | Bolsa Shoulder Mujer | $6,790.00 | $4,074.00"
El Palacio de Hierro,KURT GEIGER,Bolsa crossbody Shoreditch con flores Mujer,5890,3534,https://www.elpalaciodehierro.com/kurt geiger bolsa shoulder mujer 44773057.html?cid=102005,"MESES SIN INTERESES | KURT GEIGER | Bolsa Shoulder Mujer | $5,890.00 | $3,534.00"
El Palacio de Hierro,KURT GEIGER,Bolsa hobo en piel Kensington Small Gems Mujer,8290,4145,https://www.elpalaciodehierro.com/kurt geiger bolsa shoulder mujer 44773059.html?cid=102005,"MESES SIN INTERESES | KURT GEIGER | Bolsa Shoulder Mujer | $5,990.00 | $3,594.00"
El Palacio de Hierro,KURT GEIGER,Bolsa Hobo mini en piel lisa Mujer,6990,4194,https://www.elpalaciodehierro.com/kurt geiger bolsa shoulder multicolor en piel mujer 44588016.html?cid=102005,"MESES SIN INTERESES | KURT GEIGER | Bolsa Shoulder multicolor en piel Mujer | $7,490.00"
El Palacio de Hierro,KURT GEIGER,Bolsa mini Crossbody en piel Mujer,3990,2394,https://www.elpalaciodehierro.com/kurt geiger bolsa shoulder negro en piel kensington liso mujer 43303878.html?cid=102005,"MESES SIN INTERESES | KURT GEIGER | Bolsa Shoulder negro en piel Kensington liso Mujer | $7,990.00"
El Palacio de Hierro,KURT GEIGER,Bolsa mini crossbody Kensington Kurt trenzada Mujer,6990,3495,https://www.elpalaciodehierro.com/kurt geiger bolsa tote en piel capitonada mujer 43465006.html?cid=102005,"MESES SIN INTERESES | KURT GEIGER | Bolsa Tote en piel capitonada Mujer | $6,690.00"
El Palacio de Hierro,KURT GEIGER,Bolsa mini crossbody Mujer,,1990,https://www.elpalaciodehierro.com/kurt geiger bolsa tote en piel chelsea drench animal print mujer 44767654.html?cid=102005,"MESES SIN INTERESES | KURT GEIGER | Bolsa tote en piel Chelsea Drench animal print Mujer | $11,790.00 | $7,074.00"
El Palacio de Hierro,KURT GEIGER,Bolsa mini Shoulder multicolor en piel Mujer,,5990,https://www.elpalaciodehierro.com/kurt geiger bolsa tote estampada mujer 45194909.html?cid=102005,"MESES SIN INTERESES | KURT GEIGER | Bolsa tote estampada Mujer | $3,990.00"
El Palacio de Hierro,KURT GEIGER,Bolsa mini tote Southbank estampado Mujer,,3990,https://www.elpalaciodehierro.com/kurt geiger bolsa tote estampado mujer 43776250.html?cid=102005,"MESES SIN INTERESES | KURT GEIGER | Bolsa Tote Estampado Mujer | $3,290.00"
El Palacio de Hierro,KURT GEIGER,Bolsa Satchel en piel capitonado Mujer,,6690,https://www.elpalaciodehierro.com/kurt geiger bolsa tote jelly lisa mujer 45101044.html?cid=102005,"MESES SIN INTERESES | KURT GEIGER | Bolsa tote Jelly lisa Mujer | $4,690.00"
El Palacio de Hierro,KURT GEIGER,Bolsa Satchel fantasía Mujer,,3990,https://www.elpalaciodehierro.com/kurt geiger bolsa tote negro en piel kensington capitonada mujer 43004461.html?cid=102005,"MESES SIN INTERESES | KURT GEIGER | Bolsa tote negro en piel Kensington capitonada Mujer | $6,690.00"
El Palacio de Hierro,KURT GEIGER,Bolsa shoulder con corazones Mujer,5590,3354,https://www.elpalaciodehierro.com/kurt geiger bolsa tote negro recycled capitonado mujer 42864305.html?cid=102005,"MESES SIN INTERESES | KURT GEIGER | Bolsa tote negro Recycled capitonado Mujer | $3,990.00"
El Palacio de Hierro,KURT GEIGER,Bolsa Shoulder con microdiseños Mujer,,6990,https://www.elpalaciodehierro.com/kurt geiger bolsa tote negro southbank con print de arcoiris mujer 42864367.html?cid=102005,"MESES SIN INTERESES | KURT GEIGER | Bolsa tote negro Southbank con print de arcoíris Mujer | $4,390.00"
El Palacio de Hierro,KURT GEIGER,Bolsa shoulder en piel Large Kurt lisa Mujer,,6990,https://www.elpalaciodehierro.com/kurt geiger bolsa tote southbank estampada mujer 45194879.html?cid=102005,"MESES SIN INTERESES | KURT GEIGER | Bolsa tote Southbank estampada Mujer | $4,190.00"
El Palacio de Hierro,KURT GEIGER,Bolsa shoulder en piel lisa Mujer,,6990,https://www.elpalaciodehierro.com/kurt geiger bolso clutch negro envelope mujer 42535774.html?cid=102005,"MESES SIN INTERESES | KURT GEIGER | Bolso Clutch negro Envelope Mujer | $3,290.00"
El Palacio de Hierro,KURT GEIGER,Bolsa Shoulder en piel Mujer,7990,4794,https://www.elpalaciodehierro.com/kurt geiger card holder 43491708.html?cid=102005,"MESES SIN INTERESES | KURT GEIGER | CARD HOLDER | $1,290.00"
El Palacio de Hierro,KURT GEIGER,Bolsa Shoulder en piel Mujer,7490,4494,https://www.elpalaciodehierro.com/kurt geiger card holder drench 43402843.html?cid=102005,"MESES SIN INTERESES | KURT GEIGER | CARD HOLDER DRENCH | $1,290.00"
El Palacio de Hierro,KURT GEIGER,Bolsa Shoulder Kensington Mujer,7990,5593,https://www.elpalaciodehierro.com/kurt geiger cartera capitonado mujer 43776191.html?cid=102005,"MESES SIN INTERESES | KURT GEIGER | Cartera capitonado Mujer | $3,790.00"
El Palacio de Hierro,KURT GEIGER,Bolsa shoulder mini en piel lisa Mujer,,5390,https://www.elpalaciodehierro.com/kurt geiger cartera de piel pimlico capitonada mujer 44773085.html?cid=102005,"MESES SIN INTERESES | KURT GEIGER | Cartera de piel Pimlico capitonada Mujer | $3,490.00 | $1,745.00"
El Palacio de Hierro,KURT GEIGER,Bolsa shoulder mini Kensington con pedrería Mujer,,4490,https://www.elpalaciodehierro.com/kurt geiger cartera en piel animalprint mujer 45200092.html?cid=102005,"MESES SIN INTERESES | KURT GEIGER | Cartera en piel animalprint Mujer | $4,290.00 | $2,574.00"
El Palacio de Hierro,KURT GEIGER,Bolsa Shoulder Mujer,6790,4074,https://www.elpalaciodehierro.com/kurt geiger cartera en piel estampada mujer 45194921.html?cid=102005,"MESES SIN INTERESES | KURT GEIGER | Cartera en piel estampada Mujer | $2,290.00"
El Palacio de Hierro,KURT GEIGER,Bolsa Shoulder Mujer,5890,3534,https://www.elpalaciodehierro.com/kurt geiger cartera en piel lisa mujer 45194915.html?cid=102005,"MESES SIN INTERESES | KURT GEIGER | Cartera en piel lisa Mujer | $3,690.00"
El Palacio de Hierro,KURT GEIGER,Bolsa Shoulder Mujer,5990,3594,https://www.elpalaciodehierro.com/kurt geiger cartera en piel lisa mujer 45194919.html?cid=102005,"MESES SIN INTERESES | KURT GEIGER | Cartera en piel lisa Mujer | $2,290.00"
El Palacio de Hierro,KURT GEIGER,Bolsa Shoulder multicolor en piel Mujer,,7490,https://www.elpalaciodehierro.com/kurt geiger cartera estampada mujer 45194925.html?cid=102005,"MESES SIN INTERESES | KURT GEIGER | Cartera estampada Mujer | $2,290.00"
El Palacio de Hierro,KURT GEIGER,Bolsa Shoulder negro en piel Kensington liso Mujer,,7990,https://www.elpalaciodehierro.com/kurt geiger cartera fantasia mujer 44773083.html?cid=102005,"MESES SIN INTERESES | KURT GEIGER | Cartera fantasía Mujer | $3,490.00 | $2,094.00"
El Palacio de Hierro,KURT GEIGER,Bolsa Tote en piel capitonada Mujer,,6690,https://www.elpalaciodehierro.com/kurt geiger cartera kensington capitonada mujer 43464997.html?cid=102005,"MESES SIN INTERESES | KURT GEIGER | Cartera Kensington capitonada Mujer | $3,790.00"
El Palacio de Hierro,KURT GEIGER,Bolsa tote en piel Chelsea Drench animal print Mujer,11790,7074,https://www.elpalaciodehierro.com/kurt geiger cartera kensington con estampada mujer 44773087.html?cid=102005,"MESES SIN INTERESES | KURT GEIGER | Cartera Kensington con estampada Mujer | $3,490.00 | $1,745.00"
El Palacio de Hierro,KURT GEIGER,Bolsa tote estampada Mujer,,3990,https://www.elpalaciodehierro.com/kurt geiger cartera negra en piel capitonada mujer 40575118.html?cid=102005,"MESES SIN INTERESES | KURT GEIGER | Cartera negra en piel capitonada Mujer | $3,490.00"
El Palacio de Hierro,KURT GEIGER,Bolsa Tote Estampado Mujer,,3290,https://www.elpalaciodehierro.com/kurt geiger cartera southbank estampada mujer 44773081.html?cid=102005,"MESES SIN INTERESES | KURT GEIGER | Cartera Southbank estampada Mujer | $2,290.00 | $1,374.00"
El Palacio de Hierro,KURT GEIGER,Bolsa tote Jelly lisa Mujer,,4690,https://www.elpalaciodehierro.com/kurt geiger tarjetero de piel pimlico capitonado mujer 44773157.html?cid=102005,"MESES SIN INTERESES | KURT GEIGER | Tarjetero de piel Pimlico capitonado Mujer | $1,890.00 | $1,134.00"
El Palacio de Hierro,KURT GEIGER,Bolsa tote negro en piel Kensington capitonada Mujer,,6690,https://www.elpalaciodehierro.com/kurt geiger tarjetero en piel fantasia mujer 44773153.html?cid=102005,"MESES SIN INTERESES | KURT GEIGER | Tarjetero en piel fantasía Mujer | $1,890.00 | $1,134.00"
El Palacio de Hierro,KURT GEIGER,Bolsa tote negro Recycled capitonado Mujer,,3990,https://www.elpalaciodehierro.com/kurt geiger tarjetero en piel fantasia mujer 44773161.html?cid=102005,"MESES SIN INTERESES | KURT GEIGER | Tarjetero en piel fantasía Mujer | $1,890.00 | $945.00"
El Palacio de Hierro,KURT GEIGER,Bolsa tote negro Southbank con print de arcoíris Mujer,,4390,https://www.elpalaciodehierro.com/kurt geiger tarjetero multicolor en piel rainbow mujer 40575117.html?cid=102005,"MESES SIN INTERESES | KURT GEIGER | Tarjetero multicolor en piel Rainbow Mujer | $1,290.00"
El Palacio de Hierro,KURT GEIGER,Bolsa tote Southbank estampada Mujer,,4190,https://www.elpalaciodehierro.com/kurt geiger tarjetero southbank estampado mujer 44773155.html?cid=102005,"MESES SIN INTERESES | KURT GEIGER | Tarjetero Southbank estampado Mujer | $1,390.00 | $834.00"
El Palacio de Hierro,KURT GEIGER,Bolso Clutch negro Envelope Mujer,,3290,https://www.elpalaciodehierro.com/la double j bolsa pochette mujer 45042987.html?cid=102005,"NUEVA TEMPORADA | LA DOUBLE J | Bolsa Pochette Mujer | $6,900.00"
El Palacio de Hierro,KURT GEIGER,CARD HOLDER,,1290,https://www.elpalaciodehierro.com/la double j bolsa pochette mujer 45042989.html?cid=102005,"NUEVA TEMPORADA | LA DOUBLE J | Bolsa Pochette Mujer | $8,100.00"
El Palacio de Hierro,KURT GEIGER,CARD HOLDER DRENCH,,1290,https://www.elpalaciodehierro.com/lansinoh bolsas almacenadoras de leche materna 37130568.html?cid=102005,MESES SIN INTERESES | LANSINOH | Bolsas almacenadoras de leche materna | $259.00 | $207.20
El Palacio de Hierro,KURT GEIGER,Cartera capitonado Mujer,,3790,https://www.elpalaciodehierro.com/las renas bolsa reutilizable con logotipo 42931859.html?cid=102005,LAS REÑAS | Bolsa Reutilizable con logotipo | $199.00
El Palacio de Hierro,KURT GEIGER,Cartera de piel Pimlico capitonada Mujer,3490,1745,https://www.elpalaciodehierro.com/loeffler randall bolsa crossbody negra lisa mujer 44988500.html?cid=102005,"MESES SIN INTERESES | LOEFFLER RANDALL | Bolsa crossbody negra lisa Mujer | $5,490.00 | $3,294.00"
El Palacio de Hierro,KURT GEIGER,Cartera en piel animalprint Mujer,4290,2574,https://www.elpalaciodehierro.com/loeffler randall bolsa crossbody plateada lisa mujer 44988499.html?cid=102005,"MESES SIN INTERESES | LOEFFLER RANDALL | Bolsa crossbody plateada lisa Mujer | $5,490.00 | $3,294.00"
El Palacio de Hierro,KURT GEIGER,Cartera en piel estampada Mujer,,2290,https://www.elpalaciodehierro.com/loeffler randall bolsa shoulder marron en piel gamuza mujer 44988529.html?cid=102005,"MESES SIN INTERESES | LOEFFLER RANDALL | Bolsa shoulder marrón en piel gamuza Mujer | $6,990.00 | $4,194.00"
El Palacio de Hierro,KURT GEIGER,Cartera en piel lisa Mujer,,3690,https://www.elpalaciodehierro.com/loeffler randall bolsa shoulder multicolor con animalprint mujer 44988501.html?cid=102005,"MESES SIN INTERESES | LOEFFLER RANDALL | Bolsa shoulder multicolor con animalprint Mujer | $5,490.00 | $3,294.00"
El Palacio de Hierro,KURT GEIGER,Cartera en piel lisa Mujer,,2290,https://www.elpalaciodehierro.com/loeffler randall bolsa shoulder negra en piel lisa mujer 44988497.html?cid=102005,"MESES SIN INTERESES | LOEFFLER RANDALL | Bolsa shoulder negra en piel lisa Mujer | $6,990.00 | $4,194.00"
El Palacio de Hierro,KURT GEIGER,Cartera estampada Mujer,,2290,https://www.elpalaciodehierro.com/loewe bolsa featherlight puzzle 45143513.html?cid=102005,"LOEWE | Bolsa Featherlight Puzzle | $106,900.00"
El Palacio de Hierro,KURT GEIGER,Cartera fantasía Mujer,3490,2094,https://www.elpalaciodehierro.com/loewe bolsa flamenco 44884457.html?cid=102005,"LOEWE | Bolsa Flamenco | $67,900.00"
El Palacio de Hierro,KURT GEIGER,Cartera Kensington capitonada Mujer,,3790,https://www.elpalaciodehierro.com/loewe bolsa loewe font 44884443.html?cid=102005,"LOEWE | Bolsa Loewe Font | $31,200.00"
El Palacio de Hierro,KURT GEIGER,Cartera Kensington con estampada Mujer,3490,1745,https://www.elpalaciodehierro.com/loewe bolsa puzzle edge 45143507.html?cid=102005,"LOEWE | Bolsa Puzzle Edge | $89,100.00"
El Palacio de Hierro,KURT GEIGER,Cartera negra en piel capitonada Mujer,,3490,https://www.elpalaciodehierro.com/loewe bolsa puzzle fold 44884385.html?cid=102005,"LOEWE | Bolsa Puzzle Fold | $48,000.00"
El Palacio de Hierro,KURT GEIGER,Cartera Southbank estampada Mujer,2290,1374,https://www.elpalaciodehierro.com/loewe bolsa puzzle fold 45147088.html?cid=102005,"LOEWE | Bolsa Puzzle Fold | $38,700.00"
El Palacio de Hierro,KURT GEIGER,Tarjetero de piel Pimlico capitonado Mujer,1890,1134,https://www.elpalaciodehierro.com/lola casademunt bolsa crossbody blanca lisa mujer 45155551.html?cid=102005,"MESES SIN INTERESES | LOLA CASADEMUNT | Bolsa crossbody blanca lisa Mujer | $3,850.00"
El Palacio de Hierro,KURT GEIGER,Tarjetero en piel fantasía Mujer,1890,1134,https://www.elpalaciodehierro.com/lola casademunt bolsa crossbody blanca lisa mujer 45155555.html?cid=102005,"MESES SIN INTERESES | LOLA CASADEMUNT | Bolsa crossbody blanca lisa Mujer | $4,590.00"
El Palacio de Hierro,KURT GEIGER,Tarjetero en piel fantasía Mujer,1890,945,https://www.elpalaciodehierro.com/lola casademunt bolsa crossbody cafe granulada iconic lisa mujer 45155542.html?cid=102005,"MESES SIN INTERESES | LOLA CASADEMUNT | Bolsa crossbody café granulada Iconic lisa Mujer | $4,350.00"
El Palacio de Hierro,KURT GEIGER,Tarjetero multicolor en piel Rainbow Mujer,,1290,https://www.elpalaciodehierro.com/lola casademunt bolsa crossbody con logo mujer 44831041.html?cid=102005,"MESES SIN INTERESES | LOLA CASADEMUNT | Bolsa Crossbody, con logo Mujer | $3,190.00 | $1,914.00"
El Palacio de Hierro,KURT GEIGER,Tarjetero Southbank estampado Mujer,1390,834,https://www.elpalaciodehierro.com/lola casademunt bolsa crossbody mediana iconic lisa mujer 45155537.html?cid=102005,"MESES SIN INTERESES | LOLA CASADEMUNT | Bolsa crossbody mediana Iconic lisa Mujer | $4,690.00"
El Palacio de Hierro,NUEVA TEMPORADA,LA DOUBLE J,,6900,https://www.elpalaciodehierro.com/lola casademunt bolsa crossbody multicolor animalprint mujer 45155548.html?cid=102005,"MESES SIN INTERESES | LOLA CASADEMUNT | Bolsa crossbody multicolor animalprint Mujer | $3,850.00"
El Palacio de Hierro,NUEVA TEMPORADA,LA DOUBLE J,,8100,https://www.elpalaciodehierro.com/lola casademunt bolsa crossbody multicolor rayas mujer 45155557.html?cid=102005,"MESES SIN INTERESES | LOLA CASADEMUNT | Bolsa crossbody multicolor rayas Mujer | $3,850.00"
El Palacio de Hierro,LANSINOH,Bolsas almacenadoras de leche materna,259,207.2,https://www.elpalaciodehierro.com/lola casademunt bolsa crossbody negra con tweed mujer 44831042.html?cid=102005,"MESES SIN INTERESES | LOLA CASADEMUNT | Bolsa crossbody negra con tweed Mujer | $4,190.00 | $2,514.00"
El Palacio de Hierro,LAS REÑAS,Bolsa Reutilizable con logotipo,,199,https://www.elpalaciodehierro.com/lola casademunt bolsa crossbody negra con tweed mujer 44831043.html?cid=102005,"MESES SIN INTERESES | LOLA CASADEMUNT | Bolsa crossbody negra con tweed Mujer | $4,790.00 | $2,874.00"
El Palacio de Hierro,LOEFFLER RANDALL,Bolsa crossbody negra lisa Mujer,5490,3294,https://www.elpalaciodehierro.com/lola casademunt bolsa crossbody negra granulada iconic lisa mujer 45155541.html?cid=102005,"MESES SIN INTERESES | LOLA CASADEMUNT | Bolsa crossbody negra granulada Iconic lisa Mujer | $4,350.00"
El Palacio de Hierro,LOEFFLER RANDALL,Bolsa crossbody plateada lisa Mujer,5490,3294,https://www.elpalaciodehierro.com/lola casademunt bolsa crossbody negra lisa mujer 45155544.html?cid=102005,"MESES SIN INTERESES | LOLA CASADEMUNT | Bolsa crossbody negra lisa Mujer | $3,850.00"
El Palacio de Hierro,LOEFFLER RANDALL,Bolsa shoulder marrón en piel gamuza Mujer,6990,4194,https://www.elpalaciodehierro.com/lola casademunt bolsa crossbody roja lisa mujer 45155553.html?cid=102005,"MESES SIN INTERESES | LOLA CASADEMUNT | Bolsa crossbody roja lisa Mujer | $3,850.00"
El Palacio de Hierro,LOEFFLER RANDALL,Bolsa shoulder multicolor con animalprint Mujer,5490,3294,https://www.elpalaciodehierro.com/lola casademunt bolsa crossbody rosa lisa mujer 45155554.html?cid=102005,"MESES SIN INTERESES | LOLA CASADEMUNT | Bolsa crossbody rosa lisa Mujer | $4,590.00"
El Palacio de Hierro,LOEFFLER RANDALL,Bolsa shoulder negra en piel lisa Mujer,6990,4194,https://www.elpalaciodehierro.com/lola casademunt bolsa hobo blanco y negro lisa mujer 44831051.html?cid=102005,"MESES SIN INTERESES | LOLA CASADEMUNT | Bolsa hobo blanco y negro lisa Mujer | $4,190.00 | $2,514.00"
El Palacio de Hierro,LOEWE,Bolsa Featherlight Puzzle,,106900,https://www.elpalaciodehierro.com/lola casademunt bolsa hobo cafe claro lisa mujer 45155546.html?cid=102005,"MESES SIN INTERESES | LOLA CASADEMUNT | Bolsa hobo café claro lisa Mujer | $4,950.00"
El Palacio de Hierro,LOEWE,Bolsa Flamenco,,67900,https://www.elpalaciodehierro.com/lola casademunt bolsa hobo negra lisa mujer 45155545.html?cid=102005,"MESES SIN INTERESES | LOLA CASADEMUNT | Bolsa hobo negra lisa Mujer | $4,950.00"
El Palacio de Hierro,LOEWE,Bolsa Loewe Font,,31200,https://www.elpalaciodehierro.com/lola casademunt bolsa tote blanca lisa mujer 45155549.html?cid=102005,"MESES SIN INTERESES | LOLA CASADEMUNT | Bolsa tote blanca lisa Mujer | $4,950.00"
El Palacio de Hierro,LOEWE,Bolsa Puzzle Edge,,89100,https://www.elpalaciodehierro.com/lola casademunt bolsa tote cafe granulada iconic lisa mujer 45155540.html?cid=102005,"MESES SIN INTERESES | LOLA CASADEMUNT | Bolsa tote café granulada Iconic lisa Mujer | $5,350.00"
El Palacio de Hierro,LOEWE,Bolsa Puzzle Fold,,48000,https://www.elpalaciodehierro.com/lola casademunt bolsa tote cafe lisa mujer 44831050.html?cid=102005,"MESES SIN INTERESES | LOLA CASADEMUNT | Bolsa tote café lisa Mujer | $4,190.00 | $2,514.00"
El Palacio de Hierro,LOEWE,Bolsa Puzzle Fold,,38700,https://www.elpalaciodehierro.com/lola casademunt bolsa tote con logo mujer 44831047.html?cid=102005,"MESES SIN INTERESES | LOLA CASADEMUNT | Bolsa Tote con logo Mujer | $4,190.00 | $2,514.00"
El Palacio de Hierro,LOLA CASADEMUNT,Bolsa crossbody blanca lisa Mujer,,3850,https://www.elpalaciodehierro.com/lola casademunt bolsa tote multicolor animalprint mujer 45155535.html?cid=102005,"MESES SIN INTERESES | LOLA CASADEMUNT | Bolsa tote multicolor animalprint Mujer | $4,590.00"
El Palacio de Hierro,LOLA CASADEMUNT,Bolsa crossbody blanca lisa Mujer,,4590,https://www.elpalaciodehierro.com/lola casademunt bolsa tote multicolor animalprint mujer 45155547.html?cid=102005,"MESES SIN INTERESES | LOLA CASADEMUNT | Bolsa tote multicolor animalprint Mujer | $4,950.00"
El Palacio de Hierro,LOLA CASADEMUNT,Bolsa crossbody café granulada Iconic lisa Mujer,,4350,https://www.elpalaciodehierro.com/lola casademunt bolsa tote multicolor rayas mujer 45155556.html?cid=102005,"MESES SIN INTERESES | LOLA CASADEMUNT | Bolsa tote multicolor rayas Mujer | $4,950.00"
El Palacio de Hierro,LOLA CASADEMUNT,"Bolsa Crossbody, con logo Mujer",3190,1914,https://www.elpalaciodehierro.com/lola casademunt bolsa tote negra granulada iconic lisa mujer 45155539.html?cid=102005,"MESES SIN INTERESES | LOLA CASADEMUNT | Bolsa tote negra granulada Iconic lisa Mujer | $5,350.00"
El Palacio de Hierro,LOLA CASADEMUNT,Bolsa crossbody mediana Iconic lisa Mujer,,4690,https://www.elpalaciodehierro.com/lola casademunt bolsa tote negra lisa mujer 44831048.html?cid=102005,"MESES SIN INTERESES | LOLA CASADEMUNT | Bolsa tote negra lisa Mujer | $4,190.00 | $2,514.00"
El Palacio de Hierro,LOLA CASADEMUNT,Bolsa crossbody multicolor animalprint Mujer,,3850,https://www.elpalaciodehierro.com/lola casademunt bolsa tote negra lisa mujer 45155543.html?cid=102005,"MESES SIN INTERESES | LOLA CASADEMUNT | Bolsa tote negra lisa Mujer | $4,590.00"
El Palacio de Hierro,LOLA CASADEMUNT,Bolsa crossbody multicolor rayas Mujer,,3850,https://www.elpalaciodehierro.com/lola casademunt bolsa tote negra lisa mujer 45155550.html?cid=102005,"MESES SIN INTERESES | LOLA CASADEMUNT | Bolsa tote negra lisa Mujer | $4,950.00"
El Palacio de Hierro,LOLA CASADEMUNT,Bolsa crossbody negra con tweed Mujer,4190,2514,https://www.elpalaciodehierro.com/lola casademunt mochila mujer 44831052.html?cid=102005,"MESES SIN INTERESES | LOLA CASADEMUNT | Mochila Mujer | $4,190.00 | $2,514.00"
El Palacio de Hierro,LOLA CASADEMUNT,Bolsa crossbody negra con tweed Mujer,4790,2874,https://www.elpalaciodehierro.com/longchamp bolsa backpack liso unisex 43631010.html?cid=102005,"MESES SIN INTERESES | LONGCHAMP | Bolsa backpack liso Unisex | $7,309.00"
El Palacio de Hierro,LOLA CASADEMUNT,Bolsa crossbody negra granulada Iconic lisa Mujer,,4350,https://www.elpalaciodehierro.com/longchamp bolsa backpack mujer 40758420.html?cid=102005,"MESES SIN INTERESES | LONGCHAMP | Bolsa backpack Mujer | $10,299.00"
El Palacio de Hierro,LOLA CASADEMUNT,Bolsa crossbody negra lisa Mujer,,3850,https://www.elpalaciodehierro.com/longchamp bolsa crossbody azul lisa mujer 45310858.html?cid=102005,"MESES SIN INTERESES | LONGCHAMP | Bolsa Crossbody azul lisa Mujer | $8,519.00"
El Palacio de Hierro,LOLA CASADEMUNT,Bolsa crossbody roja lisa Mujer,,3850,https://www.elpalaciodehierro.com/longchamp bolsa crossbody blanca mujer 42053517.html?cid=102005,"MESES SIN INTERESES | LONGCHAMP | Bolsa Crossbody blanca Mujer | $2,329.00"
El Palacio de Hierro,LOLA CASADEMUNT,Bolsa crossbody rosa lisa Mujer,,4590,https://www.elpalaciodehierro.com/longchamp bolsa crossbody en cuero de vaqueta granulada mujer 44850213.html?cid=102005,"MESES SIN INTERESES | LONGCHAMP | Bolsa Crossbody en cuero de vaqueta granulada Mujer | $14,389.00"
El Palacio de Hierro,LOLA CASADEMUNT,Bolsa hobo blanco y negro lisa Mujer,4190,2514,https://www.elpalaciodehierro.com/longchamp bolsa crossbody en cuero de vaqueta granulada mujer 44850214.html?cid=102005,"MESES SIN INTERESES | LONGCHAMP | Bolsa crossbody en cuero de vaqueta granulada Mujer | $14,389.00"
El Palacio de Hierro,LOLA CASADEMUNT,Bolsa hobo café claro lisa Mujer,,4950,https://www.elpalaciodehierro.com/longchamp bolsa crossbody en cuero de vaqueta granulada mujer 45162518.html?cid=102005,"MESES SIN INTERESES | LONGCHAMP | Bolsa Crossbody en cuero de vaqueta granulada Mujer | $16,059.00"
El Palacio de Hierro,LOLA CASADEMUNT,Bolsa hobo negra lisa Mujer,,4950,https://www.elpalaciodehierro.com/longchamp bolsa crossbody en cuero de vaqueta granulada mujer 45162519.html?cid=102005,"MESES SIN INTERESES | LONGCHAMP | Bolsa Crossbody en cuero de vaqueta granulada Mujer | $11,409.00"
El Palacio de Hierro,LOLA CASADEMUNT,Bolsa tote blanca lisa Mujer,,4950,https://www.elpalaciodehierro.com/longchamp bolsa crossbody en piel de oveja texturizado mujer 45162520.html?cid=102005,"MESES SIN INTERESES | LONGCHAMP | Bolsa Crossbody en piel de oveja texturizado Mujer | $20,259.00"
El Palacio de Hierro,LOLA CASADEMUNT,Bolsa tote café granulada Iconic lisa Mujer,,5350,https://www.elpalaciodehierro.com/longchamp bolsa crossbody en piel le foulonne mujer 44924177.html?cid=102005,"MESES SIN INTERESES | LONGCHAMP | Bolsa Crossbody en Piel Le Foulonné Mujer | $16,049.00"
El Palacio de Hierro,LOLA CASADEMUNT,Bolsa tote café lisa Mujer,4190,2514,https://www.elpalaciodehierro.com/longchamp bolsa crossbody foulonne mujer 45130127.html?cid=102005,"MESES SIN INTERESES | LONGCHAMP | Bolsa crossbody Foulonne Mujer | $11,409.00"
El Palacio de Hierro,LOLA CASADEMUNT,Bolsa Tote con logo Mujer,4190,2514,https://www.elpalaciodehierro.com/longchamp bolsa crossbody le pliage energy lisa mujer 45130167.html?cid=102005,"MESES SIN INTERESES | LONGCHAMP | Bolsa crossbody Le Pliage Energy lisa Mujer | $6,539.00"
El Palacio de Hierro,LOLA CASADEMUNT,Bolsa tote multicolor animalprint Mujer,,4590,https://www.elpalaciodehierro.com/longchamp bolsa crossbody le pliage energy mujer 45130119.html?cid=102005,"MESES SIN INTERESES | LONGCHAMP | Bolsa crossbody Le Pliage Energy Mujer | $6,539.00"
El Palacio de Hierro,LOLA CASADEMUNT,Bolsa tote multicolor animalprint Mujer,,4950,https://www.elpalaciodehierro.com/longchamp bolsa crossbody le pliage energy mujer 45130120.html?cid=102005,"MESES SIN INTERESES | LONGCHAMP | Bolsa crossbody Le Pliage Energy Mujer | $8,529.00"
El Palacio de Hierro,LOLA CASADEMUNT,Bolsa tote multicolor rayas Mujer,,4950,https://www.elpalaciodehierro.com/longchamp bolsa crossbody le pliage xtra lisa mujer 45130130.html?cid=102005,"MESES SIN INTERESES | LONGCHAMP | Bolsa crossbody Le Pliage Xtra lisa Mujer | $13,729.00"
El Palacio de Hierro,LOLA CASADEMUNT,Bolsa tote negra granulada Iconic lisa Mujer,,5350,https://www.elpalaciodehierro.com/longchamp bolsa crossbody le pliage xtra mujer 45079238.html?cid=102005,"MESES SIN INTERESES | LONGCHAMP | Bolsa crossbody Le Pliage Xtra Mujer | $12,289.00"
El Palacio de Hierro,LOLA CASADEMUNT,Bolsa tote negra lisa Mujer,4190,2514,https://www.elpalaciodehierro.com/longchamp bolsa crossbody le pliage xtra mujer 45130128.html?cid=102005,"MESES SIN INTERESES | LONGCHAMP | Bolsa crossbody Le Pliage Xtra Mujer | $13,729.00"
El Palacio de Hierro,LOLA CASADEMUNT,Bolsa tote negra lisa Mujer,,4590,https://www.elpalaciodehierro.com/longchamp bolsa crossbody le pliage xtr mujer 45130129.html?cid=102005,"MESES SIN INTERESES | LONGCHAMP | Bolsa crossbody Le PLIAGE XTR Mujer | $13,729.00"
El Palacio de Hierro,LOLA CASADEMUNT,Bolsa tote negra lisa Mujer,,4950,https://www.elpalaciodehierro.com/longchamp bolsa crossbody mujer 44537919.html?cid=102005,"MESES SIN INTERESES | LONGCHAMP | Bolsa Crossbody Mujer | $7,639.00"
El Palacio de Hierro,LOLA CASADEMUNT,Mochila Mujer,4190,2514,https://www.elpalaciodehierro.com/longchamp bolsa crossbody mujer 44537924.html?cid=102005,"MESES SIN INTERESES | LONGCHAMP | Bolsa Crossbody Mujer | $14,389.00"
El Palacio de Hierro,LONGCHAMP,Bolsa backpack liso Unisex,,7309,https://www.elpalaciodehierro.com/longchamp bolsa crossbody mujer 44742079.html?cid=102005,"MESES SIN INTERESES | LONGCHAMP | Bolsa Crossbody Mujer | $12,289.00"
El Palacio de Hierro,LONGCHAMP,Bolsa backpack Mujer,,10299,https://www.elpalaciodehierro.com/longchamp bolsa crossbody negra energy lisa mujer 45276078.html?cid=102005,"MESES SIN INTERESES | LONGCHAMP | Bolsa crossbody negra Energy lisa Mujer | $8,519.00"
El Palacio de Hierro,LONGCHAMP,Bolsa Crossbody azul lisa Mujer,,8519,https://www.elpalaciodehierro.com/longchamp bolsa crossbody negra le pliage energy mujer 42053529.html?cid=102005,"MESES SIN INTERESES | LONGCHAMP | Bolsa crossbody negra Le Pliage Energy Mujer | $6,749.00"
El Palacio de Hierro,LONGCHAMP,Bolsa Crossbody blanca Mujer,,2329,https://www.elpalaciodehierro.com/longchamp bolsa crossbody verde en piel le pliage xtra lisa mujer 45348815.html?cid=102005,"MESES SIN INTERESES | LONGCHAMP | Bolsa crossbody verde en piel Le Pliage Xtra lisa Mujer | $13,729.00"
El Palacio de Hierro,LONGCHAMP,Bolsa Crossbody en cuero de vaqueta granulada Mujer,,14389,https://www.elpalaciodehierro.com/longchamp bolsa de mano le pliage con logo mujer 44778212.html?cid=102005,"MESES SIN INTERESES | LONGCHAMP | Bolsa de mano Le Pliage con logo Mujer | $3,429.00"
El Palacio de Hierro,LONGCHAMP,Bolsa crossbody en cuero de vaqueta granulada Mujer,,14389,https://www.elpalaciodehierro.com/longchamp bolsa de mano negra en piel le foulonne granulada mujer 44742042.html?cid=102005,"MESES SIN INTERESES | LONGCHAMP | Bolsa de mano negra en piel Le Foulonné granulada Mujer | $17,269.00"
El Palacio de Hierro,LONGCHAMP,Bolsa Crossbody en cuero de vaqueta granulada Mujer,,16059,https://www.elpalaciodehierro.com/longchamp bolsa de mano verde olivo en piel le foulonne granulada mujer 44742043.html?cid=102005,"MESES SIN INTERESES | LONGCHAMP | Bolsa de mano verde olivo en piel Le Foulonné granulada Mujer | $17,269.00"
El Palacio de Hierro,LONGCHAMP,Bolsa Crossbody en cuero de vaqueta granulada Mujer,,11409,https://www.elpalaciodehierro.com/longchamp bolsa hobo en cuero de vaqueta granulada mujer 44742024.html?cid=102005,"MESES SIN INTERESES | LONGCHAMP | Bolsa Hobo en cuero de vaqueta granulada Mujer | $23,139.00"
El Palacio de Hierro,LONGCHAMP,Bolsa Crossbody en piel de oveja texturizado Mujer,,20259,https://www.elpalaciodehierro.com/longchamp bolsa hobo le roseau m en piel negra mujer 44742036.html?cid=102005,"MESES SIN INTERESES | LONGCHAMP | Bolsa hobo Le Roseau M en piel negra Mujer | $18,159.00"
El Palacio de Hierro,LONGCHAMP,Bolsa Crossbody en Piel Le Foulonné Mujer,,16049,https://www.elpalaciodehierro.com/longchamp bolsa mini tote en piel mujer 44742081.html?cid=102005,"MESES SIN INTERESES | LONGCHAMP | Bolsa Mini Tote en Piel Mujer | $10,299.00"
El Palacio de Hierro,LONGCHAMP,Bolsa crossbody Foulonne Mujer,,11409,https://www.elpalaciodehierro.com/longchamp bolsa m tote le pliage original mujer 42921386.html?cid=102005,"MESES SIN INTERESES | LONGCHAMP | Bolsa M Tote Le Pliage Original Mujer | $3,429.00"
El Palacio de Hierro,LONGCHAMP,Bolsa crossbody Le Pliage Energy lisa Mujer,,6539,https://www.elpalaciodehierro.com/longchamp bolsa pouch mujer 44742088.html?cid=102005,"MESES SIN INTERESES | LONGCHAMP | Bolsa Pouch Mujer | $2,659.00"
El Palacio de Hierro,LONGCHAMP,Bolsa crossbody Le Pliage Energy Mujer,,6539,https://www.elpalaciodehierro.com/longchamp bolsa satchel le pliage energy lisa mujer 42053530.html?cid=102005,"MESES SIN INTERESES | LONGCHAMP | Bolsa satchel Le Pliage Energy lisa Mujer | $6,979.00"
El Palacio de Hierro,LONGCHAMP,Bolsa crossbody Le Pliage Energy Mujer,,8529,https://www.elpalaciodehierro.com/longchamp bolsa shoulder beige mujer 42921376.html?cid=102005,"MESES SIN INTERESES | LONGCHAMP | Bolsa shoulder beige Mujer | $3,429.00"
El Palacio de Hierro,LONGCHAMP,Bolsa crossbody Le Pliage Xtra lisa Mujer,,13729,https://www.elpalaciodehierro.com/longchamp bolsa shoulder calada mujer 41611269.html?cid=102005,"MESES SIN INTERESES | LONGCHAMP | Bolsa Shoulder calada Mujer | $2,879.00"
El Palacio de Hierro,LONGCHAMP,Bolsa crossbody Le Pliage Xtra Mujer,,12289,https://www.elpalaciodehierro.com/longchamp bolsa shoulder en cuero de becerro lisa mujer 45162504.html?cid=102005,"MESES SIN INTERESES | LONGCHAMP | Bolsa Shoulder en cuero de becerro lisa Mujer | $21,919.00"
El Palacio de Hierro,LONGCHAMP,Bolsa crossbody Le Pliage Xtra Mujer,,13729,https://www.elpalaciodehierro.com/longchamp bolsa shoulder en cuero de cordero lisa mujer 45130105.html?cid=102005,"MESES SIN INTERESES | LONGCHAMP | Bolsa Shoulder en cuero de cordero lisa Mujer | $18,159.00"
El Palacio de Hierro,LONGCHAMP,Bolsa crossbody Le PLIAGE XTR Mujer,,13729,https://www.elpalaciodehierro.com/longchamp bolsa shoulder en cuero de vaqueta granulada mujer 45162501.html?cid=102005,"MESES SIN INTERESES | LONGCHAMP | Bolsa Shoulder en cuero de vaqueta granulada Mujer | $20,259.00"
El Palacio de Hierro,LONGCHAMP,Bolsa Crossbody Mujer,,7639,https://www.elpalaciodehierro.com/longchamp bolsa shoulder en cuero de vaqueta granulada mujer 45162509.html?cid=102005,"MESES SIN INTERESES | LONGCHAMP | Bolsa Shoulder en cuero de vaqueta granulada Mujer | $17,269.00"
El Palacio de Hierro,LONGCHAMP,Bolsa Crossbody Mujer,,14389,https://www.elpalaciodehierro.com/longchamp bolsa shoulder en cuero de vaqueta lisa mujer 45130104.html?cid=102005,"MESES SIN INTERESES | LONGCHAMP | Bolsa Shoulder en cuero de vaqueta lisa Mujer | $15,279.00"
El Palacio de Hierro,LONGCHAMP,Bolsa Crossbody Mujer,,12289,https://www.elpalaciodehierro.com/longchamp bolsa shoulder en piel mujer 43003717.html?cid=102005,"MESES SIN INTERESES | LONGCHAMP | Bolsa Shoulder en piel Mujer | $14,059.00"
El Palacio de Hierro,LONGCHAMP,Bolsa crossbody negra Energy lisa Mujer,,8519,https://www.elpalaciodehierro.com/longchamp bolsa shoulder le pliage filet mujer 41502153.html?cid=102005,"MESES SIN INTERESES | LONGCHAMP | Bolsa shoulder Le Pliage Filet Mujer | $2,879.00"
El Palacio de Hierro,LONGCHAMP,Bolsa crossbody negra Le Pliage Energy Mujer,,6749,https://www.elpalaciodehierro.com/longchamp bolsa shoulder le pliage xtra mujer 45079231.html?cid=102005,"MESES SIN INTERESES | LONGCHAMP | Bolsa shoulder Le Pliage Xtra Mujer | $14,059.00"
El Palacio de Hierro,LONGCHAMP,Bolsa crossbody verde en piel Le Pliage Xtra lisa Mujer,,13729,https://www.elpalaciodehierro.com/longchamp bolsa shoulder lisa mujer 45162506.html?cid=102005,"MESES SIN INTERESES | LONGCHAMP | Bolsa Shoulder lisa Mujer | $3,439.00"
El Palacio de Hierro,LONGCHAMP,Bolsa de mano Le Pliage con logo Mujer,,3429,https://www.elpalaciodehierro.com/longchamp bolsa shoulder liso mujer 43905644.html?cid=102005,"MESES SIN INTERESES | LONGCHAMP | Bolsa shoulder liso Mujer | $3,429.00"
El Palacio de Hierro,LONGCHAMP,Bolsa de mano negra en piel Le Foulonné granulada Mujer,,17269,https://www.elpalaciodehierro.com/longchamp bolsa shoulder mujer 45079229.html?cid=102005,"MESES SIN INTERESES | LONGCHAMP | Bolsa Shoulder Mujer | $3,989.00"
El Palacio de Hierro,LONGCHAMP,Bolsa de mano verde olivo en piel Le Foulonné granulada Mujer,,17269,https://www.elpalaciodehierro.com/longchamp bolsa shoulder negra le pliage lisa mujer 35757582.html?cid=102005,"MESES SIN INTERESES | LONGCHAMP | Bolsa Shoulder negra Le Pliage lisa Mujer | $3,989.00"
El Palacio de Hierro,LONGCHAMP,Bolsa Hobo en cuero de vaqueta granulada Mujer,,23139,https://www.elpalaciodehierro.com/longchamp bolsa shoulder texturizada mujer 45162505.html?cid=102005,"MESES SIN INTERESES | LONGCHAMP | Bolsa Shoulder texturizada Mujer | $3,989.00"
El Palacio de Hierro,LONGCHAMP,Bolsa hobo Le Roseau M en piel negra Mujer,,18159,https://www.elpalaciodehierro.com/longchamp bolsa tote azul le pliage original lisa mujer 42500372.html?cid=102005,"MESES SIN INTERESES | LONGCHAMP | Bolsa tote azul Le Pliage Original lisa Mujer | $3,429.00"
El Palacio de Hierro,LONGCHAMP,Bolsa Mini Tote en Piel Mujer,,10299,https://www.elpalaciodehierro.com/longchamp bolsa tote azul le pliage original mujer 42500370.html?cid=102005,"MESES SIN INTERESES | LONGCHAMP | Bolsa tote azul Le Pliage Original Mujer | $3,989.00"
El Palacio de Hierro,LONGCHAMP,Bolsa M Tote Le Pliage Original Mujer,,3429,https://www.elpalaciodehierro.com/longchamp bolsa tote azul lisa mujer 45310857.html?cid=102005,"MESES SIN INTERESES | LONGCHAMP | Bolsa Tote azul lisa Mujer | $6,199.00"
El Palacio de Hierro,LONGCHAMP,Bolsa Pouch Mujer,,2659,https://www.elpalaciodehierro.com/longchamp bolsa tote azul mujer 42500366.html?cid=102005,"MESES SIN INTERESES | LONGCHAMP | Bolsa tote azul Mujer | $3,319.00"
El Palacio de Hierro,LONGCHAMP,Bolsa satchel Le Pliage Energy lisa Mujer,,6979,https://www.elpalaciodehierro.com/longchamp bolsa tote beige en cuero le pliage xtra mujer 44850201.html?cid=102005,"MESES SIN INTERESES | LONGCHAMP | Bolsa tote beige en cuero Le Pliage Xtra Mujer | $15,499.00"
El Palacio de Hierro,LONGCHAMP,Bolsa shoulder beige Mujer,,3429,https://www.elpalaciodehierro.com/longchamp bolsa tote en cuero de vaqueta granulada mujer 45162512.html?cid=102005,"MESES SIN INTERESES | LONGCHAMP | Bolsa Tote en cuero de vaqueta granulada Mujer | $17,269.00"
El Palacio de Hierro,LONGCHAMP,Bolsa Shoulder calada Mujer,,2879,https://www.elpalaciodehierro.com/longchamp bolsa tote en cuero de vaqueta lisa mujer 45348804.html?cid=102005,"MESES SIN INTERESES | LONGCHAMP | Bolsa tote en cuero de vaqueta lisa Mujer | $13,169.00"
El Palacio de Hierro,LONGCHAMP,Bolsa Shoulder en cuero de becerro lisa Mujer,,21919,https://www.elpalaciodehierro.com/longchamp bolsa tote en cuero de vaqueta lisa mujer 45348807.html?cid=102005,"MESES SIN INTERESES | LONGCHAMP | Bolsa tote en cuero de vaqueta lisa Mujer | $15,499.00"
El Palacio de Hierro,LONGCHAMP,Bolsa Shoulder en cuero de cordero lisa Mujer,,18159,https://www.elpalaciodehierro.com/longchamp bolsa tote en piel mujer 44742076.html?cid=102005,"MESES SIN INTERESES | LONGCHAMP | Bolsa Tote en Piel Mujer | $14,389.00"
El Palacio de Hierro,LONGCHAMP,Bolsa Shoulder en cuero de vaqueta granulada Mujer,,20259,https://www.elpalaciodehierro.com/longchamp bolsa tote gris le pliage green mujer 42493641.html?cid=102005,"MESES SIN INTERESES | LONGCHAMP | Bolsa Tote Gris Le Pliage Green Mujer | $3,319.00"
El Palacio de Hierro,LONGCHAMP,Bolsa Shoulder en cuero de vaqueta granulada Mujer,,17269,https://www.elpalaciodehierro.com/longchamp bolsa tote hueso le pliage original liso mujer 45081037.html?cid=102005,"MESES SIN INTERESES | LONGCHAMP | Bolsa tote hueso Le Pliage Original liso Mujer | $4,539.00"
El Palacio de Hierro,LONGCHAMP,Bolsa Shoulder en cuero de vaqueta lisa Mujer,,15279,https://www.elpalaciodehierro.com/longchamp bolsa tote le pliage energy lisa mujer 42053528.html?cid=102005,"MESES SIN INTERESES | LONGCHAMP | Bolsa tote Le Pliage Energy lisa Mujer | $6,199.00"
El Palacio de Hierro,LONGCHAMP,Bolsa Shoulder en piel Mujer,,14059,https://www.elpalaciodehierro.com/longchamp bolsa tote le pliage energy mujer 43960064.html?cid=102005,"MESES SIN INTERESES | LONGCHAMP | Bolsa tote Le Pliage Energy Mujer | $6,979.00"
El Palacio de Hierro,LONGCHAMP,Bolsa shoulder Le Pliage Filet Mujer,,2879,https://www.elpalaciodehierro.com/longchamp bolsa tote le pliage green l mujer 44778200.html?cid=102005,"MESES SIN INTERESES | LONGCHAMP | Bolsa Tote Le Pliage Green L Mujer | $3,989.00"
El Palacio de Hierro,LONGCHAMP,Bolsa shoulder Le Pliage Xtra Mujer,,14059,https://www.elpalaciodehierro.com/longchamp bolsa tote le pliage green m mujer 44778201.html,"MESES SIN INTERESES | LONGCHAMP | Bolsa Tote Le Pliage Green M Mujer | $3,429.00"
El Palacio de Hierro,LONGCHAMP,Bolsa Shoulder lisa Mujer,,3439,https://www.elpalaciodehierro.com/longchamp bolsa tote le pliage lisa mujer 45171433.html?cid=102005,"MESES SIN INTERESES | LONGCHAMP | Bolsa tote Le Pliage lisa Mujer | $7,309.00"
El Palacio de Hierro,LONGCHAMP,Bolsa shoulder liso Mujer,,3429,https://www.elpalaciodehierro.com/longchamp bolsa tote le pliage l lisa mujer 42921373.html?cid=102005,"MESES SIN INTERESES | LONGCHAMP | Bolsa tote Le Pliage L lisa Mujer | $3,989.00"
El Palacio de Hierro,LONGCHAMP,Bolsa Shoulder Mujer,,3989,https://www.elpalaciodehierro.com/longchamp bolsa tote le pliage mujer 35757579.html?cid=102005,"MESES SIN INTERESES | LONGCHAMP | Bolsa Tote Le Pliage Mujer | $3,319.00"
El Palacio de Hierro,LONGCHAMP,Bolsa Shoulder negra Le Pliage lisa Mujer,,3989,https://www.elpalaciodehierro.com/longchamp bolsa tote le pliage original lisa mujer 42921385.html?cid=102005,"MESES SIN INTERESES | LONGCHAMP | Bolsa tote Le Pliage Original lisa Mujer | $3,319.00"
El Palacio de Hierro,LONGCHAMP,Bolsa Shoulder texturizada Mujer,,3989,https://www.elpalaciodehierro.com/longchamp bolsa tote le pliage xtra mujer 45079234.html?cid=102005,"MESES SIN INTERESES | LONGCHAMP | Bolsa tote Le Pliage Xtra Mujer | $15,499.00"
El Palacio de Hierro,LONGCHAMP,Bolsa tote azul Le Pliage Original lisa Mujer,,3429,https://www.elpalaciodehierro.com/longchamp bolsa tote lisa mujer 45130109.html?cid=102005,"MESES SIN INTERESES | LONGCHAMP | Bolsa Tote lisa Mujer | $6,979.00"
El Palacio de Hierro,LONGCHAMP,Bolsa tote azul Le Pliage Original Mujer,,3989,https://www.elpalaciodehierro.com/longchamp bolsa tote lisa mujer 45130110.html?cid=102005,"MESES SIN INTERESES | LONGCHAMP | Bolsa Tote lisa Mujer | $6,759.00"
El Palacio de Hierro,LONGCHAMP,Bolsa Tote azul lisa Mujer,,6199,https://www.elpalaciodehierro.com/longchamp bolsa tote lisa mujer 45130111.html?cid=102005,"MESES SIN INTERESES | LONGCHAMP | Bolsa Tote lisa Mujer | $6,199.00"
El Palacio de Hierro,LONGCHAMP,Bolsa tote azul Mujer,,3319,https://www.elpalaciodehierro.com/longchamp bolsa tote lisa mujer 45162510.html?cid=102005,"MESES SIN INTERESES | LONGCHAMP | Bolsa Tote lisa Mujer | $3,439.00"
El Palacio de Hierro,LONGCHAMP,Bolsa tote beige en cuero Le Pliage Xtra Mujer,,15499,https://www.elpalaciodehierro.com/longchamp bolsa tote lisa mujer 45162514.html?cid=102005,"MESES SIN INTERESES | LONGCHAMP | Bolsa Tote lisa Mujer | $4,539.00"
El Palacio de Hierro,LONGCHAMP,Bolsa Tote en cuero de vaqueta granulada Mujer,,17269,https://www.elpalaciodehierro.com/longchamp bolsa tote lisa mujer 45310855.html?cid=102005,"MESES SIN INTERESES | LONGCHAMP | Bolsa tote lisa Mujer | $6,979.00"
El Palacio de Hierro,LONGCHAMP,Bolsa tote en cuero de vaqueta lisa Mujer,,13169,https://www.elpalaciodehierro.com/longchamp bolsa tote lisa mujer 45310856.html?cid=102005,"MESES SIN INTERESES | LONGCHAMP | Bolsa tote lisa Mujer | $6,749.00"
El Palacio de Hierro,LONGCHAMP,Bolsa tote en cuero de vaqueta lisa Mujer,,15499,https://www.elpalaciodehierro.com/longchamp bolsa tote m lp original azul 42500368.html?cid=102005,"MESES SIN INTERESES | LONGCHAMP | BOLSA TOTE M LP ORIGINAL AZUL | $3,429.00"
El Palacio de Hierro,LONGCHAMP,Bolsa Tote en Piel Mujer,,14389,https://www.elpalaciodehierro.com/longchamp bolsa tote mujer 44342998.html?cid=102005,"MESES SIN INTERESES | LONGCHAMP | Bolsa Tote Mujer | $3,989.00"
El Palacio de Hierro,LONGCHAMP,Bolsa Tote Gris Le Pliage Green Mujer,,3319,https://www.elpalaciodehierro.com/longchamp bolsa tote mujer 44742032.html?cid=102005,"MESES SIN INTERESES | LONGCHAMP | Bolsa Tote Mujer | $3,429.00"
El Palacio de Hierro,LONGCHAMP,Bolsa tote hueso Le Pliage Original liso Mujer,,4539,https://www.elpalaciodehierro.com/longchamp bolsa tote negro le pliage liso mujer 35757610.html?cid=102005,"MESES SIN INTERESES | LONGCHAMP | Bolsa tote negro Le Pliage liso Mujer | $3,429.00"
El Palacio de Hierro,LONGCHAMP,Bolsa tote Le Pliage Energy lisa Mujer,,6199,https://www.elpalaciodehierro.com/longchamp bolso crossbody clay en piel longchamp 3d mujer 43343483.html?cid=102005,"MESES SIN INTERESES | LONGCHAMP | Bolso crossbody clay en piel Longchamp 3D Mujer | $17,819.00"
El Palacio de Hierro,LONGCHAMP,Bolsa tote Le Pliage Energy Mujer,,6979,https://www.elpalaciodehierro.com/longchamp bolso crossbody mujer 42500362.html?cid=102005,"MESES SIN INTERESES | LONGCHAMP | Bolso Crossbody Mujer | $7,309.00"
El Palacio de Hierro,LONGCHAMP,Bolsa Tote Le Pliage Green L Mujer,,3989,https://www.elpalaciodehierro.com/longchamp bolso de mano con logotipo mujer 44017326.html?cid=102005,"MESES SIN INTERESES | LONGCHAMP | Bolso de Mano con Logotipo Mujer | $9,999.00"
El Palacio de Hierro,LONGCHAMP,Bolsa Tote Le Pliage Green M Mujer,,3429,https://www.elpalaciodehierro.com/longchamp bolso de mano en piel longchamp 3d mujer 43754417.html?cid=102005,"MESES SIN INTERESES | LONGCHAMP | Bolso de Mano en Piel Longchamp 3D Mujer | $20,259.00"
El Palacio de Hierro,LONGCHAMP,Bolsa tote Le Pliage lisa Mujer,,7309,https://www.elpalaciodehierro.com/longchamp bolso shoulder liso mujer 43905642.html?cid=102005,"MESES SIN INTERESES | LONGCHAMP | Bolso shoulder liso Mujer | $3,989.00"
El Palacio de Hierro,LONGCHAMP,Bolsa tote Le Pliage L lisa Mujer,,3989,https://www.elpalaciodehierro.com/longchamp bolso tote con logotipo mujer 43631064.html?cid=102005,"MESES SIN INTERESES | LONGCHAMP | Bolso Tote con Logotipo Mujer | $6,199.00"
El Palacio de Hierro,LONGCHAMP,Bolsa Tote Le Pliage Mujer,,3319,https://www.elpalaciodehierro.com/longchamp bolso tote le pliage energy mujer 43631039.html?cid=102005,"MESES SIN INTERESES | LONGCHAMP | Bolso Tote Le Pliage Energy Mujer | $8,519.00"
El Palacio de Hierro,LONGCHAMP,Bolsa tote Le Pliage Original lisa Mujer,,3319,https://www.elpalaciodehierro.com/longchamp bolso tote mujer 42053573.html?cid=102005,"MESES SIN INTERESES | LONGCHAMP | Bolso Tote Mujer | $8,519.00"
El Palacio de Hierro,LONGCHAMP,Bolsa tote Le Pliage Xtra Mujer,,15499,https://www.elpalaciodehierro.com/longchamp cartera azul en piel lisa mujer 45348826.html?cid=102005,"MESES SIN INTERESES | LONGCHAMP | Cartera azul en piel lisa Mujer | $7,309.00"
El Palacio de Hierro,LONGCHAMP,Bolsa Tote lisa Mujer,,6979,https://www.elpalaciodehierro.com/longchamp cartera en cuero mujer 45329928.html?cid=102005,"MESES SIN INTERESES | LONGCHAMP | Cartera en cuero Mujer | $7,309.00"
El Palacio de Hierro,LONGCHAMP,Bolsa Tote lisa Mujer,,6759,https://www.elpalaciodehierro.com/longchamp cartera en cuero mujer 45329929.html?cid=102005,"MESES SIN INTERESES | LONGCHAMP | Cartera en cuero Mujer | $8,189.00"
El Palacio de Hierro,LONGCHAMP,Bolsa Tote lisa Mujer,,6199,https://www.elpalaciodehierro.com/longchamp cartera le roseau en piel mujer 44882810.html?cid=102005,"MESES SIN INTERESES | LONGCHAMP | Cartera Le Roseau en piel Mujer | $7,309.00"
El Palacio de Hierro,LONGCHAMP,Bolsa Tote lisa Mujer,,3439,https://www.elpalaciodehierro.com/longchamp correa para bolsa le pliage xtra 45079239.html?cid=102005,"MESES SIN INTERESES | LONGCHAMP | Correa para bolsa Le Pliage Xtra | $3,549.00"
El Palacio de Hierro,LONGCHAMP,Bolsa Tote lisa Mujer,,4539,https://www.elpalaciodehierro.com/longchamp correa para bolsa rayures mujer 45270348.html?cid=102005,"MESES SIN INTERESES | LONGCHAMP | Correa para bolsa Rayures Mujer | $3,539.00"
El Palacio de Hierro,LONGCHAMP,Bolsa tote lisa Mujer,,6979,https://www.elpalaciodehierro.com/longchamp correa para bolsa shadow verde mujer 44989158.html?cid=102005,"MESES SIN INTERESES | LONGCHAMP | Correa para bolsa Shadow verde Mujer | $3,449.00"
El Palacio de Hierro,LONGCHAMP,Bolsa tote lisa Mujer,,6749,https://www.elpalaciodehierro.com/longchamp cosmetiquera azul le pliage lisa mujer 42500378.html?cid=102005,"MESES SIN INTERESES | LONGCHAMP | Cosmetiquera azul Le Pliage lisa Mujer | $2,659.00"
El Palacio de Hierro,LONGCHAMP,BOLSA TOTE M LP ORIGINAL AZUL,,3429,https://www.elpalaciodehierro.com/longchamp cosmetiquera gris lisa mujer 42493718.html?cid=102005,"MESES SIN INTERESES | LONGCHAMP | Cosmetiquera gris lisa Mujer | $2,659.00"
El Palacio de Hierro,LONGCHAMP,Bolsa Tote Mujer,,3989,https://www.elpalaciodehierro.com/longchamp cosmetiquera le pliage energy mujer 43959781.html?cid=102005,"MESES SIN INTERESES | LONGCHAMP | Cosmetiquera Le Pliage Energy Mujer | $4,099.00"
El Palacio de Hierro,LONGCHAMP,Bolsa Tote Mujer,,3429,https://www.elpalaciodehierro.com/longchamp cosmetiquera lisa mujer 43905688.html?cid=102005,"MESES SIN INTERESES | LONGCHAMP | Cosmetiquera lisa Mujer | $2,659.00"
El Palacio de Hierro,LONGCHAMP,Bolsa tote negro Le Pliage liso Mujer,,3429,https://www.elpalaciodehierro.com/longchamp cosmetiquera negra le pliage lisa mujer 42319514.html?cid=102005,"MESES SIN INTERESES | LONGCHAMP | Cosmetiquera negra Le Pliage lisa Mujer | $2,659.00"
El Palacio de Hierro,LONGCHAMP,Bolso crossbody clay en piel Longchamp 3D Mujer,,17819,https://www.elpalaciodehierro.com/longchamp cosmetiquera rosa claro le pliage mujer 42921367.html?cid=102005,"MESES SIN INTERESES | LONGCHAMP | Cosmetiquera Rosa Claro Le Pliage Mujer | $2,659.00"
El Palacio de Hierro,LONGCHAMP,Bolso Crossbody Mujer,,7309,https://www.elpalaciodehierro.com/longchamp maletin le pliage energy mujer 44924184.html?cid=102005,"MESES SIN INTERESES | LONGCHAMP | Maletín Le Pliage Energy Mujer | $7,859.00"
El Palacio de Hierro,LONGCHAMP,Bolso de Mano con Logotipo Mujer,,9999,https://www.elpalaciodehierro.com/longchamp mochila le pliage energy mujer 42780830.html?cid=102005,"MESES SIN INTERESES | LONGCHAMP | Mochila Le Pliage Energy Mujer | $7,309.00"
El Palacio de Hierro,LONGCHAMP,Bolso de Mano en Piel Longchamp 3D Mujer,,20259,https://www.elpalaciodehierro.com/longchamp mochila le pliage lisa mujer 45130159.html?cid=102005,"MESES SIN INTERESES | LONGCHAMP | Mochila Le PLIAGE lisa Mujer | $4,539.00"
El Palacio de Hierro,LONGCHAMP,Bolso shoulder liso Mujer,,3989,https://www.elpalaciodehierro.com/longchamp mochila le pliage mujer 44778214.html?cid=102005,"MESES SIN INTERESES | LONGCHAMP | Mochila Le PLIAGE Mujer | $4,539.00"
El Palacio de Hierro,LONGCHAMP,Bolso Tote con Logotipo Mujer,,6199,https://www.elpalaciodehierro.com/longchamp mochila le pliage mujer 45171445.html?cid=102005,"MESES SIN INTERESES | LONGCHAMP | Mochila Le Pliage Mujer | $4,539.00"
El Palacio de Hierro,LONGCHAMP,Bolso Tote Le Pliage Energy Mujer,,8519,https://www.elpalaciodehierro.com/longchamp mochila le pliage xtra mujer 45079241.html?cid=102005,"MESES SIN INTERESES | LONGCHAMP | Mochila Le Pliage Xtra Mujer | $16,059.00"
El Palacio de Hierro,LONGCHAMP,Bolso Tote Mujer,,8519,https://www.elpalaciodehierro.com/longchamp mochila lisa mujer 45130160.html?cid=102005,"MESES SIN INTERESES | LONGCHAMP | Mochila lisa Mujer | $4,539.00"
El Palacio de Hierro,LONGCHAMP,Cartera azul en piel lisa Mujer,,7309,https://www.elpalaciodehierro.com/longchamp mochila mujer 44017311.html?cid=102005,"MESES SIN INTERESES | LONGCHAMP | Mochila Mujer | $7,309.00"
El Palacio de Hierro,LONGCHAMP,Cartera en cuero Mujer,,7309,https://www.elpalaciodehierro.com/longchamp mochila mujer 44411268.html?cid=102005,"MESES SIN INTERESES | LONGCHAMP | Mochila Mujer | $4,539.00"
El Palacio de Hierro,LONGCHAMP,Cartera en cuero Mujer,,8189,https://www.elpalaciodehierro.com/longchamp mochila original paper mujer 44411264.html?cid=102005,"MESES SIN INTERESES | LONGCHAMP | Mochila Original Paper Mujer | $4,539.00"
El Palacio de Hierro,LONGCHAMP,Cartera Le Roseau en piel Mujer,,7309,https://www.elpalaciodehierro.com/longchamp neceser verde boxford con jaspeado mujer 37730711.html?cid=102005,"MESES SIN INTERESES | LONGCHAMP | Neceser verde Boxford con jaspeado Mujer | $3,209.00"
El Palacio de Hierro,LONGCHAMP,Correa para bolsa Le Pliage Xtra,,3549,https://www.elpalaciodehierro.com/longchamp tarjetero en piel cafe le pliage xtra liso mujer 45079244.html?cid=102005,"MESES SIN INTERESES | LONGCHAMP | Tarjetero en piel café Le Pliage Xtra liso Mujer | $3,769.00"
El Palacio de Hierro,LONGCHAMP,Correa para bolsa Rayures Mujer,,3539,https://www.elpalaciodehierro.com/longchamp tarjetero le pliage xtra en piel mujer 44882821.html?cid=102005,"MESES SIN INTERESES | LONGCHAMP | Tarjetero Le PLIAGE XTRA en piel Mujer | $3,209.00"
El Palacio de Hierro,LONGCHAMP,Correa para bolsa Shadow verde Mujer,,3449,https://www.elpalaciodehierro.com/longchamp tarjetero le pliage xtra mujer 45079243.html?cid=102005,"MESES SIN INTERESES | LONGCHAMP | Tarjetero Le Pliage Xtra Mujer | $3,219.00"
El Palacio de Hierro,LONGCHAMP,Cosmetiquera azul Le Pliage lisa Mujer,,2659,https://www.elpalaciodehierro.com/longchamp tarjetero negro en piel le foulonne granulado mujer 42667600.html?cid=102005,"MESES SIN INTERESES | LONGCHAMP | Tarjetero negro en piel Le Foulonné granulado Mujer | $2,099.00"
El Palacio de Hierro,LONGCHAMP,Cosmetiquera gris lisa Mujer,,2659,https://www.elpalaciodehierro.com/maison margiela bolsa backpack en piel daily 5ac unisex 44531593.html?cid=102005,"MAISON MARGIELA | Bolsa backpack en piel Daily 5AC Unisex | $44,400.00"
El Palacio de Hierro,LONGCHAMP,Cosmetiquera Le Pliage Energy Mujer,,4099,https://www.elpalaciodehierro.com/maison margiela bolsa baguette 45097748.html?cid=102005,"NUEVA TEMPORADA | MAISON MARGIELA | Bolsa Baguette | $36,600.00"
El Palacio de Hierro,LONGCHAMP,Cosmetiquera lisa Mujer,,2659,https://www.elpalaciodehierro.com/maison margiela bolsa bucket en piel 5ac unisex 44531580.html?cid=102005,"MAISON MARGIELA | Bolsa bucket en piel 5AC Unisex | $35,500.00"
El Palacio de Hierro,LONGCHAMP,Cosmetiquera negra Le Pliage lisa Mujer,,2659,https://www.elpalaciodehierro.com/maison margiela bolsa dress age 45097764.html?cid=102005,"NUEVA TEMPORADA | MAISON MARGIELA | Bolsa Dress age | $49,200.00"
El Palacio de Hierro,LONGCHAMP,Cosmetiquera Rosa Claro Le Pliage Mujer,,2659,https://www.elpalaciodehierro.com/maison margiela bolsa dress age 45097767.html?cid=102005,"NUEVA TEMPORADA | MAISON MARGIELA | Bolsa Dress age | $91,300.00"
El Palacio de Hierro,LONGCHAMP,Maletín Le Pliage Energy Mujer,,7859,https://www.elpalaciodehierro.com/maison margiela bolsa dress age 45097769.html?cid=102005,"NUEVA TEMPORADA | MAISON MARGIELA | Bolsa Dress age | $68,300.00"
El Palacio de Hierro,LONGCHAMP,Mochila Le Pliage Energy Mujer,,7309,https://www.elpalaciodehierro.com/maison margiela bolsa dressage mediana 45097768.html?cid=102005,"NUEVA TEMPORADA | MAISON MARGIELA | Bolsa Dressage Mediana | $68,300.00"
El Palacio de Hierro,LONGCHAMP,Mochila Le PLIAGE lisa Mujer,,4539,https://www.elpalaciodehierro.com/maison margiela bolsa horizontal 5ac 44539921.html?cid=102005,"MAISON MARGIELA | Bolsa Horizontal 5AC | $36,600.00"
El Palacio de Hierro,LONGCHAMP,Mochila Le PLIAGE Mujer,,4539,https://www.elpalaciodehierro.com/maison margiela bolsa shoulder en piel 5ac classique mini mujer 44531569.html?cid=102005,"MAISON MARGIELA | Bolsa shoulder en piel 5AC Classique Mini Mujer | $49,600.00"
El Palacio de Hierro,LONGCHAMP,Mochila Le Pliage Mujer,,4539,https://www.elpalaciodehierro.com/maison margiela bolsa shoulder multicolor loved to death 5ac con animalprint mujer 44716647.html?cid=102005,"MAISON MARGIELA | Bolsa shoulder multicolor Loved to Death 5AC con animalprint Mujer | $70,500.00"
El Palacio de Hierro,LONGCHAMP,Mochila Le Pliage Xtra Mujer,,16059,https://www.elpalaciodehierro.com/maison margiela cartera en piel four stitches lisa mujer 45097770.html?cid=102005,"NUEVA TEMPORADA | MAISON MARGIELA | Cartera en piel Four Stitches lisa Mujer | $24,800.00"
El Palacio de Hierro,LONGCHAMP,Mochila lisa Mujer,,4539,https://www.elpalaciodehierro.com/maje bolsa shoulder en piel lisa miss mini metal handle mujer 45230113.html?cid=102005,"MESES SIN INTERESES | MAJE | Bolsa shoulder en piel lisa Miss Mini Metal Handle Mujer | $11,290.00"
El Palacio de Hierro,LONGCHAMP,Mochila Mujer,,7309,https://www.elpalaciodehierro.com/maje bolsa shoulder en piel lisa mujer 45229980.html?cid=102005,"MESES SIN INTERESES | MAJE | Bolsa shoulder en piel lisa Mujer | $10,590.00"
El Palacio de Hierro,LONGCHAMP,Mochila Mujer,,4539,https://www.elpalaciodehierro.com/maje bolsa shoulder miss m en piel mujer 44802433.html?cid=102005,"MESES SIN INTERESES | MAJE | Bolsa shoulder Miss M en piel Mujer | $12,890.00"
El Palacio de Hierro,LONGCHAMP,Mochila Original Paper Mujer,,4539,https://www.elpalaciodehierro.com/mango bolsa bucket p bilmacho diseno solido mujer 45327953.html?cid=102005,"MANGO | Bolsa bucket P Bilmacho diseño sólido Mujer | $1,099.00"
El Palacio de Hierro,LONGCHAMP,Neceser verde Boxford con jaspeado Mujer,,3209,https://www.elpalaciodehierro.com/mango bolsa clutch fantasia con flecos mujer 45327925.html?cid=102005,"MÁS VENDIDO | MANGO | Bolsa clutch fantasía con flecos Mujer | $1,599.00"
El Palacio de Hierro,LONGCHAMP,Tarjetero en piel café Le Pliage Xtra liso Mujer,,3769,https://www.elpalaciodehierro.com/mango bolsa clutch lisa efecto metalico mujer 45407256.html?cid=102005,"MANGO | Bolsa clutch lisa efecto metálico Mujer | $1,599.00"
El Palacio de Hierro,LONGCHAMP,Tarjetero Le PLIAGE XTRA en piel Mujer,,3209,https://www.elpalaciodehierro.com/mango bolsa clutch lisa mujer 45031346.html?cid=102005,"MESES SIN INTERESES | MANGO | Bolsa clutch lisa Mujer | $1,599.00 | $1,103.31"
El Palacio de Hierro,LONGCHAMP,Tarjetero Le Pliage Xtra Mujer,,3219,https://www.elpalaciodehierro.com/mango bolsa clutch metalica mujer 45073635.html?cid=102005,"MESES SIN INTERESES | MANGO | Bolsa Clutch metálica Mujer | $1,599.00"
El Palacio de Hierro,LONGCHAMP,Tarjetero negro en piel Le Foulonné granulado Mujer,,2099,https://www.elpalaciodehierro.com/mango bolsa clutch tejido solido mujer 45407258.html?cid=102005,"MANGO | Bolsa clutch tejido sólido Mujer | $1,099.00"
El Palacio de Hierro,MAISON MARGIELA,Bolsa backpack en piel Daily 5AC Unisex,,44400,https://www.elpalaciodehierro.com/mango bolsa crossbody bilmac lisa mujer 45327909.html?cid=102005,"MANGO | Bolsa crossbody Bilmac lisa Mujer | $1,399.00"
El Palacio de Hierro,NUEVA TEMPORADA,MAISON MARGIELA,,36600,https://www.elpalaciodehierro.com/mango bolsa crossbody corina lisa mujer 45191275.html?cid=102005,MESES SIN INTERESES | MANGO | Bolsa crossbody Corina lisa Mujer | $799.00
El Palacio de Hierro,MAISON MARGIELA,Bolsa bucket en piel 5AC Unisex,,35500,https://www.elpalaciodehierro.com/mango bolsa crossbody lisa mujer 45268588.html?cid=102005,MESES SIN INTERESES | MANGO | Bolsa crossbody lisa Mujer | $949.00 | $626.34
El Palacio de Hierro,NUEVA TEMPORADA,MAISON MARGIELA,,49200,https://www.elpalaciodehierro.com/mango bolsa crossbody lisa mujer 45327919.html?cid=102005,MANGO | Bolsa crossbody lisa Mujer | $949.00
El Palacio de Hierro,NUEVA TEMPORADA,MAISON MARGIELA,,91300,https://www.elpalaciodehierro.com/mango bolsa hobo lisa mujer 45327903.html?cid=102005,MANGO | Bolsa hobo lisa Mujer | $949.00
El Palacio de Hierro,NUEVA TEMPORADA,MAISON MARGIELA,,68300,https://www.elpalaciodehierro.com/mango bolsa hobo lisa mujer 45327949.html?cid=102005,"MANGO | Bolsa hobo lisa Mujer | $1,599.00"
El Palacio de Hierro,NUEVA TEMPORADA,MAISON MARGIELA,,68300,https://www.elpalaciodehierro.com/mango bolsa satchel city lisa mujer 45276908.html?cid=102005,"MANGO | Bolsa satchel City lisa Mujer | $1,799.00"
El Palacio de Hierro,MAISON MARGIELA,Bolsa Horizontal 5AC,,36600,https://www.elpalaciodehierro.com/mango bolsa satchel siena lisa mujer 45276910.html?cid=102005,"MANGO | Bolsa satchel Siena lisa Mujer | $1,799.00"
El Palacio de Hierro,MAISON MARGIELA,Bolsa shoulder en piel 5AC Classique Mini Mujer,,49600,https://www.elpalaciodehierro.com/mango bolsa satchel siena lisa mujer 45276912.html?cid=102005,"MANGO | Bolsa satchel Siena lisa Mujer | $1,399.00"
El Palacio de Hierro,MAISON MARGIELA,Bolsa shoulder multicolor Loved to Death 5AC con animalprint Mujer,,70500,https://www.elpalaciodehierro.com/mango bolsa shoulder city lisa mujer 45191281.html?cid=102005,"MESES SIN INTERESES | MANGO | Bolsa shoulder City lisa Mujer | $1,399.00"
El Palacio de Hierro,NUEVA TEMPORADA,MAISON MARGIELA,,24800,https://www.elpalaciodehierro.com/mango bolsa tote antonia lisa mujer 45191227.html?cid=102005,"MESES SIN INTERESES | MANGO | Bolsa tote Antonia lisa Mujer | $1,599.00"
El Palacio de Hierro,MAJE,Bolsa shoulder en piel lisa Miss Mini Metal Handle Mujer,,11290,https://www.elpalaciodehierro.com/mango bolsa tote en piel lisa mujer 45073605.html?cid=102005,"MESES SIN INTERESES | MANGO | Bolsa tote en piel lisa Mujer | $2,399.00"
El Palacio de Hierro,MAJE,Bolsa shoulder en piel lisa Mujer,,10590,https://www.elpalaciodehierro.com/mango bolsa tote lisa mujer 45276870.html?cid=102005,"MANGO | Bolsa tote lisa Mujer | $1,399.00"
El Palacio de Hierro,MAJE,Bolsa shoulder Miss M en piel Mujer,,12890,https://www.elpalaciodehierro.com/mango bolsa tote lisa mujer 45327927.html?cid=102005,"MANGO | Bolsa tote lisa Mujer | $1,799.00"
El Palacio de Hierro,MANGO,Bolsa bucket P Bilmacho diseño sólido Mujer,,1099,https://www.elpalaciodehierro.com/mango bolsa tote mujer 45327951.html?cid=102005,"MANGO | Bolsa Tote Mujer | $1,399.00"
El Palacio de Hierro,MÁS VENDIDO,MANGO,,1599,https://www.elpalaciodehierro.com/mango bolsa tote mujer 45414948.html?cid=102005,"MÁS VENDIDO | MANGO | Bolsa Tote Mujer | $1,599.00"
El Palacio de Hierro,MANGO,Bolsa clutch lisa efecto metálico Mujer,,1599,https://www.elpalaciodehierro.com/mango bolsa tote mujer 45414952.html?cid=102005,"MANGO | Bolsa Tote Mujer | $1,099.00"
El Palacio de Hierro,MANGO,Bolsa clutch lisa Mujer,1599,1103.31,https://www.elpalaciodehierro.com/mango bolsa tote shopper lisa mujer 45191239.html?cid=102005,MESES SIN INTERESES | MANGO | Bolsa tote shopper lisa Mujer | $949.00
El Palacio de Hierro,MANGO,Bolsa Clutch metálica Mujer,,1599,https://www.elpalaciodehierro.com/mango cartera estampada mujer 45191367.html?cid=102005,MESES SIN INTERESES | MANGO | Cartera estampada Mujer | $399.00
El Palacio de Hierro,MANGO,Bolsa clutch tejido sólido Mujer,,1099,https://www.elpalaciodehierro.com/mango cartera estampado cocodrilo brillante mujer 45276924.html?cid=102005,MANGO | Cartera estampado cocodrilo brillante Mujer | $499.00
El Palacio de Hierro,MANGO,Bolsa crossbody Bilmac lisa Mujer,,1399,https://www.elpalaciodehierro.com/mango cartera lisa con logo mujer 45276918.html?cid=102005,MANGO | Cartera lisa con logo Mujer | $399.00
El Palacio de Hierro,MANGO,Bolsa crossbody Corina lisa Mujer,,799,https://www.elpalaciodehierro.com/mango cartera lisa con logo mujer 45276928.html?cid=102005,MANGO | Cartera lisa con logo Mujer | $499.00
El Palacio de Hierro,MANGO,Bolsa crossbody lisa Mujer,949,626.34,https://www.elpalaciodehierro.com/mango cartera lisa mujer 44944675.html?cid=102005,MESES SIN INTERESES | MANGO | Cartera lisa Mujer | $499.00
El Palacio de Hierro,MANGO,Bolsa crossbody lisa Mujer,,949,https://www.elpalaciodehierro.com/mango cartera lisa mujer 44944679.html?cid=102005,MESES SIN INTERESES | MANGO | Cartera lisa Mujer | $399.00
El Palacio de Hierro,MANGO,Bolsa hobo lisa Mujer,,949,https://www.elpalaciodehierro.com/mango cartera lisa mujer 45268594.html?cid=102005,MANGO | Cartera lisa Mujer | $399.00
El Palacio de Hierro,MANGO,Bolsa hobo lisa Mujer,,1599,https://www.elpalaciodehierro.com/mango cartera lisa mujer 45276922.html?cid=102005,MANGO | Cartera lisa Mujer | $629.00
El Palacio de Hierro,MANGO,Bolsa satchel City lisa Mujer,,1799,https://www.elpalaciodehierro.com/mango cartera victoria estampada mujer 45276938.html?cid=102005,MANGO | Cartera Victoria estampada Mujer | $399.00
El Palacio de Hierro,MANGO,Bolsa satchel Siena lisa Mujer,,1799,https://www.elpalaciodehierro.com/mango monedero acolchado mujer 45073781.html?cid=102005,MESES SIN INTERESES | MANGO | Monedero acolchado Mujer | $399.00
El Palacio de Hierro,MANGO,Bolsa satchel Siena lisa Mujer,,1399,https://www.elpalaciodehierro.com/mango monedero con logo mujer 44944708.html?cid=102005,MESES SIN INTERESES | MANGO | Monedero con Logo Mujer | $399.00
El Palacio de Hierro,MANGO,Bolsa shoulder City lisa Mujer,,1399,https://www.elpalaciodehierro.com/mango monedero lisa mujer 44944704.html?cid=102005,MESES SIN INTERESES | MANGO | Monedero lisa Mujer | $399.00
El Palacio de Hierro,MANGO,Bolsa tote Antonia lisa Mujer,,1599,https://www.elpalaciodehierro.com/mango tarjetero liso con logo mujer 45191461.html?cid=102005,MESES SIN INTERESES | MANGO | Tarjetero liso con logo Mujer | $299.00
El Palacio de Hierro,MANGO,Bolsa tote en piel lisa Mujer,,2399,https://www.elpalaciodehierro.com/mango tarjetero liso con logo mujer 45277121.html?cid=102005,MANGO | Tarjetero liso con logo Mujer | $399.00
El Palacio de Hierro,MANGO,Bolsa tote lisa Mujer,,1399,https://www.elpalaciodehierro.com/mango tarjetero liso mujer 45073823.html?cid=102005,MESES SIN INTERESES | MANGO | Tarjetero liso Mujer | $299.00 | $239.20
El Palacio de Hierro,MANGO,Bolsa tote lisa Mujer,,1799,https://www.elpalaciodehierro.com/mango tarjetero liso mujer 45191453.html?cid=102005,MESES SIN INTERESES | MANGO | Tarjetero liso Mujer | $399.00
El Palacio de Hierro,MANGO,Bolsa Tote Mujer,,1399,https://www.elpalaciodehierro.com/mango tarjetero liso mujer 45191465.html?cid=102005,MESES SIN INTERESES | MANGO | Tarjetero liso Mujer | $299.00
El Palacio de Hierro,MÁS VENDIDO,MANGO,,1599,https://www.elpalaciodehierro.com/mango tarjetero liso mujer 45277123.html?cid=102005,MANGO | Tarjetero liso Mujer | $399.00
El Palacio de Hierro,MANGO,Bolsa Tote Mujer,,1099,https://www.elpalaciodehierro.com/marc jacobs bolsa crossbody con logo mujer 43654050.html?cid=102005,"MESES SIN INTERESES | MARC JACOBS | Bolsa crossbody con logo Mujer | $4,390.00"
El Palacio de Hierro,MANGO,Bolsa tote shopper lisa Mujer,,949,https://www.elpalaciodehierro.com/marc jacobs bolsa crossbody en piel mujer 45014745.html?cid=102005,"MESES SIN INTERESES | MARC JACOBS | Bolsa Crossbody en piel Mujer | $5,890.00"
El Palacio de Hierro,MANGO,Cartera estampada Mujer,,399,https://www.elpalaciodehierro.com/marc jacobs bolsa crossbody lisa en piel mujer 45216517.html?cid=102005,"MESES SIN INTERESES | MARC JACOBS | Bolsa crossbody lisa en piel Mujer | $9,790.00"
El Palacio de Hierro,MANGO,Cartera estampado cocodrilo brillante Mujer,,499,https://www.elpalaciodehierro.com/marc jacobs bolsa crossbody lisa en piel mujer 45216519.html?cid=102005,"MESES SIN INTERESES | MARC JACOBS | Bolsa crossbody lisa en piel Mujer | $5,890.00"
El Palacio de Hierro,MANGO,Cartera lisa con logo Mujer,,399,https://www.elpalaciodehierro.com/marc jacobs bolsa satchel en piel lisa mujer 44808978.html?cid=102005,"MESES SIN INTERESES | MARC JACOBS | Bolsa Satchel en piel lisa Mujer | $17,990.00 | $10,794.00"
El Palacio de Hierro,MANGO,Cartera lisa con logo Mujer,,499,https://www.elpalaciodehierro.com/marc jacobs bolsa satchel en piel lisa mujer 45014736.html?cid=102005,"MESES SIN INTERESES | MARC JACOBS | Bolsa satchel en piel lisa Mujer | $13,750.00"
El Palacio de Hierro,MANGO,Cartera lisa Mujer,,499,https://www.elpalaciodehierro.com/marc jacobs bolsa satchel en piel vacuna lisa mujer 44808980.html?cid=102005,"MESES SIN INTERESES | MARC JACOBS | Bolsa Satchel en piel vacuna lisa Mujer | $17,990.00 | $10,794.00"
El Palacio de Hierro,MANGO,Cartera lisa Mujer,,399,https://www.elpalaciodehierro.com/marc jacobs bolsa satchel gris en piel the small wave lisa mujer 45216523.html?cid=102005,"MESES SIN INTERESES | MARC JACOBS | Bolsa satchel gris en piel The Small Wave lisa Mujer | $19,590.00"
El Palacio de Hierro,MANGO,Cartera lisa Mujer,,399,https://www.elpalaciodehierro.com/marc jacobs bolsa shoulder azul cargo lisa mujer 45216524.html?cid=102005,"MESES SIN INTERESES | MARC JACOBS | Bolsa shoulder azul Cargo lisa Mujer | $14,750.00"
El Palacio de Hierro,MANGO,Cartera lisa Mujer,,629,https://www.elpalaciodehierro.com/marc jacobs bolsa shoulder azul the bow lisa mujer 45216513.html?cid=102005,"MESES SIN INTERESES | MARC JACOBS | Bolsa shoulder azul The Bow lisa Mujer | $10,690.00"
El Palacio de Hierro,MANGO,Cartera Victoria estampada Mujer,,399,https://www.elpalaciodehierro.com/marc jacobs bolsa shoulder azul the sack estampada mujer 45220749.html?cid=102005,"MESES SIN INTERESES | MARC JACOBS | Bolsa shoulder azul The Sack estampada Mujer | $10,490.00"
El Palacio de Hierro,MANGO,Monedero acolchado Mujer,,399,https://www.elpalaciodehierro.com/marc jacobs bolsa shoulder cafe en piel the sack lisa mujer 45220753.html,"MESES SIN INTERESES | MARC JACOBS | Bolsa shoulder café en piel The Sack lisa Mujer | $14,790.00"
El Palacio de Hierro,MANGO,Monedero con Logo Mujer,,399,https://www.elpalaciodehierro.com/marc jacobs bolsa shoulder en piel con logo mujer 44808995.html?cid=102005,"MESES SIN INTERESES | MARC JACOBS | Bolsa Shoulder en piel con logo Mujer | $12,390.00 | $7,434.00"
El Palacio de Hierro,MANGO,Monedero lisa Mujer,,399,https://www.elpalaciodehierro.com/marc jacobs bolsa shoulder en piel lisa mujer 44808996.html?cid=102005,"MESES SIN INTERESES | MARC JACOBS | Bolsa Shoulder en piel lisa Mujer | $12,390.00 | $7,434.00"
El Palacio de Hierro,MANGO,Tarjetero liso con logo Mujer,,299,https://www.elpalaciodehierro.com/marc jacobs bolsa shoulder en piel lisa mujer 45014732.html?cid=102005,"MESES SIN INTERESES | MARC JACOBS | Bolsa shoulder en piel lisa Mujer | $14,890.00"
El Palacio de Hierro,MANGO,Tarjetero liso con logo Mujer,,399,https://www.elpalaciodehierro.com/marc jacobs bolsa shoulder en piel lisa mujer 45014737.html?cid=102005,"MESES SIN INTERESES | MARC JACOBS | Bolsa shoulder en piel lisa Mujer | $16,590.00"
El Palacio de Hierro,MANGO,Tarjetero liso Mujer,299,239.2,https://www.elpalaciodehierro.com/marc jacobs bolsa shoulder en piel mujer 45014739.html?cid=102005,"MESES SIN INTERESES | MARC JACOBS | Bolsa Shoulder en piel Mujer | $20,890.00"
El Palacio de Hierro,MANGO,Tarjetero liso Mujer,,399,https://www.elpalaciodehierro.com/marc jacobs bolsa shoulder en piel mujer 45014743.html?cid=102005,"MESES SIN INTERESES | MARC JACOBS | Bolsa Shoulder en piel Mujer | $11,790.00"
El Palacio de Hierro,MANGO,Tarjetero liso Mujer,,299,https://www.elpalaciodehierro.com/marc jacobs bolsa shoulder negra the bow lisa mujer 45216514.html?cid=102005,"MESES SIN INTERESES | MARC JACOBS | Bolsa shoulder negra The Bow lisa Mujer | $10,690.00"
El Palacio de Hierro,MANGO,Tarjetero liso Mujer,,399,https://www.elpalaciodehierro.com/marc jacobs bolsa the large tote bag beige estampado mujer 43124335.html?cid=102005,"MESES SIN INTERESES | MARC JACOBS | Bolsa The Large Tote bag beige estampado Mujer | $5,490.00"
El Palacio de Hierro,MARC JACOBS,Bolsa crossbody con logo Mujer,,4390,https://www.elpalaciodehierro.com/marc jacobs bolsa the medium tote argan oil mujer 43222658.html?cid=102005,"MESES SIN INTERESES | MARC JACOBS | Bolsa The Medium tote Argan Oil Mujer | $11,590.00"
El Palacio de Hierro,MARC JACOBS,Bolsa Crossbody en piel Mujer,,5890,https://www.elpalaciodehierro.com/marc jacobs bolsa the medium tote bag arena estampado mujer 43124339.html?cid=102005,"MESES SIN INTERESES | MARC JACOBS | Bolsa The Medium tote bag arena estampado Mujer | $7,990.00"
El Palacio de Hierro,MARC JACOBS,Bolsa crossbody lisa en piel Mujer,,9790,https://www.elpalaciodehierro.com/marc jacobs bolsa the medium tote bag negro estampado mujer 43124346.html," 20% | MESES SIN INTERESES | MARC JACOBS | Bolsa The Medium tote bag negro estampado Mujer | $4,990.00 | $3,992.00"
El Palacio de Hierro,MARC JACOBS,Bolsa crossbody lisa en piel Mujer,,5890,https://www.elpalaciodehierro.com/marc jacobs bolsa the medium tote bag negro estampado mujer 43124346.html?cid=102005,"MESES SIN INTERESES | MARC JACOBS | Bolsa The Medium tote bag negro estampado Mujer | $4,990.00 | $3,992.00"
El Palacio de Hierro,MARC JACOBS,Bolsa Satchel en piel lisa Mujer,17990,10794,https://www.elpalaciodehierro.com/marc jacobs bolsa tote amarilla estampada mujer 45220758.html?cid=102005,"MESES SIN INTERESES | MARC JACOBS | Bolsa tote amarilla estampada Mujer | $5,490.00"
El Palacio de Hierro,MARC JACOBS,Bolsa satchel en piel lisa Mujer,,13750,https://www.elpalaciodehierro.com/marc jacobs bolsa tote azul estampada mujer 45220750.html?cid=102005,"MESES SIN INTERESES | MARC JACOBS | Bolsa tote azul estampada Mujer | $8,790.00"
El Palacio de Hierro,MARC JACOBS,Bolsa Satchel en piel vacuna lisa Mujer,17990,10794,https://www.elpalaciodehierro.com/marc jacobs bolsa tote azul medium cargo lisa mujer 45216526.html?cid=102005,"MESES SIN INTERESES | MARC JACOBS | Bolsa tote azul Medium Cargo lisa Mujer | $13,590.00"
El Palacio de Hierro,MARC JACOBS,Bolsa satchel gris en piel The Small Wave lisa Mujer,,19590,https://www.elpalaciodehierro.com/marc jacobs bolsa tote beige the medium mujer 43124353.html?cid=102005,"MESES SIN INTERESES | MARC JACOBS | Bolsa tote beige The Medium Mujer | $4,990.00"
El Palacio de Hierro,MARC JACOBS,Bolsa shoulder azul Cargo lisa Mujer,,14750,https://www.elpalaciodehierro.com/marc jacobs bolsa tote beige the small estampada mujer 43797485.html?cid=102005,"MESES SIN INTERESES | MARC JACOBS | Bolsa tote beige The Small estampada Mujer | $3,990.00"
El Palacio de Hierro,MARC JACOBS,Bolsa shoulder azul The Bow lisa Mujer,,10690,https://www.elpalaciodehierro.com/marc jacobs bolsa tote blanca trompe loeil estampada mujer 45220752.html?cid=102005,"MESES SIN INTERESES | MARC JACOBS | Bolsa tote blanca Trompe Loeil estampada Mujer | $7,490.00"
El Palacio de Hierro,MARC JACOBS,Bolsa shoulder azul The Sack estampada Mujer,,10490,https://www.elpalaciodehierro.com/marc jacobs bolsa tote cafe punk scribble canvas estampada mujer 45216530.html?cid=102005,"MESES SIN INTERESES | MARC JACOBS | Bolsa tote café Punk Scribble Canvas estampada Mujer | $6,790.00"
El Palacio de Hierro,MARC JACOBS,Bolsa shoulder café en piel The Sack lisa Mujer,,14790,https://www.elpalaciodehierro.com/marc jacobs bolsa tote cafe punk scribble canvas medium estampada mujer 45216528.html?cid=102005,"MESES SIN INTERESES | MARC JACOBS | Bolsa tote café Punk Scribble Canvas Medium estampada Mujer | $7,690.00"
El Palacio de Hierro,MARC JACOBS,Bolsa Shoulder en piel con logo Mujer,12390,7434,https://www.elpalaciodehierro.com/marc jacobs bolsa tote con estampado a contraste mujer 43222671.html," 20% | MESES SIN INTERESES | MARC JACOBS | Bolsa tote con estampado a contraste Mujer | $3,990.00 | $3,192.00"
El Palacio de Hierro,MARC JACOBS,Bolsa Shoulder en piel lisa Mujer,12390,7434,https://www.elpalaciodehierro.com/marc jacobs bolsa tote con estampado a contraste mujer 43222671.html?cid=102005,"MESES SIN INTERESES | MARC JACOBS | Bolsa tote con estampado a contraste Mujer | $3,990.00 | $3,192.00"
El Palacio de Hierro,MARC JACOBS,Bolsa shoulder en piel lisa Mujer,,14890,https://www.elpalaciodehierro.com/marc jacobs bolsa tote mediana azul deslavado mujer 45220755.html?cid=102005,"MESES SIN INTERESES | MARC JACOBS | Bolsa tote mediana azul deslavado Mujer | $17,790.00"
El Palacio de Hierro,MARC JACOBS,Bolsa shoulder en piel lisa Mujer,,16590,https://www.elpalaciodehierro.com/marc jacobs bolsa tote mujer 45014740.html?cid=102005,"MESES SIN INTERESES | MARC JACOBS | Bolsa Tote Mujer | $7,490.00"
El Palacio de Hierro,MARC JACOBS,Bolsa Shoulder en piel Mujer,,20890,https://www.elpalaciodehierro.com/marc jacobs bolsa tote mujer 45014741.html?cid=102005,"MESES SIN INTERESES | MARC JACOBS | Bolsa Tote Mujer | $8,850.00"
El Palacio de Hierro,MARC JACOBS,Bolsa Shoulder en piel Mujer,,11790,https://www.elpalaciodehierro.com/marc jacobs bolsa tote multicolor stripe canvas medium con rayas mujer 45216531.html?cid=102005,"MESES SIN INTERESES | MARC JACOBS | Bolsa tote multicolor Stripe Canvas Medium con rayas Mujer | $11,790.00"
El Palacio de Hierro,MARC JACOBS,Bolsa shoulder negra The Bow lisa Mujer,,10690,https://www.elpalaciodehierro.com/marc jacobs bolsa tote negra en piel the medium granulada mujer 43222656.html?cid=102005,"MESES SIN INTERESES | MARC JACOBS | Bolsa tote negra en piel The Medium granulada Mujer | $11,590.00"
El Palacio de Hierro,MARC JACOBS,Bolsa The Large Tote bag beige estampado Mujer,,5490,https://www.elpalaciodehierro.com/marc jacobs bolsa tote negra estampada estrellas mujer 45220754.html?cid=102005,"MESES SIN INTERESES | MARC JACOBS | Bolsa tote negra estampada estrellas Mujer | $7,490.00"
El Palacio de Hierro,MARC JACOBS,Bolsa The Medium tote Argan Oil Mujer,,11590,https://www.elpalaciodehierro.com/marc jacobs bolsa tote negra punk scribble canvas estampada mujer 45216529.html?cid=102005,"MESES SIN INTERESES | MARC JACOBS | Bolsa tote negra Punk Scribble Canvas estampada Mujer | $6,750.00"
El Palacio de Hierro,MARC JACOBS,Bolsa The Medium tote bag arena estampado Mujer,,7990,https://www.elpalaciodehierro.com/marc jacobs bolsa tote negra punk scribble canvas medium estampada mujer 45216527.html?cid=102005,"MESES SIN INTERESES | MARC JACOBS | Bolsa tote negra Punk Scribble Canvas Medium estampada Mujer | $7,690.00"
El Palacio de Hierro,MARC JACOBS,bolsa the medium tote bag negro estampado mujer,4990,3992,https://www.elpalaciodehierro.com/marc jacobs bolsa tote negra the large mujer 43222664.html?cid=102005,"MESES SIN INTERESES | MARC JACOBS | Bolsa tote negra The Large Mujer | $5,490.00"
El Palacio de Hierro,MARC JACOBS,Bolsa The Medium tote bag negro estampado Mujer,4990,3992,https://www.elpalaciodehierro.com/marc jacobs bolsa tote negra trompe loeil estampada mujer 45220751.html?cid=102005,"MESES SIN INTERESES | MARC JACOBS | Bolsa tote negra Trompe Loeil estampada Mujer | $7,490.00"
El Palacio de Hierro,MARC JACOBS,Bolsa tote amarilla estampada Mujer,,5490,https://www.elpalaciodehierro.com/marc jacobs bolsa tote rosa estampada mujer 45220757.html?cid=102005,"MESES SIN INTERESES | MARC JACOBS | Bolsa tote rosa estampada Mujer | $5,490.00"
El Palacio de Hierro,MICHAEL KORS,Bolsa tote azul estampada Mujer,,8790,https://www.elpalaciodehierro.com/marc jacobs bolsa tote texturizado mujer 43222659.html?cid=102005,"MESES SIN INTERESES | MARC JACOBS | Bolsa tote texturizado Mujer | $10,990.00"
El Palacio de Hierro,MARC JACOBS,Bolsa tote azul Medium Cargo lisa Mujer,,13590,https://www.elpalaciodehierro.com/marc jacobs bolsa tote the jacquard small mujer 42051909.html," 40% | MESES SIN INTERESES | MARC JACOBS | Bolsa tote The Jacquard small Mujer | $6,990.00 | $4,194.00"
El Palacio de Hierro,MARC JACOBS,Bolsa tote beige The Medium Mujer,,4990,https://www.elpalaciodehierro.com/marc jacobs bolsa tote the jacquard small mujer 42051909.html?cid=102005,"MESES SIN INTERESES | MARC JACOBS | Bolsa tote The Jacquard small Mujer | $6,990.00 | $4,194.00"
El Palacio de Hierro,MARC JACOBS,Bolsa tote beige The Small estampada Mujer,,3990,https://www.elpalaciodehierro.com/marc jacobs bolsa wristlet cafe en piel punk scribble snapshot convertible estampada mujer 45216546.html?cid=102005,"MESES SIN INTERESES | MARC JACOBS | Bolsa wristlet café en piel Punk Scribble Snapshot Convertible estampada Mujer | $6,790.00"
El Palacio de Hierro,MARC JACOBS,Bolsa tote blanca Trompe Loeil estampada Mujer,,7490,https://www.elpalaciodehierro.com/marc jacobs bolsa wristlet en piel estampada mujer 44808992.html?cid=102005,"MESES SIN INTERESES | MARC JACOBS | Bolsa Wristlet en piel estampada Mujer | $3,790.00 | $2,274.00"
El Palacio de Hierro,MARC JACOBS,Bolsa tote café Punk Scribble Canvas estampada Mujer,,6790,https://www.elpalaciodehierro.com/marc jacobs cartera cafe en piel slim wallet lisa mujer 45216536.html?cid=102005,"MESES SIN INTERESES | MARC JACOBS | Cartera café en piel Slim Wallet lisa Mujer | $4,150.00"
El Palacio de Hierro,MARC JACOBS,Bolsa tote café Punk Scribble Canvas Medium estampada Mujer,,7690,https://www.elpalaciodehierro.com/marc jacobs cartera en piel fantasia mujer 45014746.html?cid=102005,"MESES SIN INTERESES | MARC JACOBS | Cartera en piel fantasía Mujer | $4,550.00"
El Palacio de Hierro,MARC JACOBS,bolsa the medium tote bag negro estampado contraste mujer,3990,3192,https://www.elpalaciodehierro.com/marc jacobs cartera en piel lisa mujer 45014747.html?cid=102005,"MESES SIN INTERESES | MARC JACOBS | Cartera en piel lisa Mujer | $5,890.00"
El Palacio de Hierro,MARC JACOBS,Bolsa tote con estampado a contraste Mujer,3990,3192,https://www.elpalaciodehierro.com/marc jacobs cartera en piel lisa mujer 45014748.html?cid=102005,"MESES SIN INTERESES | MARC JACOBS | Cartera en piel lisa Mujer | $4,550.00"
El Palacio de Hierro,MARC JACOBS,Bolsa tote mediana azul deslavado Mujer,,17790,https://www.elpalaciodehierro.com/marc jacobs cartera multicolor en piel punk scribble estampada mujer 45216537.html?cid=102005,"MESES SIN INTERESES | MARC JACOBS | Cartera multicolor en piel Punk Scribble estampada Mujer | $5,350.00"
El Palacio de Hierro,MARC JACOBS,Bolsa Tote Mujer,,7490,https://www.elpalaciodehierro.com/marc jacobs cartera multicolor en piel stripe canvas con rayas mujer 45216538.html?cid=102005,"MESES SIN INTERESES | MARC JACOBS | Cartera multicolor en piel Stripe Canvas con rayas Mujer | $3,850.00"
El Palacio de Hierro,MARC JACOBS,Bolsa Tote Mujer,,8850,https://www.elpalaciodehierro.com/marc jacobs cartera negra en piel slim wallet lisa mujer 45216535.html?cid=102005,"MESES SIN INTERESES | MARC JACOBS | Cartera negra en piel Slim Wallet lisa Mujer | $4,150.00"
El Palacio de Hierro,MARC JACOBS,Bolsa tote multicolor Stripe Canvas Medium con rayas Mujer,,11790,https://www.elpalaciodehierro.com/marc jacobs cosmetiquera the beauty bag cafe estampada en piel mujer 45216541.html?cid=102005,"MESES SIN INTERESES | MARC JACOBS | Cosmetiquera The Beauty Bag café estampada en piel Mujer | $2,950.00"
El Palacio de Hierro,MARC JACOBS,Bolsa tote negra en piel The Medium granulada Mujer,,11590,https://www.elpalaciodehierro.com/marc jacobs cosmetiquera the beauty bag negra estampada en piel mujer 45216540.html?cid=102005,"MESES SIN INTERESES | MARC JACOBS | Cosmetiquera The Beauty Bag negra estampada en piel Mujer | $2,950.00"
El Palacio de Hierro,MARC JACOBS,Bolsa tote negra estampada estrellas Mujer,,7490,https://www.elpalaciodehierro.com/marc jacobs cosmetiquera the beauty bag roja estampada en piel mujer 45216542.html?cid=102005,"MESES SIN INTERESES | MARC JACOBS | Cosmetiquera The Beauty Bag roja estampada en piel Mujer | $2,950.00"
El Palacio de Hierro,MARC JACOBS,Bolsa tote negra Punk Scribble Canvas estampada Mujer,,6750,https://www.elpalaciodehierro.com/marc jacobs portapasaporte cafe en piel the punk scribble estampado mujer 45216547.html?cid=102005,"MESES SIN INTERESES | MARC JACOBS | Portapasaporte café en piel The Punk Scribble estampado Mujer | $2,950.00"
El Palacio de Hierro,MARC JACOBS,Bolsa tote negra Punk Scribble Canvas Medium estampada Mujer,,7690,https://www.elpalaciodehierro.com/mcqueen bolsa crossbody en piel mujer 44978726.html?cid=102005,"MCQUEEN | Bolsa Crossbody en piel Mujer | $52,900.00 | $31,740.00"
El Palacio de Hierro,MARC JACOBS,Bolsa tote negra The Large Mujer,,5490,https://www.elpalaciodehierro.com/mcqueen bolsa crossbody en piel vacuna small skull con remaches mujer 44493192.html?cid=102005,"ULTIMAS PIEZAS | MCQUEEN | Bolsa Crossbody en piel vacuna Small Skull con remaches Mujer | $23,300.00 | $13,980.00"
El Palacio de Hierro,MARC JACOBS,Bolsa tote negra Trompe Loeil estampada Mujer,,7490,https://www.elpalaciodehierro.com/mcqueen bolsa farringdon 45158394.html?cid=102005,"NUEVA TEMPORADA | MCQUEEN | Bolsa Farringdon | $48,800.00 | $34,160.00"
El Palacio de Hierro,MARC JACOBS,Bolsa tote rosa estampada Mujer,,5490,https://www.elpalaciodehierro.com/mcqueen bolsa farringdon 45159052.html?cid=102005,"NUEVA TEMPORADA | MCQUEEN | Bolsa Farringdon | $54,200.00 | $37,940.00"
El Palacio de Hierro,MARC JACOBS,Bolsa tote texturizado Mujer,,10990,https://www.elpalaciodehierro.com/mcqueen bolsa manta 45158398.html?cid=102005,"NUEVA TEMPORADA | MCQUEEN | Bolsa Manta | $43,100.00 | $30,170.00"
El Palacio de Hierro,MARC JACOBS,bolsa tote the jacquard small mujer,6990,4194,https://www.elpalaciodehierro.com/mcqueen bolsa mini satchel en piel vacuna jewell con remaches mujer 44493184.html?cid=102005,"ULTIMAS PIEZAS | MCQUEEN | Bolsa Mini Satchel en piel vacuna Jewell con remaches Mujer | $54,400.00 | $32,640.00"
El Palacio de Hierro,MARC JACOBS,Bolsa tote The Jacquard small Mujer,6990,4194,https://www.elpalaciodehierro.com/mcqueen bolsa satchel en piel farringdon granulada mujer 44978750.html?cid=102005,"NUEVA TEMPORADA | MCQUEEN | Bolsa Satchel en piel Farringdon granulada Mujer | $48,700.00 | $34,090.00"
El Palacio de Hierro,MARC JACOBS,Bolsa wristlet café en piel Punk Scribble Snapshot Convertible estampada Mujer,,6790,https://www.elpalaciodehierro.com/mcqueen bolsa satchel en piel vacuna birdee large lisa mujer 44493178.html?cid=102005,"ULTIMAS PIEZAS | MCQUEEN | Bolsa Satchel en piel vacuna Birdee Large lisa Mujer | $54,400.00 | $32,640.00"
El Palacio de Hierro,MARC JACOBS,Bolsa Wristlet en piel estampada Mujer,3790,2274,https://www.elpalaciodehierro.com/mcqueen bolsa satchel en piel vacuna farringdon medium granulada mujer 44978746.html?cid=102005,"NUEVA TEMPORADA | MCQUEEN | Bolsa satchel en piel vacuna Farringdon Medium granulada Mujer | $59,300.00 | $41,510.00"
El Palacio de Hierro,MARC JACOBS,Cartera café en piel Slim Wallet lisa Mujer,,4150,https://www.elpalaciodehierro.com/mcqueen bolsa skull flower 45158392.html?cid=102005,"NUEVA TEMPORADA | MCQUEEN | Bolsa Skull Flower | $29,900.00 | $20,930.00"
El Palacio de Hierro,MARC JACOBS,Cartera en piel fantasía Mujer,,4550,https://www.elpalaciodehierro.com/mcqueen bolsa skull flower mujer 44978748.html?cid=102005,"NUEVA TEMPORADA | MCQUEEN | Bolsa Skull Flower Mujer | $29,800.00 | $20,860.00"
El Palacio de Hierro,MARC JACOBS,Cartera en piel lisa Mujer,,5890,https://www.elpalaciodehierro.com/mcqueen bolsa thmedium skull 45158400.html?cid=102005,"NUEVA TEMPORADA | MCQUEEN | Bolsa Thmedium Skull | $36,600.00 | $25,620.00"
El Palacio de Hierro,MARC JACOBS,Cartera en piel lisa Mujer,,4550,https://www.elpalaciodehierro.com/michael by michael kors bolsa crossbody en piel mujer 44943922.html?cid=102005,"MESES SIN INTERESES | MICHAEL BY MICHAEL KORS | Bolsa crossbody en piel Mujer | $4,270.00"
El Palacio de Hierro,MARC JACOBS,Cartera multicolor en piel Punk Scribble estampada Mujer,,5350,https://www.elpalaciodehierro.com/michael by michael kors bolsa crossbody pouchette en piel con remaches mujer 44943928.html?cid=102005,"MESES SIN INTERESES | MICHAEL BY MICHAEL KORS | Bolsa crossbody Pouchette en piel con remaches Mujer | $6,730.00 | $4,038.00"
El Palacio de Hierro,MARC JACOBS,Cartera multicolor en piel Stripe Canvas con rayas Mujer,,3850,https://www.elpalaciodehierro.com/michael kors bolsa crossbody bryant estampada mujer 45194284.html?cid=102005,"MESES SIN INTERESES | MICHAEL KORS | Bolsa crossbody Bryant estampada Mujer | $4,710.00"
El Palacio de Hierro,MARC JACOBS,Cartera negra en piel Slim Wallet lisa Mujer,,4150,https://www.elpalaciodehierro.com/michael kors bolsa crossbody bryant monogram mujer 44518840.html?cid=102005,"MESES SIN INTERESES | MICHAEL KORS | Bolsa Crossbody Bryant monogram Mujer | $5,120.00"
El Palacio de Hierro,MARC JACOBS,Cosmetiquera The Beauty Bag café estampada en piel Mujer,,2950,https://www.elpalaciodehierro.com/michael kors bolsa crossbody con monogram mujer 44623677.html?cid=102005,"MESES SIN INTERESES | MICHAEL KORS | Bolsa crossbody con monogram Mujer | $4,270.00"
El Palacio de Hierro,MARC JACOBS,Cosmetiquera The Beauty Bag negra estampada en piel Mujer,,2950,https://www.elpalaciodehierro.com/michael kors bolsa crossbody con monogram mujer 44623695.html?cid=102005,"MESES SIN INTERESES | MICHAEL KORS | Bolsa crossbody con monogram Mujer | $6,730.00 | $4,038.00"
El Palacio de Hierro,MARC JACOBS,Cosmetiquera The Beauty Bag roja estampada en piel Mujer,,2950,https://www.elpalaciodehierro.com/michael kors bolsa crossbody con monogram mujer 44623732.html?cid=102005,"MESES SIN INTERESES | MICHAEL KORS | Bolsa crossbody con monogram Mujer | $6,160.00"
El Palacio de Hierro,MARC JACOBS,Portapasaporte café en piel The Punk Scribble estampado Mujer,,2950,https://www.elpalaciodehierro.com/michael kors bolsa crossbody en piel granulada mujer 44623736.html?cid=102005,"MESES SIN INTERESES | MICHAEL KORS | Bolsa crossbody en piel granulada Mujer | $6,160.00"
El Palacio de Hierro,MCQUEEN,Bolsa Crossbody en piel Mujer,52900,31740,https://www.elpalaciodehierro.com/michael kors bolsa crossbody en piel jet set granulada mujer 44291495.html?cid=102005,"MESES SIN INTERESES | MICHAEL KORS | Bolsa crossbody en piel Jet Set granulada Mujer | $4,990.00 | $2,994.00"
El Palacio de Hierro,ULTIMAS PIEZAS,MCQUEEN,23300,13980,https://www.elpalaciodehierro.com/michael kors bolsa crossbody en piel lisa mujer 44943924.html?cid=102005,"MESES SIN INTERESES | MICHAEL KORS | Bolsa crossbody en piel lisa Mujer | $6,730.00 | $4,038.00"
El Palacio de Hierro,NUEVA TEMPORADA,MCQUEEN,48800,34160,https://www.elpalaciodehierro.com/michael kors bolsa crossbody en piel mujer 44623681.html?cid=102005,"MESES SIN INTERESES | MICHAEL KORS | Bolsa crossbody en piel Mujer | $4,270.00"
El Palacio de Hierro,NUEVA TEMPORADA,MCQUEEN,54200,37940,https://www.elpalaciodehierro.com/michael kors bolsa crossbody en piel mujer 44943936.html?cid=102005,"MESES SIN INTERESES | MICHAEL KORS | Bolsa crossbody en piel Mujer | $4,370.00"
El Palacio de Hierro,NUEVA TEMPORADA,MCQUEEN,43100,30170,https://www.elpalaciodehierro.com/michael kors bolsa crossbody estampada mujer 44623734.html?cid=102005,"MESES SIN INTERESES | MICHAEL KORS | Bolsa crossbody estampada Mujer | $6,160.00"
El Palacio de Hierro,ULTIMAS PIEZAS,MCQUEEN,54400,32640,https://www.elpalaciodehierro.com/michael kors bolsa crossbody estampado monogram mujer 44943932.html?cid=102005,"MESES SIN INTERESES | MICHAEL KORS | Bolsa crossbody estampado monogram Mujer | $4,370.00"
El Palacio de Hierro,NUEVA TEMPORADA,MCQUEEN,48700,34090,https://www.elpalaciodehierro.com/michael kors bolsa crossbody maeve mujer 44291633.html?cid=102005,"MESES SIN INTERESES | MICHAEL KORS | Bolsa Crossbody Maeve Mujer | $6,200.00"
El Palacio de Hierro,ULTIMAS PIEZAS,MCQUEEN,54400,32640,https://www.elpalaciodehierro.com/michael kors bolsa crossbody monogram mujer 44518842.html?cid=102005,"MESES SIN INTERESES | MICHAEL KORS | Bolsa Crossbody monogram Mujer | $5,120.00"
El Palacio de Hierro,NUEVA TEMPORADA,MCQUEEN,59300,41510,https://www.elpalaciodehierro.com/michael kors bolsa crossbody nolita en piel lisa mujer 45198867.html?cid=102005,"MESES SIN INTERESES | MICHAEL KORS | Bolsa crossbody Nolita en piel lisa Mujer | $4,710.00"
El Palacio de Hierro,NUEVA TEMPORADA,MCQUEEN,29900,20930,https://www.elpalaciodehierro.com/michael kors bolsa crossbody nolita lisa mujer 45198865.html?cid=102005,"MESES SIN INTERESES | MICHAEL KORS | Bolsa crossbody Nolita lisa Mujer | $4,710.00"
El Palacio de Hierro,NUEVA TEMPORADA,MCQUEEN,29800,20860,https://www.elpalaciodehierro.com/michael kors bolsa crossbody nolita monogram estampado mujer 45198863.html?cid=102005,"MESES SIN INTERESES | MICHAEL KORS | Bolsa crossbody Nolita monogram estampado Mujer | $4,710.00"
El Palacio de Hierro,NUEVA TEMPORADA,MCQUEEN,36600,25620,https://www.elpalaciodehierro.com/michael kors bolsa crossbody nolita monogram mujer 45198861.html?cid=102005,"MESES SIN INTERESES | MICHAEL KORS | Bolsa crossbody Nolita monogram Mujer | $4,710.00"
El Palacio de Hierro,MICHAEL BY MICHAEL KORS,Bolsa crossbody en piel Mujer,,4270,https://www.elpalaciodehierro.com/michael kors bolsa crossbody pouchette en piel con remaches mujer 44943930.html?cid=102005,"MESES SIN INTERESES | MICHAEL KORS | Bolsa crossbody Pouchette en piel con remaches Mujer | $6,730.00 | $4,038.00"
El Palacio de Hierro,MICHAEL BY MICHAEL KORS,Bolsa crossbody Pouchette en piel con remaches Mujer,6730,4038,https://www.elpalaciodehierro.com/michael kors bolsa crossbody solido mujer 44943910.html?cid=102005,"MESES SIN INTERESES | MICHAEL KORS | Bolsa crossbody sólido Mujer | $5,840.00"
El Palacio de Hierro,MICHAEL KORS,Bolsa crossbody Bryant estampada Mujer,,4710,https://www.elpalaciodehierro.com/michael kors bolsa hobo en piel lisa mujer 43951253.html?cid=102005,"MESES SIN INTERESES | MICHAEL KORS | Bolsa Hobo en piel lisa Mujer | $10,790.00"
El Palacio de Hierro,MICHAEL KORS,Bolsa Crossbody Bryant monogram Mujer,,5120,https://www.elpalaciodehierro.com/michael kors bolsa hobo en piel lisa mujer 44623801.html?cid=102005,"MESES SIN INTERESES | MICHAEL KORS | Bolsa hobo en piel lisa Mujer | $10,790.00"
El Palacio de Hierro,MICHAEL KORS,Bolsa crossbody con monogram Mujer,,4270,https://www.elpalaciodehierro.com/michael kors bolsa hobo estampada mujer 44623805.html?cid=102005,"MESES SIN INTERESES | MICHAEL KORS | Bolsa Hobo estampada Mujer | $10,790.00"
El Palacio de Hierro,MICHAEL KORS,Bolsa crossbody con monogram Mujer,6730,4038,https://www.elpalaciodehierro.com/michael kors bolsa satchel blanca en piel mujer 44943900.html?cid=102005,"MESES SIN INTERESES | MICHAEL KORS | Bolsa Satchel blanca en piel Mujer | $8,210.00"
El Palacio de Hierro,MICHAEL KORS,Bolsa crossbody con monogram Mujer,,6160,https://www.elpalaciodehierro.com/michael kors bolsa satchel con monogram laila mujer 44518860.html?cid=102005,"MESES SIN INTERESES | MICHAEL KORS | Bolsa Satchel con monogram Laila Mujer | $7,500.00"
El Palacio de Hierro,MICHAEL KORS,Bolsa crossbody en piel granulada Mujer,,6160,https://www.elpalaciodehierro.com/michael kors bolsa satchel con monogram mujer 44623893.html?cid=102005,"MESES SIN INTERESES | MICHAEL KORS | Bolsa satchel con monogram Mujer | $6,200.00"
El Palacio de Hierro,MICHAEL KORS,Bolsa crossbody en piel Jet Set granulada Mujer,4990,2994,https://www.elpalaciodehierro.com/michael kors bolsa satchel en piel con logo mujer 44575043.html?cid=102005,"MESES SIN INTERESES | MICHAEL KORS | Bolsa Satchel en piel con logo Mujer | $7,500.00"
El Palacio de Hierro,MICHAEL KORS,Bolsa crossbody en piel lisa Mujer,6730,4038,https://www.elpalaciodehierro.com/michael kors bolsa satchel en piel laila lisa mujer 45194274.html?cid=102005,"MESES SIN INTERESES | MICHAEL KORS | Bolsa satchel en piel Laila lisa Mujer | $7,660.00"
El Palacio de Hierro,MICHAEL KORS,Bolsa crossbody en piel Mujer,,4270,https://www.elpalaciodehierro.com/michael kors bolsa satchel en piel lisa mujer 44943890.html?cid=102005,"MESES SIN INTERESES | MICHAEL KORS | Bolsa satchel en piel lisa Mujer | $7,620.00"
El Palacio de Hierro,MICHAEL KORS,Bolsa crossbody en piel Mujer,,4370,https://www.elpalaciodehierro.com/michael kors bolsa satchel estampado monogram mujer 44943912.html?cid=102005,"MESES SIN INTERESES | MICHAEL KORS | Bolsa satchel estampado monogram Mujer | $5,840.00"
El Palacio de Hierro,MICHAEL KORS,Bolsa crossbody estampada Mujer,,6160,https://www.elpalaciodehierro.com/michael kors bolsa satchel laila con monogram mujer 44518862.html?cid=102005,"MESES SIN INTERESES | MICHAEL KORS | Bolsa Satchel Laila con monogram Mujer | $7,500.00"
El Palacio de Hierro,MICHAEL KORS,Bolsa crossbody estampado monogram Mujer,,4370,https://www.elpalaciodehierro.com/michael kors bolsa satchel laila mujer 44291721.html?cid=102005,"MESES SIN INTERESES | MICHAEL KORS | Bolsa Satchel Laila Mujer | $6,200.00"
El Palacio de Hierro,MICHAEL KORS,Bolsa Crossbody Maeve Mujer,,6200,https://www.elpalaciodehierro.com/michael kors bolsa satchel lisa en piel mujer 44623895.html?cid=102005,"MESES SIN INTERESES | MICHAEL KORS | Bolsa Satchel lisa en piel Mujer | $6,200.00"
El Palacio de Hierro,MICHAEL KORS,Bolsa Crossbody monogram Mujer,,5120,https://www.elpalaciodehierro.com/michael kors bolsa satchel lisa mujer 44943914.html?cid=102005,"MESES SIN INTERESES | MICHAEL KORS | Bolsa satchel lisa Mujer | $7,620.00"
El Palacio de Hierro,MICHAEL KORS,Bolsa crossbody Nolita en piel lisa Mujer,,4710,https://www.elpalaciodehierro.com/michael kors bolsa satchel lisa mujer 44943918.html?cid=102005,"MESES SIN INTERESES | MICHAEL KORS | Bolsa satchel lisa Mujer | $6,730.00"
El Palacio de Hierro,MICHAEL KORS,Bolsa crossbody Nolita lisa Mujer,,4710,https://www.elpalaciodehierro.com/michael kors bolsa satchel marilyn con monogram mujer 44291763.html?cid=102005,"MESES SIN INTERESES | MICHAEL KORS | Bolsa satchel Marilyn con monogram Mujer | $7,590.00"
El Palacio de Hierro,MICHAEL KORS,Bolsa crossbody Nolita monogram estampado Mujer,,4710,https://www.elpalaciodehierro.com/michael kors bolsa satchel scarlett en piel vacuna mujer 44291737.html?cid=102005,"MESES SIN INTERESES | MICHAEL KORS | Bolsa Satchel Scarlett en piel vacuna Mujer | $7,590.00 | $4,554.00"
El Palacio de Hierro,MICHAEL KORS,Bolsa crossbody Nolita monogram Mujer,,4710,https://www.elpalaciodehierro.com/michael kors bolsa shoulder colby en piel monogram mujer 44291811.html?cid=102005,"MESES SIN INTERESES | MICHAEL KORS | Bolsa Shoulder Colby en piel monogram Mujer | $8,990.00 | $5,394.00"
El Palacio de Hierro,MICHAEL KORS,Bolsa crossbody Pouchette en piel con remaches Mujer,6730,4038,https://www.elpalaciodehierro.com/michael kors bolsa shoulder con monogram mujer 44624031.html?cid=102005,"MESES SIN INTERESES | MICHAEL KORS | Bolsa Shoulder con Monogram Mujer | $8,050.00"
El Palacio de Hierro,MICHAEL KORS,Bolsa crossbody sólido Mujer,,5840,https://www.elpalaciodehierro.com/michael kors bolsa shoulder en piel colby mujer 44291767.html?cid=102005,"MESES SIN INTERESES | MICHAEL KORS | Bolsa shoulder en piel Colby Mujer | $8,990.00 | $5,394.00"
El Palacio de Hierro,MICHAEL KORS,Bolsa Hobo en piel lisa Mujer,,10790,https://www.elpalaciodehierro.com/michael kors bolsa shoulder en piel lisa mujer 44943888.html?cid=102005,"MESES SIN INTERESES | MICHAEL KORS | Bolsa shoulder en piel lisa Mujer | $8,800.00"
El Palacio de Hierro,MICHAEL KORS,Bolsa hobo en piel lisa Mujer,,10790,https://www.elpalaciodehierro.com/michael kors bolsa shoulder en piel lisa mujer 44943896.html?cid=102005,"MESES SIN INTERESES | MICHAEL KORS | Bolsa shoulder en piel lisa Mujer | $8,800.00 | $7,040.00"
El Palacio de Hierro,MICHAEL KORS,Bolsa Hobo estampada Mujer,,10790,https://www.elpalaciodehierro.com/michael kors bolsa shoulder en piel lisa mujer 44943908.html?cid=102005,"MESES SIN INTERESES | MICHAEL KORS | Bolsa shoulder en piel lisa Mujer | $8,800.00 | $5,280.00"
El Palacio de Hierro,MICHAEL KORS,Bolsa Satchel blanca en piel Mujer,,8210,https://www.elpalaciodehierro.com/michael kors bolsa shoulder en piel liso mujer 45198759.html?cid=102005,"MESES SIN INTERESES | MICHAEL KORS | Bolsa shoulder en piel liso Mujer | $8,840.00"
El Palacio de Hierro,MICHAEL KORS,Bolsa Satchel con monogram Laila Mujer,,7500,https://www.elpalaciodehierro.com/michael kors bolsa shoulder en piel mujer 44624027.html?cid=102005,"MESES SIN INTERESES | MICHAEL KORS | Bolsa Shoulder en Piel Mujer | $7,550.00"
El Palacio de Hierro,MICHAEL KORS,Bolsa satchel con monogram Mujer,,6200,https://www.elpalaciodehierro.com/michael kors bolsa shoulder en piel mujer 44624035.html?cid=102005,"MESES SIN INTERESES | MICHAEL KORS | Bolsa Shoulder en Piel Mujer | $8,090.00"
El Palacio de Hierro,MICHAEL KORS,Bolsa Satchel en piel con logo Mujer,,7500,https://www.elpalaciodehierro.com/michael kors bolsa shoulder en piel nolita granulada mujer 44291773.html?cid=102005,"MESES SIN INTERESES | MICHAEL KORS | Bolsa shoulder en piel Nolita granulada Mujer | $8,990.00 | $5,394.00"
El Palacio de Hierro,MICHAEL KORS,Bolsa satchel en piel Laila lisa Mujer,,7660,https://www.elpalaciodehierro.com/michael kors bolsa shoulder en piel pouchette nolita lisa mujer 45194282.html?cid=102005,"MESES SIN INTERESES | MICHAEL KORS | Bolsa shoulder en piel Pouchette Nolita lisa Mujer | $5,300.00"
El Palacio de Hierro,MICHAEL KORS,Bolsa satchel en piel lisa Mujer,,7620,https://www.elpalaciodehierro.com/michael kors bolsa shoulder kensington en piel mujer 44292035.html?cid=102005,"MESES SIN INTERESES | MICHAEL KORS | Bolsa Shoulder Kensington en piel Mujer | $8,990.00"
El Palacio de Hierro,MICHAEL KORS,Bolsa satchel estampado monogram Mujer,,5840,https://www.elpalaciodehierro.com/michael kors bolsa shoulder monogram mujer 44623977.html?cid=102005,"MESES SIN INTERESES | MICHAEL KORS | Bolsa Shoulder Monogram Mujer | $7,550.00"
El Palacio de Hierro,MICHAEL KORS,Bolsa Satchel Laila con monogram Mujer,,7500,https://www.elpalaciodehierro.com/michael kors bolsa shoulder monogram mujer 44624029.html?cid=102005,"MESES SIN INTERESES | MICHAEL KORS | Bolsa Shoulder Monogram Mujer | $8,050.00"
El Palacio de Hierro,MICHAEL KORS,Bolsa Satchel Laila Mujer,,6200,https://www.elpalaciodehierro.com/michael kors bolsa shoulder monogram mujer 44943892.html?cid=102005,"MESES SIN INTERESES | MICHAEL KORS | Bolsa shoulder monogram Mujer | $8,800.00 | $7,040.00"
El Palacio de Hierro,MICHAEL KORS,Bolsa Satchel lisa en piel Mujer,,6200,https://www.elpalaciodehierro.com/michael kors bolsa shoulder monogram mujer 44943894.html?cid=102005,"MESES SIN INTERESES | MICHAEL KORS | Bolsa shoulder monogram Mujer | $8,800.00 | $5,280.00"
El Palacio de Hierro,MICHAEL KORS,Bolsa satchel lisa Mujer,,7620,https://www.elpalaciodehierro.com/michael kors bolsa shoulder monogram mujer 45198801.html?cid=102005,"MESES SIN INTERESES | MICHAEL KORS | Bolsa shoulder monogram Mujer | $8,250.00"
El Palacio de Hierro,MICHAEL KORS,Bolsa satchel lisa Mujer,,6730,https://www.elpalaciodehierro.com/michael kors bolsa shoulder mujer 44623973.html?cid=102005,"MESES SIN INTERESES | MICHAEL KORS | Bolsa Shoulder Mujer | $12,370.00 | $7,422.00"
El Palacio de Hierro,MICHAEL KORS,Bolsa satchel Marilyn con monogram Mujer,,7590,https://www.elpalaciodehierro.com/michael kors bolsa shoulder pouchette monogram mujer 45198829.html?cid=102005,"MESES SIN INTERESES | MICHAEL KORS | Bolsa shoulder Pouchette monogram Mujer | $5,300.00"
El Palacio de Hierro,MICHAEL KORS,Bolsa Satchel Scarlett en piel vacuna Mujer,7590,4554,https://www.elpalaciodehierro.com/michael kors bolsa shoulder pouchette monogram mujer 45198873.html?cid=102005,"MESES SIN INTERESES | MICHAEL KORS | Bolsa shoulder Pouchette monogram Mujer | $4,710.00"
El Palacio de Hierro,MICHAEL KORS,Bolsa Shoulder Colby en piel monogram Mujer,8990,5394,https://www.elpalaciodehierro.com/michael kors bolsa tote con monogram mujer 44624188.html?cid=102005,"MESES SIN INTERESES | MICHAEL KORS | Bolsa tote con monogram Mujer | $6,970.00"
El Palacio de Hierro,MICHAEL KORS,Bolsa Shoulder con Monogram Mujer,,8050,https://www.elpalaciodehierro.com/michael kors bolsa tote en piel granulada mujer 44624192.html?cid=102005,"MESES SIN INTERESES | MICHAEL KORS | Bolsa tote en piel granulada Mujer | $6,970.00"
El Palacio de Hierro,MICHAEL KORS,Bolsa shoulder en piel Colby Mujer,8990,5394,https://www.elpalaciodehierro.com/michael kors bolsa tote en piel lisa mujer 44624177.html?cid=102005,"MESES SIN INTERESES | MICHAEL KORS | Bolsa tote en piel lisa Mujer | $9,670.00"
El Palacio de Hierro,MICHAEL KORS,Bolsa shoulder en piel lisa Mujer,,8800,https://www.elpalaciodehierro.com/michael kors bolsa tote en piel lisa mujer 44624184.html?cid=102005,"MESES SIN INTERESES | MICHAEL KORS | Bolsa tote en piel lisa Mujer | $9,670.00 | $5,802.00"
El Palacio de Hierro,MICHAEL KORS,Bolsa shoulder en piel lisa Mujer,8800,7040,https://www.elpalaciodehierro.com/michael kors bolsa tote en piel mujer 44624122.html?cid=102005,"MESES SIN INTERESES | MICHAEL KORS | Bolsa tote en piel Mujer | $8,050.00"
El Palacio de Hierro,MICHAEL KORS,Bolsa shoulder en piel lisa Mujer,8800,5280,https://www.elpalaciodehierro.com/michael kors bolsa tote georgia mujer 44291911.html?cid=102005,"MESES SIN INTERESES | MICHAEL KORS | Bolsa Tote Georgia Mujer | $6,990.00 | $4,194.00"
El Palacio de Hierro,MICHAEL KORS,Bolsa shoulder en piel liso Mujer,,8840,https://www.elpalaciodehierro.com/michael kors bolsa tote jordi monogram mujer 44291915.html?cid=102005,"MESES SIN INTERESES | MICHAEL KORS | Bolsa Tote Jordi Monogram Mujer | $9,990.00 | $5,994.00"
El Palacio de Hierro,MICHAEL KORS,Bolsa Shoulder en Piel Mujer,,7550,https://www.elpalaciodehierro.com/michael kors bolsa tote laila en piel mujer 44291997.html?cid=102005,"MESES SIN INTERESES | MICHAEL KORS | Bolsa Tote Laila en piel Mujer | $6,960.00"
El Palacio de Hierro,MICHAEL KORS,Bolsa Shoulder en Piel Mujer,,8090,https://www.elpalaciodehierro.com/michael kors bolsa tote laila monogram mujer 44291989.html?cid=102005,"MESES SIN INTERESES | MICHAEL KORS | Bolsa Tote Laila monogram Mujer | $6,960.00"
El Palacio de Hierro,MICHAEL KORS,Bolsa shoulder en piel Nolita granulada Mujer,8990,5394,https://www.elpalaciodehierro.com/michael kors bolsa tote laila mujer 44291991.html?cid=102005,"MESES SIN INTERESES | MICHAEL KORS | Bolsa Tote Laila Mujer | $6,960.00"
El Palacio de Hierro,MICHAEL KORS,Bolsa shoulder en piel Pouchette Nolita lisa Mujer,,5300,https://www.elpalaciodehierro.com/michael kors bolsa tote monogram mujer 44099288.html?cid=102005,"MESES SIN INTERESES | MICHAEL KORS | Bolsa Tote Monogram Mujer | $7,010.00"
El Palacio de Hierro,MICHAEL KORS,Bolsa Shoulder Kensington en piel Mujer,,8990,https://www.elpalaciodehierro.com/michael kors bolsa tote mujer 44723835.html?cid=102005,"MESES SIN INTERESES | MICHAEL KORS | Bolsa Tote Mujer | $6,970.00"
El Palacio de Hierro,MICHAEL KORS,Bolsa Shoulder Monogram Mujer,,7550,https://www.elpalaciodehierro.com/michael kors bolsa tote romee mujer 44624171.html," 50% | MESES SIN INTERESES | MICHAEL KORS | Bolsa Tote Romee Mujer | $9,670.00 | $4,835.00"
El Palacio de Hierro,MICHAEL KORS,Bolsa Shoulder Monogram Mujer,,8050,https://www.elpalaciodehierro.com/michael kors bolsa tote romee mujer 44624171.html?cid=102005,"MESES SIN INTERESES | MICHAEL KORS | Bolsa Tote Romee Mujer | $9,670.00 | $4,835.00"
El Palacio de Hierro,MICHAEL KORS,Bolsa shoulder monogram Mujer,8800,7040,https://www.elpalaciodehierro.com/michael kors bolsa tote taryn monogram mujer 44291931.html?cid=102005,"MESES SIN INTERESES | MICHAEL KORS | Bolsa Tote Taryn Monogram Mujer | $7,590.00 | $4,554.00"
El Palacio de Hierro,MICHAEL KORS,Bolsa shoulder monogram Mujer,8800,5280,https://www.elpalaciodehierro.com/michael kors bolsa wristlet en piel granulada mujer 44607424.html?cid=102005,"MESES SIN INTERESES | MICHAEL KORS | Bolsa Wristlet en piel granulada Mujer | $4,270.00"
El Palacio de Hierro,MICHAEL KORS,Bolsa shoulder monogram Mujer,,8250,https://www.elpalaciodehierro.com/michael kors bolso hobo en piel liso mujer 43951267.html?cid=102005,"MESES SIN INTERESES | MICHAEL KORS | Bolso Hobo en piel liso Mujer | $10,790.00"
El Palacio de Hierro,MICHAEL KORS,Bolsa Shoulder Mujer,12370,7422,https://www.elpalaciodehierro.com/michael kors cartera beige jet set con monogram mujer 42264584.html?cid=102005,"MESES SIN INTERESES | MICHAEL KORS | Cartera beige Jet Set con monogram Mujer | $3,670.00"
El Palacio de Hierro,MICHAEL KORS,Bolsa shoulder Pouchette monogram Mujer,,5300,https://www.elpalaciodehierro.com/michael kors cartera beige travel con monogram mujer 42239218.html?cid=102005,"MESES SIN INTERESES | MICHAEL KORS | Cartera beige Travel con monogram Mujer | $4,530.00"
El Palacio de Hierro,MICHAEL KORS,Bolsa shoulder Pouchette monogram Mujer,,4710,https://www.elpalaciodehierro.com/michael kors cartera bryant monogram mujer 45194220.html?cid=102005,"MESES SIN INTERESES | MICHAEL KORS | Cartera Bryant monogram Mujer | $3,710.00"
El Palacio de Hierro,MICHAEL KORS,Bolsa tote con monogram Mujer,,6970,https://www.elpalaciodehierro.com/michael kors cartera con monogram mujer 44607421.html?cid=102005,"MESES SIN INTERESES | MICHAEL KORS | Cartera con monogram Mujer | $3,710.00"
El Palacio de Hierro,MICHAEL KORS,Bolsa tote en piel granulada Mujer,,6970,https://www.elpalaciodehierro.com/michael kors cartera en piel granulada mujer 44607547.html?cid=102005,"MESES SIN INTERESES | MICHAEL KORS | Cartera en piel granulada Mujer | $4,530.00"
El Palacio de Hierro,MICHAEL KORS,Bolsa tote en piel lisa Mujer,,9670,https://www.elpalaciodehierro.com/michael kors cartera en piel granulado mujer 44607408.html?cid=102005,"MESES SIN INTERESES | MICHAEL KORS | Cartera en piel granulado Mujer | $3,710.00"
El Palacio de Hierro,MICHAEL KORS,Bolsa tote en piel lisa Mujer,9670,5802,https://www.elpalaciodehierro.com/michael kors cartera en piel lisa mujer 44889783.html?cid=102005,"MESES SIN INTERESES | MICHAEL KORS | Cartera en Piel lisa Mujer | $4,530.00"
El Palacio de Hierro,MICHAEL KORS,Bolsa tote en piel Mujer,,8050,https://www.elpalaciodehierro.com/michael kors cartera en piel mujer 40749272.html?cid=102005,"MESES SIN INTERESES | MICHAEL KORS | Cartera en piel Mujer | $3,670.00"
El Palacio de Hierro,MICHAEL KORS,Bolsa Tote Georgia Mujer,6990,4194,https://www.elpalaciodehierro.com/michael kors cartera jet set con monogram mujer 42264586.html?cid=102005,"MESES SIN INTERESES | MICHAEL KORS | Cartera Jet Set con monogram Mujer | $3,670.00"
El Palacio de Hierro,MICHAEL KORS,Bolsa Tote Jordi Monogram Mujer,9990,5994,https://www.elpalaciodehierro.com/michael kors cartera jet set dblzp wristlet 40749220.html?cid=102005,"MESES SIN INTERESES | MICHAEL KORS | CARTERA JET SET DBLZP WRISTLET | $3,670.00"
El Palacio de Hierro,MICHAEL KORS,Bolsa Tote Laila en piel Mujer,,6960,https://www.elpalaciodehierro.com/michael kors cartera monogram mujer 44607526.html?cid=102005,"MESES SIN INTERESES | MICHAEL KORS | Cartera monogram Mujer | $4,270.00"
El Palacio de Hierro,MICHAEL KORS,Bolsa Tote Laila monogram Mujer,,6960,https://www.elpalaciodehierro.com/michael kors cartera negra en piel jet set travel mujer 36666098.html?cid=102005,"MESES SIN INTERESES | MICHAEL KORS | Cartera negra en piel Jet Set Travel Mujer | $4,790.00 | $2,874.00"
El Palacio de Hierro,MICHAEL KORS,Bolsa Tote Laila Mujer,,6960,https://www.elpalaciodehierro.com/michael kors llavero colgante para bolso mujer 44634325.html?cid=102005,"MESES SIN INTERESES | MICHAEL KORS | Llavero colgante para bolso Mujer | $1,700.00 | $850.00"
El Palacio de Hierro,MICHAEL KORS,Bolsa Tote Monogram Mujer,,7010,https://www.elpalaciodehierro.com/michael kors mochila con monogram mujer 44624277.html?cid=102005,"MESES SIN INTERESES | MICHAEL KORS | Mochila con monogram Mujer | $9,710.00"
El Palacio de Hierro,MICHAEL KORS,Bolsa Tote Mujer,,6970,https://www.elpalaciodehierro.com/michael kors mochila moda lisa mujer 44624281.html?cid=102005,"MESES SIN INTERESES | MICHAEL KORS | Mochila moda lisa Mujer | $7,510.00 | $4,506.00"
El Palacio de Hierro,MICHAEL KORS,bolsa tote romee mujer,9670,4835,https://www.elpalaciodehierro.com/michael kors set 3 carteras mujer 44098379.html?cid=102005,"MESES SIN INTERESES | MICHAEL KORS | Set 3 Carteras Mujer | $6,390.00 | $3,834.00"
El Palacio de Hierro,MICHAEL KORS,Bolsa Tote Romee Mujer,9670,4835,https://www.elpalaciodehierro.com/michael kors tarjetero en piel liso mujer 44899102.html?cid=102005,"MESES SIN INTERESES | MICHAEL KORS | Tarjetero en Piel liso Mujer | $1,470.00"
El Palacio de Hierro,MICHAEL KORS,Bolsa Tote Taryn Monogram Mujer,7590,4554,https://www.elpalaciodehierro.com/mz wallace bolsa backpack astor negra mujer 44988518.html?cid=102005,"MZ WALLACE | Bolsa backpack Astor negra Mujer | $6,990.00 | $3,495.00"
El Palacio de Hierro,MICHAEL KORS,Bolsa Wristlet en piel granulada Mujer,,4270,https://www.elpalaciodehierro.com/mz wallace bolsa crossbody lisa mujer 44988509.html?cid=102005,"MZ WALLACE | Bolsa crossbody lisa Mujer | $3,490.00 | $1,745.00"
El Palacio de Hierro,MICHAEL KORS,Bolso Hobo en piel liso Mujer,,10790,https://www.elpalaciodehierro.com/mz wallace bolsa crossbody lisa mujer 44988510.html?cid=102005,"MZ WALLACE | Bolsa crossbody lisa Mujer | $3,990.00 | $1,995.00"
El Palacio de Hierro,MICHAEL KORS,Cartera beige Jet Set con monogram Mujer,,3670,https://www.elpalaciodehierro.com/mz wallace bolsa crossbody lisa mujer 44988514.html?cid=102005,"MZ WALLACE | Bolsa crossbody lisa Mujer | $6,490.00 | $3,245.00"
El Palacio de Hierro,MICHAEL KORS,Cartera beige Travel con monogram Mujer,,4530,https://www.elpalaciodehierro.com/mz wallace bolsa crossbody lock cafe lisa mujer 45163672.html?cid=102005,"MESES SIN INTERESES | MZ WALLACE | Bolsa crossbody Lock café lisa Mujer | $9,290.00 | $7,432.00"
El Palacio de Hierro,MICHAEL KORS,Cartera Bryant monogram Mujer,,3710,https://www.elpalaciodehierro.com/mz wallace bolsa crossbody lock large acolchada mujer 44988513.html?cid=102005,"MZ WALLACE | Bolsa Crossbody Lock Large acolchada Mujer | $6,990.00 | $3,495.00"
El Palacio de Hierro,MICHAEL KORS,Cartera con monogram Mujer,,3710,https://www.elpalaciodehierro.com/mz wallace bolsa crossbody mall metro lisa mujer 45163665.html?cid=102005,"MESES SIN INTERESES | MZ WALLACE | Bolsa crossbody Mall Metro lisa Mujer | $4,990.00 | $3,992.00"
El Palacio de Hierro,MICHAEL KORS,Cartera en piel granulada Mujer,,4530,https://www.elpalaciodehierro.com/mz wallace bolsa crossbody mini sienna morada mujer 44988516.html?cid=102005,"MZ WALLACE | Bolsa crossbody Mini Sienna morada Mujer | $3,990.00 | $1,995.00"
El Palacio de Hierro,MICHAEL KORS,Cartera en piel granulado Mujer,,3710,https://www.elpalaciodehierro.com/mz wallace bolsa shoulder grande metro lisa mujer 45163666.html?cid=102005,"MESES SIN INTERESES | MZ WALLACE | Bolsa shoulder grande Metro lisa Mujer | $5,250.00 | $4,200.00"
El Palacio de Hierro,MICHAEL KORS,Cartera en Piel lisa Mujer,,4530,https://www.elpalaciodehierro.com/mz wallace bolsa shoulder lisa mujer 44988517.html?cid=102005,"MZ WALLACE | Bolsa shoulder lisa Mujer | $6,990.00 | $3,495.00"
El Palacio de Hierro,MICHAEL KORS,Cartera en piel Mujer,,3670,https://www.elpalaciodehierro.com/mz wallace bolsa shoulder lisa mujer 44988519.html?cid=102005,"MZ WALLACE | Bolsa shoulder lisa Mujer | $6,650.00 | $3,325.00"
El Palacio de Hierro,MICHAEL KORS,Cartera Jet Set con monogram Mujer,,3670,https://www.elpalaciodehierro.com/mz wallace bolsa shoulder waverly lisa mujer 45163670.html?cid=102005,"MESES SIN INTERESES | MZ WALLACE | Bolsa shoulder Waverly lisa Mujer | $8,690.00 | $6,952.00"
El Palacio de Hierro,MICHAEL KORS,CARTERA JET SET DBLZP WRISTLET,,3670,https://www.elpalaciodehierro.com/mz wallace bolsa tote chica metro city azul lisa mujer 45163671.html?cid=102005,"MESES SIN INTERESES | MZ WALLACE | Bolsa tote chica Metro City azul lisa Mujer | $6,750.00 | $5,400.00"
El Palacio de Hierro,MICHAEL KORS,Cartera monogram Mujer,,4270,https://www.elpalaciodehierro.com/mz wallace bolsa tote grande metro travel lisa mujer 45163668.html?cid=102005,"MESES SIN INTERESES | MZ WALLACE | Bolsa tote grande Metro Travel lisa Mujer | $9,150.00 | $7,320.00"
El Palacio de Hierro,MICHAEL KORS,Cartera negra en piel Jet Set Travel Mujer,4790,2874,https://www.elpalaciodehierro.com/mz wallace bolsa tote grande metro travel negra lisa mujer 45163667.html?cid=102005,"MESES SIN INTERESES | MZ WALLACE | Bolsa tote grande Metro Travel negra lisa Mujer | $9,150.00 | $7,320.00"
El Palacio de Hierro,MICHAEL KORS,Llavero colgante para bolso Mujer,1700,850,https://www.elpalaciodehierro.com/mz wallace bolsa tote lisa mujer 44988504.html?cid=102005,"MZ WALLACE | Bolsa tote lisa Mujer | $6,990.00 | $3,495.00"
El Palacio de Hierro,MICHAEL KORS,Mochila con monogram Mujer,,9710,https://www.elpalaciodehierro.com/mz wallace bolsa tote mediana metro city lisa mujer 45163669.html?cid=102005,"MESES SIN INTERESES | MZ WALLACE | Bolsa tote mediana Metro City lisa Mujer | $7,390.00 | $5,912.00"
El Palacio de Hierro,MICHAEL KORS,Mochila moda lisa Mujer,7510,4506,https://www.elpalaciodehierro.com/mz wallace bolsa tote mediana metro deluxe azul lisa mujer 45163663.html?cid=102005,"MESES SIN INTERESES | MZ WALLACE | Bolsa tote mediana Metro Deluxe azul lisa Mujer | $7,390.00 | $5,912.00"
El Palacio de Hierro,MICHAEL KORS,Set 3 Carteras Mujer,6390,3834,https://www.elpalaciodehierro.com/mz wallace bolsa tote mediana metro deluxe rosa lisa mujer 45163664.html?cid=102005,"MESES SIN INTERESES | MZ WALLACE | Bolsa tote mediana Metro Deluxe rosa lisa Mujer | $7,390.00 | $5,912.00"
El Palacio de Hierro,MICHAEL KORS,Tarjetero en Piel liso Mujer,,1470,https://www.elpalaciodehierro.com/mz wallace bolsa tote medium metro city acolchada mujer 44988515.html?cid=102005,"MZ WALLACE | Bolsa Tote Medium Metro City acolchada Mujer | $6,990.00 | $3,495.00"
El Palacio de Hierro,MZ WALLACE,Bolsa backpack Astor negra Mujer,6990,3495,https://www.elpalaciodehierro.com/mz wallace bolsa tote medium metro deluxe acolchada mujer 44988505.html?cid=102005,"MZ WALLACE | Bolsa Tote Medium Metro Deluxe acolchada Mujer | $6,990.00 | $3,495.00"
El Palacio de Hierro,MZ WALLACE,Bolsa crossbody lisa Mujer,3490,1745,https://www.elpalaciodehierro.com/mz wallace bolsa tote mujer 44988507.html?cid=102005,"MZ WALLACE | Bolsa Tote Mujer | $6,990.00 | $3,495.00"
El Palacio de Hierro,MZ WALLACE,Bolsa crossbody lisa Mujer,3990,1995,https://www.elpalaciodehierro.com/naghedi bolsa bucket beige gramercy lisa mujer 45153788.html?cid=102005,"MESES SIN INTERESES | NAGHEDI | Bolsa bucket beige Gramercy lisa Mujer | $8,290.00"
El Palacio de Hierro,MZ WALLACE,Bolsa crossbody lisa Mujer,6490,3245,https://www.elpalaciodehierro.com/naghedi bolsa crossbody st. barths texturizado mujer 43900899.html?cid=102005,"MESES SIN INTERESES | NAGHEDI | Bolsa crossbody St. Barths Texturizado Mujer | $6,090.00"
El Palacio de Hierro,MZ WALLACE,Bolsa crossbody Lock café lisa Mujer,9290,7432,https://www.elpalaciodehierro.com/naghedi bolsa hobo azul nomad double weave lisa mujer 45153783.html?cid=102005,"MESES SIN INTERESES | NAGHEDI | Bolsa hobo azul Nomad Double Weave lisa Mujer | $10,290.00"
El Palacio de Hierro,MZ WALLACE,Bolsa Crossbody Lock Large acolchada Mujer,6990,3495,https://www.elpalaciodehierro.com/naghedi bolsa hobo nomad entrelazado mujer 44106099.html?cid=102005,"MESES SIN INTERESES | NAGHEDI | Bolsa hobo Nomad entrelazado Mujer | $7,490.00"
El Palacio de Hierro,MZ WALLACE,Bolsa crossbody Mall Metro lisa Mujer,4990,3992,https://www.elpalaciodehierro.com/naghedi bolsa tote azul shopper lisa unisex 45153786.html?cid=102005,"MESES SIN INTERESES | NAGHEDI | Bolsa tote azul Shopper lisa Unisex | $9,850.00"
El Palacio de Hierro,MZ WALLACE,Bolsa crossbody Mini Sienna morada Mujer,3990,1995,https://www.elpalaciodehierro.com/naghedi bolsa tote azul st. barth petit lisa mujer 45153782.html?cid=102005,"MESES SIN INTERESES | NAGHEDI | Bolsa tote azul St. Barth Petit lisa Mujer | $6,890.00"
El Palacio de Hierro,MZ WALLACE,Bolsa shoulder grande Metro lisa Mujer,5250,4200,https://www.elpalaciodehierro.com/naghedi bolsa tote beige jetsetter large lisa mujer 45153784.html?cid=102005,"MESES SIN INTERESES | NAGHEDI | Bolsa tote beige Jetsetter Large lisa Mujer | $11,250.00"
El Palacio de Hierro,MZ WALLACE,Bolsa shoulder lisa Mujer,6990,3495,https://www.elpalaciodehierro.com/naghedi bolsa tote cashmere st. barths texturizada mujer 43732278.html?cid=102005,"MESES SIN INTERESES | NAGHEDI | Bolsa tote cashmere St. Barths texturizada Mujer | $6,090.00"
El Palacio de Hierro,MZ WALLACE,Bolsa shoulder lisa Mujer,6650,3325,https://www.elpalaciodehierro.com/naghedi bolsa tote ink blue st. barths texturizada mujer 43732275.html?cid=102005,"MESES SIN INTERESES | NAGHEDI | Bolsa tote ink blue St. Barths texturizada Mujer | $6,090.00"
El Palacio de Hierro,MZ WALLACE,Bolsa shoulder Waverly lisa Mujer,8690,6952,https://www.elpalaciodehierro.com/naghedi bolsa tote negro jetsetter liso mujer 45153785.html?cid=102005,"MESES SIN INTERESES | NAGHEDI | Bolsa tote negro Jetsetter liso Mujer | $11,250.00"
El Palacio de Hierro,MZ WALLACE,Bolsa tote chica Metro City azul lisa Mujer,6750,5400,https://www.elpalaciodehierro.com/naghedi bolsa tote olivo st. barths mujer 44106093.html?cid=102005,"MESES SIN INTERESES | NAGHEDI | Bolsa Tote Olivo St. Barths Mujer | $6,090.00"
El Palacio de Hierro,MZ WALLACE,Bolsa tote grande Metro Travel lisa Mujer,9150,7320,https://www.elpalaciodehierro.com/naghedi bolsa tote onyx st. barths texturizada mujer 43732276.html?cid=102005,"MESES SIN INTERESES | NAGHEDI | Bolsa tote onyx St. Barths texturizada Mujer | $6,090.00"
El Palacio de Hierro,MZ WALLACE,Bolsa tote grande Metro Travel negra lisa Mujer,9150,7320,https://www.elpalaciodehierro.com/naghedi bolsa tote st. barths small texturizada mujer 44808971.html?cid=102005,"MESES SIN INTERESES | NAGHEDI | Bolsa Tote St. Barths Small texturizada Mujer | $6,090.00 | $4,263.00"
El Palacio de Hierro,MZ WALLACE,Bolsa tote lisa Mujer,6990,3495,https://www.elpalaciodehierro.com/naghedi bolsa tote st. barths texturizada mujer 43732283.html?cid=102005,"MESES SIN INTERESES | NAGHEDI | Bolsa tote St. Barths texturizada Mujer | $6,790.00"
El Palacio de Hierro,MZ WALLACE,Bolsa tote mediana Metro City lisa Mujer,7390,5912,https://www.elpalaciodehierro.com/naghedi bolsa tote st. barths texturizado mujer 43900900.html?cid=102005,"MESES SIN INTERESES | NAGHEDI | Bolsa tote St. Barths Texturizado Mujer | $6,790.00"
El Palacio de Hierro,MZ WALLACE,Bolsa tote mediana Metro Deluxe azul lisa Mujer,7390,5912,https://www.elpalaciodehierro.com/naghedi bolsa tote texturizada mujer 44808970.html?cid=102005,"MESES SIN INTERESES | NAGHEDI | Bolsa Tote texturizada Mujer | $6,090.00 | $4,263.00"
El Palacio de Hierro,MZ WALLACE,Bolsa tote mediana Metro Deluxe rosa lisa Mujer,7390,5912,https://www.elpalaciodehierro.com/naghedi bolso hobo nomad mujer 44106098.html?cid=102005,"MESES SIN INTERESES | NAGHEDI | Bolso Hobo Nomad Mujer | $7,490.00"
El Palacio de Hierro,MZ WALLACE,Bolsa Tote Medium Metro City acolchada Mujer,6990,3495,https://www.elpalaciodehierro.com/naghedi bolso tote st. barths mujer 43732281.html?cid=102005,"MESES SIN INTERESES | NAGHEDI | Bolso tote St. Barths Mujer | $6,790.00"
El Palacio de Hierro,MZ WALLACE,Bolsa Tote Medium Metro Deluxe acolchada Mujer,6990,3495,https://www.elpalaciodehierro.com/perry white bolsa clutch con cristales mujer 44894620.html?cid=102005,"PERRY WHITE | Bolsa Clutch con cristales Mujer | $2,499.00 | $1,249.50"
El Palacio de Hierro,MZ WALLACE,Bolsa Tote Mujer,6990,3495,https://www.elpalaciodehierro.com/perry white bolsa clutch con cristales mujer 44894623.html?cid=102005,"PERRY WHITE | Bolsa Clutch con cristales Mujer | $2,699.00 | $1,349.50"
El Palacio de Hierro,NAGHEDI,Bolsa bucket beige Gramercy lisa Mujer,,8290,https://www.elpalaciodehierro.com/perry white bolsa sobre con mono mujer 44888432.html?cid=102005,"PERRY WHITE | Bolsa Sobre con moño Mujer | $2,399.00 | $1,199.50"
El Palacio de Hierro,NAGHEDI,Bolsa crossbody St. Barths Texturizado Mujer,,6090,https://www.elpalaciodehierro.com/pineda covalin backpack con estampado mexico mujer 44438497.html?cid=102005,"MESES SIN INTERESES | PINEDA COVALIN | Backpack con estampado México Mujer | $4,990.00"
El Palacio de Hierro,NAGHEDI,Bolsa hobo azul Nomad Double Weave lisa Mujer,,10290,https://www.elpalaciodehierro.com/pineda covalin backpack nuuk colibri mujer 44639355.html?cid=102005,"MESES SIN INTERESES | PINEDA COVALIN | Backpack Nuuk Colibrí Mujer | $4,990.00"
El Palacio de Hierro,NAGHEDI,Bolsa hobo Nomad entrelazado Mujer,,7490,https://www.elpalaciodehierro.com/pineda covalin bolsa 44369558.html?cid=102005,"MESES SIN INTERESES | PINEDA COVALIN | Bolsa | $6,199.00"
El Palacio de Hierro,NAGHEDI,Bolsa tote azul Shopper lisa Unisex,,9850,https://www.elpalaciodehierro.com/pineda covalin bolsa backpack caritas sonrientes de veracruz mujer 44922124.html?cid=102005,"MESES SIN INTERESES | PINEDA COVALIN | Bolsa backpack Caritas Sonrientes de Veracruz Mujer | $4,990.00"
El Palacio de Hierro,NAGHEDI,Bolsa tote azul St. Barth Petit lisa Mujer,,6890,https://www.elpalaciodehierro.com/pineda covalin bolsa backpack colibri mujer 44639463.html?cid=102005,"MESES SIN INTERESES | PINEDA COVALIN | Bolsa Backpack Colibrí Mujer | $4,990.00"
El Palacio de Hierro,NAGHEDI,Bolsa tote beige Jetsetter Large lisa Mujer,,11250,https://www.elpalaciodehierro.com/pineda covalin bolsa backpack con estampado mujer 43907120.html?cid=102005,"MESES SIN INTERESES | PINEDA COVALIN | Bolsa Backpack con Estampado Mujer | $4,990.00"
El Palacio de Hierro,NAGHEDI,Bolsa tote cashmere St. Barths texturizada Mujer,,6090,https://www.elpalaciodehierro.com/pineda covalin bolsa backpack en piel mariposa mujer 44639468.html?cid=102005,"MESES SIN INTERESES | PINEDA COVALIN | Bolsa Backpack en Piel Mariposa Mujer | $8,429.00"
El Palacio de Hierro,NAGHEDI,Bolsa tote ink blue St. Barths texturizada Mujer,,6090,https://www.elpalaciodehierro.com/pineda covalin bolsa backpack guacamaya mujer 44922126.html?cid=102005,"MESES SIN INTERESES | PINEDA COVALIN | Bolsa backpack Guacamaya Mujer | $4,990.00"
El Palacio de Hierro,NAGHEDI,Bolsa tote negro Jetsetter liso Mujer,,11250,https://www.elpalaciodehierro.com/pineda covalin bolsa backpack multicolor dia de muertos con catrina mujer 44924159.html?cid=102005,"MESES SIN INTERESES | PINEDA COVALIN | Bolsa backpack multicolor Día de Muertos con Catrina Mujer | $4,990.00"
El Palacio de Hierro,NAGHEDI,Bolsa Tote Olivo St. Barths Mujer,,6090,https://www.elpalaciodehierro.com/pineda covalin bolsa clutch colibri multicolor estampada mujer 44633249.html?cid=102005,"MESES SIN INTERESES | PINEDA COVALIN | Bolsa clutch Colibri multicolor estampada Mujer | $3,499.00"
El Palacio de Hierro,NAGHEDI,Bolsa tote onyx St. Barths texturizada Mujer,,6090,https://www.elpalaciodehierro.com/pineda covalin bolsa clutch con estampado mascara de jade mujer 44094920.html?cid=102005,"MESES SIN INTERESES | PINEDA COVALIN | Bolsa Clutch con Estampado Máscara de Jade Mujer | $3,999.00"
El Palacio de Hierro,NAGHEDI,Bolsa Tote St. Barths Small texturizada Mujer,6090,4263,https://www.elpalaciodehierro.com/pineda covalin bolsa clutch en piel mariposa mujer 43088782.html?cid=102005,"MESES SIN INTERESES | PINEDA COVALIN | Bolsa Clutch en Piel Mariposa Mujer | $3,999.00"
El Palacio de Hierro,NAGHEDI,Bolsa tote St. Barths texturizada Mujer,,6790,https://www.elpalaciodehierro.com/pineda covalin bolsa clutch en piel rojo con morado torogoz estampada mujer 45032519.html?cid=102005,"MESES SIN INTERESES | PINEDA COVALIN | Bolsa clutch en piel rojo con morado Torogoz estampada Mujer | $3,929.00"
El Palacio de Hierro,NAGHEDI,Bolsa tote St. Barths Texturizado Mujer,,6790,https://www.elpalaciodehierro.com/pineda covalin bolsa clutch estampado mujer 40526477.html?cid=102005,"MESES SIN INTERESES | PINEDA COVALIN | Bolsa Clutch Estampado Mujer | $3,999.00"
El Palacio de Hierro,NAGHEDI,Bolsa Tote texturizada Mujer,6090,4263,https://www.elpalaciodehierro.com/pineda covalin bolsa clutch guacamaya mujer 44922129.html?cid=102005,"MESES SIN INTERESES | PINEDA COVALIN | Bolsa clutch Guacamaya Mujer | $3,499.00"
El Palacio de Hierro,NAGHEDI,Bolso Hobo Nomad Mujer,,7490,https://www.elpalaciodehierro.com/pineda covalin bolsa clutch multicolor en piel torogoz estampada mujer 45032518.html?cid=102005,"MESES SIN INTERESES | PINEDA COVALIN | Bolsa clutch multicolor en piel Torogoz estampada Mujer | $3,929.00"
El Palacio de Hierro,NAGHEDI,Bolso tote St. Barths Mujer,,6790,https://www.elpalaciodehierro.com/pineda covalin bolsa clutch rojo en piel con estampado de libelula mujer 43582929.html?cid=102005,"MESES SIN INTERESES | PINEDA COVALIN | Bolsa Clutch rojo en piel con estampado de libélula Mujer | $3,999.00"
El Palacio de Hierro,PERRY WHITE,Bolsa Clutch con cristales Mujer,2499,1249.5,https://www.elpalaciodehierro.com/pineda covalin bolsa clutch torogoz estampado mujer 45051481.html?cid=102005,"MESES SIN INTERESES | PINEDA COVALIN | Bolsa Clutch Torogoz estampado Mujer | $3,059.00"
El Palacio de Hierro,PERRY WHITE,Bolsa Clutch con cristales Mujer,2699,1349.5,https://www.elpalaciodehierro.com/pineda covalin bolsa crossbody azul marino kalan quetzalcoatl mujer 43907137.html?cid=102005,"MESES SIN INTERESES | PINEDA COVALIN | Bolsa crossbody azul marino Kalan Quetzalcoatl Mujer | $3,999.00"
El Palacio de Hierro,PERRY WHITE,Bolsa Sobre con moño Mujer,2399,1199.5,https://www.elpalaciodehierro.com/pineda covalin bolsa crossbody azul marino quetzalcoatl mujer 43907271.html?cid=102005,"MESES SIN INTERESES | PINEDA COVALIN | Bolsa crossbody azul marino Quetzalcoatl Mujer | $3,690.00"
El Palacio de Hierro,PINEDA COVALIN,Backpack con estampado México Mujer,,4990,https://www.elpalaciodehierro.com/pineda covalin bolsa crossbody blanco yaakun quetzalcoatl mujer 43907272.html?cid=102005,"MESES SIN INTERESES | PINEDA COVALIN | Bolsa crossbody blanco Yaakun Quetzalcoatl Mujer | $3,690.00"
El Palacio de Hierro,PINEDA COVALIN,Backpack Nuuk Colibrí Mujer,,4990,https://www.elpalaciodehierro.com/pineda covalin bolsa crossbody caritas sonrientes de veracruz mujer 44922133.html?cid=102005,"MESES SIN INTERESES | PINEDA COVALIN | Bolsa Crossbody Caritas Sonrientes de Veracruz Mujer | $3,690.00"
El Palacio de Hierro,PINEDA COVALIN,Bolsa,,6199,https://www.elpalaciodehierro.com/pineda covalin bolsa crossbody catrina mujer 44924160.html?cid=102005,"MESES SIN INTERESES | PINEDA COVALIN | Bolsa Crossbody Catrina Mujer | $3,999.00"
El Palacio de Hierro,PINEDA COVALIN,Bolsa backpack Caritas Sonrientes de Veracruz Mujer,,4990,https://www.elpalaciodehierro.com/pineda covalin bolsa crossbody con estampado quetzalcoatl mujer 44438493.html?cid=102005,"MESES SIN INTERESES | PINEDA COVALIN | Bolsa Crossbody con estampado Quetzalcóatl Mujer | $3,999.00"
El Palacio de Hierro,PINEDA COVALIN,Bolsa Backpack Colibrí Mujer,,4990,https://www.elpalaciodehierro.com/pineda covalin bolsa crossbody con mariposas mujer 40086980.html?cid=102005,"MESES SIN INTERESES | PINEDA COVALIN | Bolsa crossbody con mariposas Mujer | $3,999.00"
El Palacio de Hierro,PINEDA COVALIN,Bolsa Backpack con Estampado Mujer,,4990,https://www.elpalaciodehierro.com/pineda covalin bolsa crossbody estampado mujer 43157349.html?cid=102005,"MESES SIN INTERESES | PINEDA COVALIN | Bolsa Crossbody Estampado Mujer | $3,690.00"
El Palacio de Hierro,PINEDA COVALIN,Bolsa Backpack en Piel Mariposa Mujer,,8429,https://www.elpalaciodehierro.com/pineda covalin bolsa crossbody grabado en piel mujer 44639425.html?cid=102005,"MESES SIN INTERESES | PINEDA COVALIN | Bolsa Crossbody grabado en piel Mujer | $7,999.00"
El Palacio de Hierro,PINEDA COVALIN,Bolsa backpack Guacamaya Mujer,,4990,https://www.elpalaciodehierro.com/pineda covalin bolsa crossbody guacamaya mujer 44922131.html?cid=102005,"MESES SIN INTERESES | PINEDA COVALIN | Bolsa crossbody Guacamaya Mujer | $3,999.00"
El Palacio de Hierro,PINEDA COVALIN,Bolsa backpack multicolor Día de Muertos con Catrina Mujer,,4990,https://www.elpalaciodehierro.com/pineda covalin bolsa crossbody guacamaya mujer 44922136.html?cid=102005,"MESES SIN INTERESES | PINEDA COVALIN | Bolsa Crossbody Guacamaya Mujer | $3,690.00"
El Palacio de Hierro,PINEDA COVALIN,Bolsa clutch Colibri multicolor estampada Mujer,,3499,https://www.elpalaciodehierro.com/pineda covalin bolsa crossbody lila kalan quetzalcoatl mujer 43907165.html?cid=102005,"MESES SIN INTERESES | PINEDA COVALIN | Bolsa crossbody lila Kalan Quetzalcoatl Mujer | $3,999.00"
El Palacio de Hierro,PINEDA COVALIN,Bolsa Clutch con Estampado Máscara de Jade Mujer,,3999,https://www.elpalaciodehierro.com/pineda covalin bolsa crossbody mujer 42485037.html?cid=102005,"MESES SIN INTERESES | PINEDA COVALIN | Bolsa crossbody Mujer | $3,999.00"
El Palacio de Hierro,PINEDA COVALIN,Bolsa Clutch en Piel Mariposa Mujer,,3999,https://www.elpalaciodehierro.com/pineda covalin bolsa crossbody mujer 44076088.html?cid=102005,"MESES SIN INTERESES | PINEDA COVALIN | Bolsa Crossbody Mujer | $3,999.00"
El Palacio de Hierro,PINEDA COVALIN,Bolsa clutch en piel rojo con morado Torogoz estampada Mujer,,3929,https://www.elpalaciodehierro.com/pineda covalin bolsa crossbody negro quetzalcoatl mujer 43907277.html?cid=102005,"MESES SIN INTERESES | PINEDA COVALIN | Bolsa crossbody negro Quetzalcoatl Mujer | $3,690.00"
El Palacio de Hierro,PINEDA COVALIN,Bolsa Clutch Estampado Mujer,,3999,https://www.elpalaciodehierro.com/pineda covalin bolsa crossbody nikte mariposa mujer 44485786.html?cid=102005,"MESES SIN INTERESES | PINEDA COVALIN | Bolsa Crossbody Nikté Mariposa Mujer | $3,999.00"
El Palacio de Hierro,PINEDA COVALIN,Bolsa clutch Guacamaya Mujer,,3499,https://www.elpalaciodehierro.com/pineda covalin bolsa crossbody nikte quetzalcoatl mujer 44485780.html?cid=102005,"MESES SIN INTERESES | PINEDA COVALIN | Bolsa Crossbody Nikté Quetzalcóatl Mujer | $3,999.00"
El Palacio de Hierro,PINEDA COVALIN,Bolsa clutch multicolor en piel Torogoz estampada Mujer,,3929,https://www.elpalaciodehierro.com/pineda covalin bolsa crossbody paach grabado mariposa mujer 43153285.html?cid=102005,"MESES SIN INTERESES | PINEDA COVALIN | Bolsa crossbody Paach Grabado Mariposa Mujer | $4,999.00"
El Palacio de Hierro,PINEDA COVALIN,Bolsa Clutch rojo en piel con estampado de libélula Mujer,,3999,https://www.elpalaciodehierro.com/pineda covalin bolsa crossbody rosa kalan con mariposas mujer 43965788.html?cid=102005,"MESES SIN INTERESES | PINEDA COVALIN | Bolsa crossbody rosa Kalan con mariposas Mujer | $3,999.00"
El Palacio de Hierro,PINEDA COVALIN,Bolsa Clutch Torogoz estampado Mujer,,3059,https://www.elpalaciodehierro.com/pineda covalin bolsa crossbody rosa yaakun con mariposas mujer 43965800.html?cid=102005,"MESES SIN INTERESES | PINEDA COVALIN | Bolsa crossbody rosa Yaakun con mariposas Mujer | $3,690.00"
El Palacio de Hierro,PINEDA COVALIN,Bolsa crossbody azul marino Kalan Quetzalcoatl Mujer,,3999,https://www.elpalaciodehierro.com/pineda covalin bolsa messenger grabado mariposa mujer 44482376.html?cid=102005,"MESES SIN INTERESES | PINEDA COVALIN | Bolsa Messenger grabado mariposa Mujer | $4,199.00"
El Palacio de Hierro,PINEDA COVALIN,Bolsa crossbody azul marino Quetzalcoatl Mujer,,3690,https://www.elpalaciodehierro.com/pineda covalin bolsa satchel colibri mujer 44639348.html?cid=102005,"MESES SIN INTERESES | PINEDA COVALIN | Bolsa Satchel Colibrí Mujer | $6,319.00"
El Palacio de Hierro,PINEDA COVALIN,Bolsa crossbody blanco Yaakun Quetzalcoatl Mujer,,3690,https://www.elpalaciodehierro.com/pineda covalin bolsa satchel en piel yaab mariposa mujer 43242040.html?cid=102005,"MESES SIN INTERESES | PINEDA COVALIN | Bolsa satchel en piel Yaab Mariposa Mujer | $6,199.00"
El Palacio de Hierro,PINEDA COVALIN,Bolsa Crossbody Caritas Sonrientes de Veracruz Mujer,,3690,https://www.elpalaciodehierro.com/pineda covalin bolsa satchel en piel yaab santuario cactaceas mujer 43008495.html?cid=102005,"MESES SIN INTERESES | PINEDA COVALIN | Bolsa satchel en piel Yaab Santuario Cactaceas Mujer | $6,199.00"
El Palacio de Hierro,PINEDA COVALIN,Bolsa Crossbody Catrina Mujer,,3999,https://www.elpalaciodehierro.com/pineda covalin bolsa satchel fucsia kaxan quetzalcoatl mujer 43907208.html?cid=102005,"MESES SIN INTERESES | PINEDA COVALIN | Bolsa satchel fucsia Kaxan Quetzalcoatl Mujer | $6,319.00"
El Palacio de Hierro,PINEDA COVALIN,Bolsa Crossbody con estampado Quetzalcóatl Mujer,,3999,https://www.elpalaciodehierro.com/pineda covalin bolsa satchel kaxan con mariposas mujer 44639409.html?cid=102005,"MESES SIN INTERESES | PINEDA COVALIN | Bolsa Satchel Kaxan con Mariposas Mujer | $9,990.00"
El Palacio de Hierro,PINEDA COVALIN,Bolsa crossbody con mariposas Mujer,,3999,https://www.elpalaciodehierro.com/pineda covalin bolsa satchel multicolor kaxan quetzalcoatl mujer 43907193.html?cid=102005,"MESES SIN INTERESES | PINEDA COVALIN | Bolsa satchel multicolor Kaxan Quetzalcoatl Mujer | $6,319.00"
El Palacio de Hierro,PINEDA COVALIN,Bolsa Crossbody Estampado Mujer,,3690,https://www.elpalaciodehierro.com/pineda covalin bolsa satchel multicolor santuario cactaceas mujer 41063594.html?cid=102005,"MESES SIN INTERESES | PINEDA COVALIN | Bolsa Satchel multicolor Santuario Cactaceas Mujer | $6,199.00"
El Palacio de Hierro,PINEDA COVALIN,Bolsa Crossbody grabado en piel Mujer,,7999,https://www.elpalaciodehierro.com/pineda covalin bolsa satchel negro con rojo kaxan quetzalcoatl mujer 43907229.html?cid=102005,"MESES SIN INTERESES | PINEDA COVALIN | Bolsa satchel negro con rojo Kaxan Quetzalcoatl Mujer | $6,319.00"
El Palacio de Hierro,PINEDA COVALIN,Bolsa crossbody Guacamaya Mujer,,3999,https://www.elpalaciodehierro.com/pineda covalin bolsa tote caritas sonrientes de veracruz mujer 44922144.html?cid=102005,"MESES SIN INTERESES | PINEDA COVALIN | Bolsa Tote Caritas Sonrientes de Veracruz Mujer | $4,599.00"
El Palacio de Hierro,PINEDA COVALIN,Bolsa Crossbody Guacamaya Mujer,,3690,https://www.elpalaciodehierro.com/pineda covalin bolsa tote caritas sonrientes veracruz mujer 44922141.html?cid=102005,"MESES SIN INTERESES | PINEDA COVALIN | Bolsa Tote Caritas Sonrientes Veracruz Mujer | $4,990.00"
El Palacio de Hierro,PINEDA COVALIN,Bolsa crossbody lila Kalan Quetzalcoatl Mujer,,3999,https://www.elpalaciodehierro.com/pineda covalin bolsa tote dia de muerto catrina mujer 44924162.html?cid=102005,"MESES SIN INTERESES | PINEDA COVALIN | Bolsa Tote Día de Muerto Catrina Mujer | $6,319.00"
El Palacio de Hierro,PINEDA COVALIN,Bolsa crossbody Mujer,,3999,https://www.elpalaciodehierro.com/pineda covalin bolsa tote dia de muertos catrina mujer 44924163.html?cid=102005,"MESES SIN INTERESES | PINEDA COVALIN | Bolsa Tote Día de Muertos Catrina Mujer | $4,990.00"
El Palacio de Hierro,PINEDA COVALIN,Bolsa Crossbody Mujer,,3999,https://www.elpalaciodehierro.com/pineda covalin bolsa tote en piel xunaan con mariposas mujer 44470618.html?cid=102005,"MESES SIN INTERESES | PINEDA COVALIN | Bolsa Tote en piel Xunaan con mariposas Mujer | $8,490.00"
El Palacio de Hierro,PINEDA COVALIN,Bolsa crossbody negro Quetzalcoatl Mujer,,3690,https://www.elpalaciodehierro.com/pineda covalin bolsa tote estampada mujer 44405969.html?cid=102005,"MESES SIN INTERESES | PINEDA COVALIN | Bolsa Tote estampada Mujer | $4,599.00"
El Palacio de Hierro,PINEDA COVALIN,Bolsa Crossbody Nikté Mariposa Mujer,,3999,https://www.elpalaciodehierro.com/pineda covalin bolsa tote estampada mujer 44405972.html?cid=102005,"MESES SIN INTERESES | PINEDA COVALIN | Bolsa Tote Estampada Mujer | $4,599.00"
El Palacio de Hierro,PINEDA COVALIN,Bolsa Crossbody Nikté Quetzalcóatl Mujer,,3999,https://www.elpalaciodehierro.com/pineda covalin bolsa tote guacamaya mujer 44922146.html?cid=102005,"MESES SIN INTERESES | PINEDA COVALIN | Bolsa Tote Guacamaya Mujer | $4,599.00"
El Palacio de Hierro,PINEDA COVALIN,Bolsa crossbody Paach Grabado Mariposa Mujer,,4999,https://www.elpalaciodehierro.com/pineda covalin bolsa tote kiin con mariposas mujer 44639406.html?cid=102005,"MESES SIN INTERESES | PINEDA COVALIN | Bolsa Tote Kiin con Mariposas Mujer | $9,599.00"
El Palacio de Hierro,PINEDA COVALIN,Bolsa crossbody rosa Kalan con mariposas Mujer,,3999,https://www.elpalaciodehierro.com/pineda covalin bolsa tote kuuch con mariposas mujer 44639400.html?cid=102005,"MESES SIN INTERESES | PINEDA COVALIN | Bolsa Tote Kuuch con Mariposas Mujer | $8,659.00"
El Palacio de Hierro,PINEDA COVALIN,Bolsa crossbody rosa Yaakun con mariposas Mujer,,3690,https://www.elpalaciodehierro.com/pineda covalin bolsa tote mujer 42456287.html?cid=102005,"MESES SIN INTERESES | PINEDA COVALIN | Bolsa tote Mujer | $4,990.00"
El Palacio de Hierro,PINEDA COVALIN,Bolsa Messenger grabado mariposa Mujer,,4199,https://www.elpalaciodehierro.com/pineda covalin bolsa tote multicolor kiin quetzalcoatl mujer 43907113.html?cid=102005,"MESES SIN INTERESES | PINEDA COVALIN | Bolsa tote multicolor K iin Quetzalcóatl Mujer | $4,990.00"
El Palacio de Hierro,PINEDA COVALIN,Bolsa Satchel Colibrí Mujer,,6319,https://www.elpalaciodehierro.com/pineda covalin bolsa tote multicolor kuuch quetzalcoatl mujer 43907121.html?cid=102005,"MESES SIN INTERESES | PINEDA COVALIN | Bolsa tote multicolor Kuuch Quetzalcoatl Mujer | $4,599.00"
El Palacio de Hierro,PINEDA COVALIN,Bolsa satchel en piel Yaab Mariposa Mujer,,6199,https://www.elpalaciodehierro.com/pineda covalin bolsa wristlet cempasuchil mujer 44924244.html?cid=102005,"MESES SIN INTERESES | PINEDA COVALIN | Bolsa Wristlet Cempasúchil Mujer | $2,990.00"
El Palacio de Hierro,PINEDA COVALIN,Bolsa satchel en piel Yaab Santuario Cactaceas Mujer,,6199,https://www.elpalaciodehierro.com/pineda covalin bolsa wristlet fucsia quetzalcoatl mujer 43907253.html?cid=102005,"MESES SIN INTERESES | PINEDA COVALIN | Bolsa wristlet fucsia Quetzalcóatl Mujer | $2,990.00"
El Palacio de Hierro,PINEDA COVALIN,Bolsa satchel fucsia Kaxan Quetzalcoatl Mujer,,6319,https://www.elpalaciodehierro.com/pineda covalin bolsa wristlet lila quetzalcoatl mujer 43907254.html?cid=102005,"MESES SIN INTERESES | PINEDA COVALIN | Bolsa wristlet lila Quetzalcóatl Mujer | $2,990.00"
El Palacio de Hierro,PINEDA COVALIN,Bolsa Satchel Kaxan con Mariposas Mujer,,9990,https://www.elpalaciodehierro.com/pineda covalin bolsa wristlet mujer 44922152.html?cid=102005,"MESES SIN INTERESES | PINEDA COVALIN | Bolsa Wristlet Mujer | $2,990.00"
El Palacio de Hierro,PINEDA COVALIN,Bolsa satchel multicolor Kaxan Quetzalcoatl Mujer,,6319,https://www.elpalaciodehierro.com/pineda covalin bolso clutch azul en piel hook estampado mujer 43182672.html?cid=102005,"MESES SIN INTERESES | PINEDA COVALIN | Bolso clutch Azul en piel Hook estampado Mujer | $3,999.00"
El Palacio de Hierro,PINEDA COVALIN,Bolsa Satchel multicolor Santuario Cactaceas Mujer,,6199,https://www.elpalaciodehierro.com/pineda covalin bolso crossbody dorado kalan con mariposas mujer 43965789.html?cid=102005,"MESES SIN INTERESES | PINEDA COVALIN | Bolso crossbody dorado Kalan con mariposas Mujer | $3,999.00"
El Palacio de Hierro,PINEDA COVALIN,Bolsa satchel negro con rojo Kaxan Quetzalcoatl Mujer,,6319,https://www.elpalaciodehierro.com/pineda covalin bolso crossbody fucsia kalan quetzalcoatl mujer 43907152.html?cid=102005,"MESES SIN INTERESES | PINEDA COVALIN | Bolso crossbody fucsia Kalan Quetzalcóatl Mujer | $3,999.00"
El Palacio de Hierro,PINEDA COVALIN,Bolsa Tote Caritas Sonrientes de Veracruz Mujer,,4599,https://www.elpalaciodehierro.com/pineda covalin bolso crossbody multicolor kalan quetzalcoatl mujer 43907123.html?cid=102005,"MESES SIN INTERESES | PINEDA COVALIN | Bolso crossbody multicolor Kalan Quetzalcóatl Mujer | $3,999.00"
El Palacio de Hierro,PINEDA COVALIN,Bolsa Tote Caritas Sonrientes Veracruz Mujer,,4990,https://www.elpalaciodehierro.com/pineda covalin bolso satchel en piel con flores mujer 42653544.html?cid=102005,"MESES SIN INTERESES | PINEDA COVALIN | Bolso Satchel en Piel con Flores Mujer | $6,199.00"
El Palacio de Hierro,PINEDA COVALIN,Bolsa Tote Día de Muerto Catrina Mujer,,6319,https://www.elpalaciodehierro.com/pineda covalin bolso tote fucsia kiin quetzalcoatl mujer 43907115.html?cid=102005,"MESES SIN INTERESES | PINEDA COVALIN | Bolso tote fucsia K iin Quetzalcóatl Mujer | $4,990.00"
El Palacio de Hierro,PINEDA COVALIN,Bolsa Tote Día de Muertos Catrina Mujer,,4990,https://www.elpalaciodehierro.com/pineda covalin bolso tote grabado mujer 43965786.html?cid=102005,"MESES SIN INTERESES | PINEDA COVALIN | Bolso Tote grabado Mujer | $4,990.00"
El Palacio de Hierro,PINEDA COVALIN,Bolsa Tote en piel Xunaan con mariposas Mujer,,8490,https://www.elpalaciodehierro.com/pineda covalin bolso tote negro con rojo kiin quetzalcoatl mujer 43907117.html?cid=102005,"MESES SIN INTERESES | PINEDA COVALIN | Bolso tote negro con rojo K iin Quetzalcóatl Mujer | $4,990.00"
El Palacio de Hierro,PINEDA COVALIN,Bolsa Tote estampada Mujer,,4599,https://www.elpalaciodehierro.com/pineda covalin bolso wristlet multifuncional rosa tsool con mariposas mujer 43965793.html?cid=102005,"MESES SIN INTERESES | PINEDA COVALIN | Bolso wristlet multifuncional rosa Tsool con mariposas Mujer | $2,990.00"
El Palacio de Hierro,PINEDA COVALIN,Bolsa Tote Estampada Mujer,,4599,https://www.elpalaciodehierro.com/pineda covalin cartera azul marino con colibries mujer 44633225.html?cid=102005,"MESES SIN INTERESES | PINEDA COVALIN | Cartera azul marino con colibríes Mujer | $1,999.00"
El Palacio de Hierro,PINEDA COVALIN,Bolsa Tote Guacamaya Mujer,,4599,https://www.elpalaciodehierro.com/pineda covalin cartera caritas sonrientes de veracruz mujer 44922098.html?cid=102005,"MESES SIN INTERESES | PINEDA COVALIN | Cartera Caritas Sonrientes de Veracruz Mujer | $1,999.00"
El Palacio de Hierro,PINEDA COVALIN,Bolsa Tote Kiin con Mariposas Mujer,,9599,https://www.elpalaciodehierro.com/pineda covalin cartera caritas sonrientes de veracruz mujer 44922101.html?cid=102005,"MESES SIN INTERESES | PINEDA COVALIN | Cartera Caritas Sonrientes de Veracruz Mujer | $2,999.00"
El Palacio de Hierro,PINEDA COVALIN,Bolsa Tote Kuuch con Mariposas Mujer,,8659,https://www.elpalaciodehierro.com/pineda covalin cartera caritas sonrientes de veracruz multicolor mujer 44922103.html?cid=102005,"MESES SIN INTERESES | PINEDA COVALIN | Cartera Caritas Sonrientes de Veracruz multicolor Mujer | $2,999.00"
El Palacio de Hierro,PINEDA COVALIN,Bolsa tote Mujer,,4990,https://www.elpalaciodehierro.com/pineda covalin cartera caritas sonrientes veracruz mujer 44599907.html?cid=102005,"MESES SIN INTERESES | PINEDA COVALIN | Cartera Caritas Sonrientes Veracruz Mujer | $2,569.00"
El Palacio de Hierro,PINEDA COVALIN,Bolsa tote multicolor K iin Quetzalcóatl Mujer,,4990,https://www.elpalaciodehierro.com/pineda covalin cartera con mariposa monarca mujer 44032996.html?cid=102005,"MESES SIN INTERESES | PINEDA COVALIN | Cartera con mariposa monarca Mujer | $1,999.00"
El Palacio de Hierro,PINEDA COVALIN,Bolsa tote multicolor Kuuch Quetzalcoatl Mujer,,4599,https://www.elpalaciodehierro.com/pineda covalin cartera dia de muertos catrina mujer 44924154.html?cid=102005,"MESES SIN INTERESES | PINEDA COVALIN | Cartera Día de Muertos Catrina Mujer | $1,999.00"
El Palacio de Hierro,PINEDA COVALIN,Bolsa Wristlet Cempasúchil Mujer,,2990,https://www.elpalaciodehierro.com/pineda covalin cartera dia de muertos catrina mujer 44924156.html?cid=102005,"MESES SIN INTERESES | PINEDA COVALIN | Cartera Día de Muertos Catrina Mujer | $2,499.00"
El Palacio de Hierro,PINEDA COVALIN,Bolsa wristlet fucsia Quetzalcóatl Mujer,,2990,https://www.elpalaciodehierro.com/pineda covalin cartera en piel mujer 44633209.html?cid=102005,"MESES SIN INTERESES | PINEDA COVALIN | Cartera en piel Mujer | $3,499.00"
El Palacio de Hierro,PINEDA COVALIN,Bolsa wristlet lila Quetzalcóatl Mujer,,2990,https://www.elpalaciodehierro.com/pineda covalin cartera estampada de mariposa macro pride mujer 44758370.html?cid=102005,"MESES SIN INTERESES | PINEDA COVALIN | Cartera Estampada de Mariposa Macro Pride Mujer | $2,499.00"
El Palacio de Hierro,PINEDA COVALIN,Bolsa Wristlet Mujer,,2990,https://www.elpalaciodehierro.com/pineda covalin cartera fucsia caritas sonrientes de veracruz mujer 44922108.html?cid=102005,"MESES SIN INTERESES | PINEDA COVALIN | Cartera fucsia Caritas Sonrientes de Veracruz Mujer | $2,499.00"
El Palacio de Hierro,PINEDA COVALIN,Bolso clutch Azul en piel Hook estampado Mujer,,3999,https://www.elpalaciodehierro.com/pineda covalin cartera fucsia dia de muertos catrina estampada mujer 45093395.html?cid=102005,"MESES SIN INTERESES | PINEDA COVALIN | Cartera fucsia Día de Muertos Catrina estampada Mujer | $1,999.00"
El Palacio de Hierro,PINEDA COVALIN,Bolso crossbody dorado Kalan con mariposas Mujer,,3999,https://www.elpalaciodehierro.com/pineda covalin cartera grabado mariposa mujer 43153292.html?cid=102005,"MESES SIN INTERESES | PINEDA COVALIN | Cartera Grabado Mariposa Mujer | $2,499.00"
El Palacio de Hierro,PINEDA COVALIN,Bolso crossbody fucsia Kalan Quetzalcóatl Mujer,,3999,https://www.elpalaciodehierro.com/pineda covalin cartera guacamaya mujer 44922097.html?cid=102005,"MESES SIN INTERESES | PINEDA COVALIN | Cartera Guacamaya Mujer | $1,999.00"
El Palacio de Hierro,PINEDA COVALIN,Bolso crossbody multicolor Kalan Quetzalcóatl Mujer,,3999,https://www.elpalaciodehierro.com/pineda covalin cartera guacamaya multicolor mujer 44922105.html?cid=102005,"MESES SIN INTERESES | PINEDA COVALIN | Cartera Guacamaya multicolor Mujer | $2,999.00"
El Palacio de Hierro,PINEDA COVALIN,Bolso Satchel en Piel con Flores Mujer,,6199,https://www.elpalaciodehierro.com/pineda covalin cartera mariposa macro pride mujer 44758368.html?cid=102005,"MESES SIN INTERESES | PINEDA COVALIN | Cartera Mariposa Macro Pride Mujer | $1,999.00"
El Palacio de Hierro,PINEDA COVALIN,Bolso tote fucsia K iin Quetzalcóatl Mujer,,4990,https://www.elpalaciodehierro.com/pineda covalin cartera mariposa mujer 43965814.html?cid=102005,"MESES SIN INTERESES | PINEDA COVALIN | Cartera Mariposa Mujer | $2,499.00"
El Palacio de Hierro,PINEDA COVALIN,Bolso Tote grabado Mujer,,4990,https://www.elpalaciodehierro.com/pineda covalin cartera mazorca mujer 43873365.html?cid=102005,"MESES SIN INTERESES | PINEDA COVALIN | Cartera Mazorca Mujer | $2,569.00"
El Palacio de Hierro,PINEDA COVALIN,Bolso tote negro con rojo K iin Quetzalcóatl Mujer,,4990,https://www.elpalaciodehierro.com/pineda covalin cartera morada cempasuchil ofrenda estampada mujer 45093392.html?cid=102005,"MESES SIN INTERESES | PINEDA COVALIN | Cartera morada Cempasúchil Ofrenda estampada Mujer | $1,999.00"
El Palacio de Hierro,PINEDA COVALIN,Bolso wristlet multifuncional rosa Tsool con mariposas Mujer,,2990,https://www.elpalaciodehierro.com/pineda covalin cartera morada con guacamaya mujer 44922110.html?cid=102005,"MESES SIN INTERESES | PINEDA COVALIN | Cartera morada con Guacamaya Mujer | $2,499.00"
El Palacio de Hierro,PINEDA COVALIN,Cartera azul marino con colibríes Mujer,,1999,https://www.elpalaciodehierro.com/pineda covalin cartera mujer 41939095.html?cid=102005,"PINEDA COVALIN | Cartera Mujer | $2,190.00"
El Palacio de Hierro,PINEDA COVALIN,Cartera Caritas Sonrientes de Veracruz Mujer,,1999,https://www.elpalaciodehierro.com/pineda covalin cartera multicolor cempasuchil ofrenda estampada mujer 45093393.html?cid=102005,"MESES SIN INTERESES | PINEDA COVALIN | Cartera multicolor Cempasúchil Ofrenda estampada Mujer | $1,999.00"
El Palacio de Hierro,PINEDA COVALIN,Cartera Caritas Sonrientes de Veracruz Mujer,,2999,https://www.elpalaciodehierro.com/pineda covalin cartera multicolor con guacamaya mujer 44922111.html?cid=102005,"MESES SIN INTERESES | PINEDA COVALIN | Cartera multicolor con Guacamaya Mujer | $2,499.00"
El Palacio de Hierro,PINEDA COVALIN,Cartera Caritas Sonrientes de Veracruz multicolor Mujer,,2999,https://www.elpalaciodehierro.com/pineda covalin cartera multicolor con suculentas mujer 40041030.html?cid=102005,"MESES SIN INTERESES | PINEDA COVALIN | Cartera multicolor con suculentas Mujer | $2,569.00"
El Palacio de Hierro,PINEDA COVALIN,Cartera Caritas Sonrientes Veracruz Mujer,,2569,https://www.elpalaciodehierro.com/pineda covalin cartera negra con rosa y colibries mujer 44633224.html?cid=102005,"MESES SIN INTERESES | PINEDA COVALIN | Cartera negra con rosa y colibríes Mujer | $1,999.00"
El Palacio de Hierro,PINEDA COVALIN,Cartera con mariposa monarca Mujer,,1999,https://www.elpalaciodehierro.com/pineda covalin cartera negro con azul dia de muertos catrina lisa mujer 45093397.html?cid=102005,"MESES SIN INTERESES | PINEDA COVALIN | Cartera negro con azul Día de Muertos Catrina lisa Mujer | $1,999.00"
El Palacio de Hierro,PINEDA COVALIN,Cartera Día de Muertos Catrina Mujer,,1999,https://www.elpalaciodehierro.com/pineda covalin cartera quetzalcoatl mujer 43907291.html?cid=102005,"MESES SIN INTERESES | PINEDA COVALIN | Cartera Quetzalcoatl Mujer | $1,999.00"
El Palacio de Hierro,PINEDA COVALIN,Cartera Día de Muertos Catrina Mujer,,2499,https://www.elpalaciodehierro.com/pineda covalin cartera quetzalcoatl mujer 43907305.html?cid=102005,"MESES SIN INTERESES | PINEDA COVALIN | Cartera Quetzalcoatl Mujer | $2,499.00"
El Palacio de Hierro,PINEDA COVALIN,Cartera en piel Mujer,,3499,https://www.elpalaciodehierro.com/pineda covalin cartera quetzalcoatl mujer 43907317.html?cid=102005,"MESES SIN INTERESES | PINEDA COVALIN | Cartera Quetzalcoatl Mujer | $2,999.00"
El Palacio de Hierro,PINEDA COVALIN,Cartera Estampada de Mariposa Macro Pride Mujer,,2499,https://www.elpalaciodehierro.com/pineda covalin cartera roja cempasuchil ofrenda estampada mujer 45093394.html?cid=102005,"MESES SIN INTERESES | PINEDA COVALIN | Cartera roja Cempasúchil Ofrenda estampada Mujer | $1,999.00"
El Palacio de Hierro,PINEDA COVALIN,Cartera fucsia Caritas Sonrientes de Veracruz Mujer,,2499,https://www.elpalaciodehierro.com/pineda covalin cartera roja con azul dia de muertos catrina estampada mujer 45093398.html?cid=102005,"MESES SIN INTERESES | PINEDA COVALIN | Cartera roja con azul Día de Muertos Catrina estampada Mujer | $1,999.00"
El Palacio de Hierro,PINEDA COVALIN,Cartera fucsia Día de Muertos Catrina estampada Mujer,,1999,https://www.elpalaciodehierro.com/pineda covalin cosmetiquera estampada caritas sonrientes de veracruz mujer 44922121.html?cid=102005,"MESES SIN INTERESES | PINEDA COVALIN | Cosmetiquera Estampada Caritas Sonrientes de Veracruz Mujer | $2,290.00"
El Palacio de Hierro,PINEDA COVALIN,Cartera Grabado Mariposa Mujer,,2499,https://www.elpalaciodehierro.com/pineda covalin cosmetiquera piix con mariposas mujer 44639384.html?cid=102005,"MESES SIN INTERESES | PINEDA COVALIN | Cosmetiquera Piix con Mariposas Mujer | $2,990.00"
El Palacio de Hierro,PINEDA COVALIN,Cartera Guacamaya Mujer,,1999,https://www.elpalaciodehierro.com/pineda covalin cosmetiquera quetzalcoatl estampada mujer 45080905.html?cid=102005,"MESES SIN INTERESES | PINEDA COVALIN | Cosmetiquera Quetzalcóatl estampada Mujer | $1,790.00"
El Palacio de Hierro,PINEDA COVALIN,Cartera Guacamaya multicolor Mujer,,2999,https://www.elpalaciodehierro.com/pineda covalin tarjetero con estampado cempasuchil mujer 45093432.html?cid=102005,"MESES SIN INTERESES | PINEDA COVALIN | Tarjetero con estampado Cempasúchil Mujer | $1,290.00"
El Palacio de Hierro,PINEDA COVALIN,Cartera Mariposa Macro Pride Mujer,,1999,https://www.elpalaciodehierro.com/pineda covalin tarjetero con estampado dia de muertos catrina mujer 45093428.html?cid=102005,"MESES SIN INTERESES | PINEDA COVALIN | Tarjetero con estampado Día de Muertos Catrina Mujer | $1,290.00"
El Palacio de Hierro,PINEDA COVALIN,Cartera Mariposa Mujer,,2499,https://www.elpalaciodehierro.com/rabanne bolsa crossbody lisa mujer 45080963.html?cid=102005,"NUEVA TEMPORADA | RABANNE | Bolsa crossbody lisa Mujer | $32,900.00 | $23,030.00"
El Palacio de Hierro,PINEDA COVALIN,Cartera Mazorca Mujer,,2569,https://www.elpalaciodehierro.com/rabanne bolsa reversible shoulder lisa mujer 45077269.html?cid=102005,"NUEVA TEMPORADA | RABANNE | Bolsa reversible shoulder lisa Mujer | $43,900.00 | $30,730.00"
El Palacio de Hierro,PINEDA COVALIN,Cartera morada Cempasúchil Ofrenda estampada Mujer,,1999,https://www.elpalaciodehierro.com/rabanne bolsa reversible shoulder lisa mujer 45077271.html?cid=102005,"NUEVA TEMPORADA | RABANNE | Bolsa reversible shoulder lisa Mujer | $43,700.00 | $30,590.00"
El Palacio de Hierro,PINEDA COVALIN,Cartera morada con Guacamaya Mujer,,2499,https://www.elpalaciodehierro.com/rabanne bolsa shoulder lisa mujer 45080961.html?cid=102005,"NUEVA TEMPORADA | RABANNE | Bolsa shoulder lisa Mujer | $46,100.00 | $32,270.00"
El Palacio de Hierro,PINEDA COVALIN,Cartera Mujer,,2190,https://www.elpalaciodehierro.com/rabanne bolsa shoulder lisa mujer 45080965.html?cid=102005,"NUEVA TEMPORADA | RABANNE | Bolsa shoulder lisa Mujer | $35,600.00 | $28,480.00"
El Palacio de Hierro,PINEDA COVALIN,Cartera multicolor Cempasúchil Ofrenda estampada Mujer,,1999,https://www.elpalaciodehierro.com/rag bone bolsa bucket en piel parker lisa mujer 45051498.html?cid=102005,"MESES SIN INTERESES | RAG & BONE | Bolsa bucket en piel Parker lisa Mujer | $7,590.00"
El Palacio de Hierro,PINEDA COVALIN,Cartera multicolor con Guacamaya Mujer,,2499,https://www.elpalaciodehierro.com/rag bone bolsa crossbody alix en piel mujer 45051507.html?cid=102005,"MESES SIN INTERESES | RAG & BONE | Bolsa crossbody Alix en piel Mujer | $6,390.00"
El Palacio de Hierro,PINEDA COVALIN,Cartera multicolor con suculentas Mujer,,2569,https://www.elpalaciodehierro.com/rag bone bolsa crossbody en piel chelsea animal skin mujer 45051506.html?cid=102005,"MESES SIN INTERESES | RAG & BONE | Bolsa crossbody en piel Chelsea animal skin Mujer | $8,490.00"
El Palacio de Hierro,PINEDA COVALIN,Cartera negra con rosa y colibríes Mujer,,1999,https://www.elpalaciodehierro.com/rag bone bolsa crossbody en piel chelsea lisa mujer 45051500.html?cid=102005,"MESES SIN INTERESES | RAG & BONE | Bolsa crossbody en piel Chelsea lisa Mujer | $8,490.00"
El Palacio de Hierro,PINEDA COVALIN,Cartera negro con azul Día de Muertos Catrina lisa Mujer,,1999,https://www.elpalaciodehierro.com/rag bone bolsa crossbody lisa mujer 45258729.html?cid=102005,"MESES SIN INTERESES | RAG & BONE | Bolsa crossbody lisa Mujer | $9,790.00"
El Palacio de Hierro,PINEDA COVALIN,Cartera Quetzalcoatl Mujer,,1999,https://www.elpalaciodehierro.com/rag bone bolsa crossbody negra en piel alix lisa mujer 45051492.html?cid=102005,"MESES SIN INTERESES | RAG & BONE | Bolsa crossbody negra en piel Alix lisa Mujer | $6,390.00"
El Palacio de Hierro,PINEDA COVALIN,Cartera Quetzalcoatl Mujer,,2499,https://www.elpalaciodehierro.com/rag bone bolsa crossbody negra en piel realm lisa mujer 45051490.html?cid=102005,"MESES SIN INTERESES | RAG & BONE | Bolsa crossbody negra en piel Realm lisa Mujer | $6,390.00"
El Palacio de Hierro,PINEDA COVALIN,Cartera Quetzalcoatl Mujer,,2999,https://www.elpalaciodehierro.com/rag bone bolsa hobo en piel mercer animal skin mujer 45051505.html?cid=102005,"MESES SIN INTERESES | RAG & BONE | Bolsa hobo en piel Mercer animal skin Mujer | $9,790.00"
El Palacio de Hierro,PINEDA COVALIN,Cartera roja Cempasúchil Ofrenda estampada Mujer,,1999,https://www.elpalaciodehierro.com/rag bone bolsa hobo en piel mercer lisa mujer 45051494.html?cid=102005,"MESES SIN INTERESES | RAG & BONE | Bolsa hobo en piel Mercer lisa Mujer | $9,790.00"
El Palacio de Hierro,PINEDA COVALIN,Cartera roja con azul Día de Muertos Catrina estampada Mujer,,1999,https://www.elpalaciodehierro.com/rag bone bolsa hobo hudson granulada mujer 45051496.html?cid=102005,"MESES SIN INTERESES | RAG & BONE | Bolsa hobo Hudson granulada Mujer | $7,590.00"
El Palacio de Hierro,PINEDA COVALIN,Cosmetiquera Estampada Caritas Sonrientes de Veracruz Mujer,,2290,https://www.elpalaciodehierro.com/rag bone bolsa hobo lisa mujer 45258749.html?cid=102005,"MESES SIN INTERESES | RAG & BONE | Bolsa Hobo lisa Mujer | $7,590.00"
El Palacio de Hierro,PINEDA COVALIN,Cosmetiquera Piix con Mariposas Mujer,,2990,https://www.elpalaciodehierro.com/rag bone bolsa hobo negra en piel hudson lisa mujer 45051495.html?cid=102005,"MESES SIN INTERESES | RAG & BONE | Bolsa hobo negra en piel Hudson lisa Mujer | $7,590.00"
El Palacio de Hierro,PINEDA COVALIN,Cosmetiquera Quetzalcóatl estampada Mujer,,1790,https://www.elpalaciodehierro.com/rag bone bolsa satchel granulada mujer 45051502.html?cid=102005,"MESES SIN INTERESES | RAG & BONE | Bolsa satchel granulada Mujer | $7,590.00"
El Palacio de Hierro,PINEDA COVALIN,Tarjetero con estampado Cempasúchil Mujer,,1290,https://www.elpalaciodehierro.com/rag bone bolsa satchel granulada mujer 45051504.html?cid=102005,"MESES SIN INTERESES | RAG & BONE | Bolsa satchel granulada Mujer | $9,790.00"
El Palacio de Hierro,PINEDA COVALIN,Tarjetero con estampado Día de Muertos Catrina Mujer,,1290,https://www.elpalaciodehierro.com/rag bone bolsa shoulder en piel chelsea lisa mujer 45051501.html?cid=102005,"MESES SIN INTERESES | RAG & BONE | Bolsa shoulder en piel Chelsea lisa Mujer | $9,790.00"
El Palacio de Hierro,NUEVA TEMPORADA,RABANNE,32900,23030,https://www.elpalaciodehierro.com/rag bone bolsa shoulder en piel morada chelsea lisa mujer 45258743.html?cid=102005,"MESES SIN INTERESES | RAG & BONE | Bolsa shoulder en piel morada Chelsea lisa Mujer | $9,790.00"
El Palacio de Hierro,NUEVA TEMPORADA,RABANNE,43900,30730,https://www.elpalaciodehierro.com/rag bone bolsa tote en piel parker lisa mujer 45051499.html?cid=102005,"MESES SIN INTERESES | RAG & BONE | Bolsa tote en piel Parker lisa Mujer | $10,590.00"
El Palacio de Hierro,NUEVA TEMPORADA,RABANNE,43700,30590,https://www.elpalaciodehierro.com/rag bone bolsa tote negra en piel alix lisa mujer 45051493.html?cid=102005,"MESES SIN INTERESES | RAG & BONE | Bolsa tote negra en piel Alix lisa Mujer | $10,190.00"
El Palacio de Hierro,NUEVA TEMPORADA,RABANNE,46100,32270,https://www.elpalaciodehierro.com/rag bone tarjetero liso mujer 45258732.html?cid=102005,"MESES SIN INTERESES | RAG & BONE | Tarjetero liso Mujer | $1,390.00"
El Palacio de Hierro,NUEVA TEMPORADA,RABANNE,35600,28480,https://www.elpalaciodehierro.com/roberto verino bolsa bucket beige jimena solido mujer 45334708.html?cid=102005,"MESES SIN INTERESES | ROBERTO VERINO | Bolsa bucket beige Jimena sólido Mujer | $6,990.00"
El Palacio de Hierro,RAG & BONE,Bolsa bucket en piel Parker lisa Mujer,,7590,https://www.elpalaciodehierro.com/roberto verino bolsa bucket chloe en piel negra mujer 45199924.html?cid=102005,"MESES SIN INTERESES | ROBERTO VERINO | Bolsa Bucket Chloe en piel negra Mujer | $6,450.00"
El Palacio de Hierro,RAG & BONE,Bolsa crossbody Alix en piel Mujer,,6390,https://www.elpalaciodehierro.com/roberto verino bolsa clutch dorada en piel rita lisa mujer 45305620.html?cid=102005,"MESES SIN INTERESES | ROBERTO VERINO | Bolsa clutch dorada en piel Rita Lisa Mujer | $3,250.00"
El Palacio de Hierro,RAG & BONE,Bolsa crossbody en piel Chelsea animal skin Mujer,,8490,https://www.elpalaciodehierro.com/roberto verino bolsa clutch rosa en piel rita lisa mujer 45305621.html?cid=102005,"MESES SIN INTERESES | ROBERTO VERINO | Bolsa clutch rosa en piel Rita Lisa Mujer | $3,250.00"
El Palacio de Hierro,RAG & BONE,Bolsa crossbody en piel Chelsea lisa Mujer,,8490,https://www.elpalaciodehierro.com/roberto verino bolsa crossbody azul en piel lisa mujer 45249899.html?cid=102005,"MESES SIN INTERESES | ROBERTO VERINO | Bolsa crossbody azul en piel lisa Mujer | $5,250.00"
El Palacio de Hierro,RAG & BONE,Bolsa crossbody lisa Mujer,,9790,https://www.elpalaciodehierro.com/roberto verino bolsa crossbody en piel vacuna valentina animalskin mujer 45199929.html?cid=102005,"MESES SIN INTERESES | ROBERTO VERINO | Bolsa Crossbody en piel vacuna Valentina animalskin Mujer | $7,950.00"
El Palacio de Hierro,RAG & BONE,Bolsa crossbody negra en piel Alix lisa Mujer,,6390,https://www.elpalaciodehierro.com/roberto verino bolsa crossbody mujer 45071027.html?cid=102005,"MESES SIN INTERESES | ROBERTO VERINO | Bolsa Crossbody Mujer | $3,090.00"
El Palacio de Hierro,RAG & BONE,Bolsa crossbody negra en piel Realm lisa Mujer,,6390,https://www.elpalaciodehierro.com/roberto verino bolsa crossbody mujer 45071028.html?cid=102005,"MESES SIN INTERESES | ROBERTO VERINO | Bolsa crossbody Mujer | $3,090.00"
El Palacio de Hierro,RAG & BONE,Bolsa hobo en piel Mercer animal skin Mujer,,9790,https://www.elpalaciodehierro.com/roberto verino bolsa hobo beige jimena diseno solido mujer 45334704.html?cid=102005,"MESES SIN INTERESES | ROBERTO VERINO | Bolsa hobo beige Jimena diseño sólido Mujer | $6,450.00"
El Palacio de Hierro,RAG & BONE,Bolsa hobo en piel Mercer lisa Mujer,,9790,https://www.elpalaciodehierro.com/roberto verino bolsa hobo en piel con flecos mujer 45199920.html?cid=102005,"MESES SIN INTERESES | ROBERTO VERINO | Bolsa Hobo en piel con flecos Mujer | $7,550.00"
El Palacio de Hierro,RAG & BONE,Bolsa hobo Hudson granulada Mujer,,7590,https://www.elpalaciodehierro.com/roberto verino bolsa hobo zendaya texturizada mujer 45199922.html?cid=102005,"MESES SIN INTERESES | ROBERTO VERINO | Bolsa Hobo Zendaya texturizada Mujer | $4,350.00"
El Palacio de Hierro,RAG & BONE,Bolsa Hobo lisa Mujer,,7590,https://www.elpalaciodehierro.com/roberto verino bolsa satchel en piel mujer 45161531.html?cid=102005,"MESES SIN INTERESES | ROBERTO VERINO | Bolsa Satchel en piel Mujer | $9,050.00"
El Palacio de Hierro,RAG & BONE,Bolsa hobo negra en piel Hudson lisa Mujer,,7590,https://www.elpalaciodehierro.com/roberto verino bolsa satchel zendaya lisa mujer 45199928.html?cid=102005,"MESES SIN INTERESES | ROBERTO VERINO | Bolsa Satchel Zendaya lisa Mujer | $3,790.00"
El Palacio de Hierro,RAG & BONE,Bolsa satchel granulada Mujer,,7590,https://www.elpalaciodehierro.com/roberto verino bolsa satchel zendaya texturizada mujer 45199927.html?cid=102005,"MESES SIN INTERESES | ROBERTO VERINO | Bolsa Satchel Zendaya texturizada Mujer | $3,790.00"
El Palacio de Hierro,RAG & BONE,Bolsa satchel granulada Mujer,,9790,https://www.elpalaciodehierro.com/roberto verino bolsa shoulder en piel mujer 45161529.html?cid=102005,"MESES SIN INTERESES | ROBERTO VERINO | Bolsa shoulder en piel Mujer | $5,690.00"
El Palacio de Hierro,RAG & BONE,Bolsa shoulder en piel Chelsea lisa Mujer,,9790,https://www.elpalaciodehierro.com/roberto verino bolsa shoulder en piel mujer 45161530.html?cid=102005,"MESES SIN INTERESES | ROBERTO VERINO | Bolsa shoulder en piel Mujer | $5,050.00"
El Palacio de Hierro,RAG & BONE,Bolsa shoulder en piel morada Chelsea lisa Mujer,,9790,https://www.elpalaciodehierro.com/roberto verino bolsa shoulder en piel vacuna mini chloe con barbillas mujer 45199925.html?cid=102005,"MESES SIN INTERESES | ROBERTO VERINO | Bolsa Shoulder en piel vacuna mini Chloe con barbillas Mujer | $4,850.00"
El Palacio de Hierro,RAG & BONE,Bolsa tote en piel Parker lisa Mujer,,10590,https://www.elpalaciodehierro.com/roberto verino bolsa shoulder zendaya texturizada mujer 45199921.html?cid=102005,"MESES SIN INTERESES | ROBERTO VERINO | Bolsa Shoulder Zendaya texturizada Mujer | $4,850.00"
El Palacio de Hierro,RAG & BONE,Bolsa tote negra en piel Alix lisa Mujer,,10190,https://www.elpalaciodehierro.com/roberto verino cartera en piel lisa mujer 45161516.html?cid=102005,"MESES SIN INTERESES | ROBERTO VERINO | Cartera en piel lisa Mujer | $2,290.00"
El Palacio de Hierro,RAG & BONE,Tarjetero liso Mujer,,1390,https://www.elpalaciodehierro.com/roberto verino cartera en piel lisa mujer 45161522.html?cid=102005,"MESES SIN INTERESES | ROBERTO VERINO | Cartera en piel lisa Mujer | $2,550.00"
El Palacio de Hierro,ROBERTO VERINO,Bolsa bucket beige Jimena sólido Mujer,,6990,https://www.elpalaciodehierro.com/roberto verino cartera en piel lisa mujer 45161528.html?cid=102005,"MESES SIN INTERESES | ROBERTO VERINO | Cartera en piel lisa Mujer | $2,050.00"
El Palacio de Hierro,ROBERTO VERINO,Bolsa Bucket Chloe en piel negra Mujer,,6450,https://www.elpalaciodehierro.com/roberto verino cartera lisa mujer 45071018.html?cid=102005,"MESES SIN INTERESES | ROBERTO VERINO | Cartera lisa Mujer | $1,550.00"
El Palacio de Hierro,ROBERTO VERINO,Bolsa clutch dorada en piel Rita Lisa Mujer,,3250,https://www.elpalaciodehierro.com/roberto verino cartera lisa mujer 45071021.html?cid=102005,"MESES SIN INTERESES | ROBERTO VERINO | Cartera lisa Mujer | $2,050.00"
El Palacio de Hierro,ROBERTO VERINO,Bolsa clutch rosa en piel Rita Lisa Mujer,,3250,https://www.elpalaciodehierro.com/roberto verino cosmetiquera lisa mujer 45071025.html?cid=102005,"MESES SIN INTERESES | ROBERTO VERINO | Cosmetiquera lisa Mujer | $1,790.00"
El Palacio de Hierro,ROBERTO VERINO,Bolsa crossbody azul en piel lisa Mujer,,5250,https://www.elpalaciodehierro.com/roberto verino monedero en piel mujer 45161524.html?cid=102005,"MESES SIN INTERESES | ROBERTO VERINO | Monedero en piel Mujer | $1,550.00"
El Palacio de Hierro,ROBERTO VERINO,Bolsa Crossbody en piel vacuna Valentina animalskin Mujer,,7950,https://www.elpalaciodehierro.com/rolser bolsa tote para compras termica blanconegro 44862401.html?cid=102005,"MESES SIN INTERESES | ROLSER | Bolsa Tote para compras termica, blanconegro | $789.00 | $631.20"
El Palacio de Hierro,ROBERTO VERINO,Bolsa Crossbody Mujer,,3090,https://www.elpalaciodehierro.com/saint laurent paris bolsa crossbody beige en piel kate granulado mujer 43143755.html?cid=102005,"SAINT LAURENT PARIS | Bolsa crossbody beige en piel Kate granulado Mujer | $51,505.00"
El Palacio de Hierro,ROBERTO VERINO,Bolsa crossbody Mujer,,3090,https://www.elpalaciodehierro.com/saint laurent paris bolsa crossbody beige en piel sunset mujer 43143760.html?cid=102005,"SAINT LAURENT PARIS | Bolsa crossbody beige en piel Sunset Mujer | $57,940.00"
El Palacio de Hierro,ROBERTO VERINO,Bolsa hobo beige Jimena diseño sólido Mujer,,6450,https://www.elpalaciodehierro.com/saint laurent paris bolsa crossbody en piel kate granulado mujer 43143762.html?cid=102005,"SAINT LAURENT PARIS | Bolsa crossbody en piel Kate granulado Mujer | $45,065.00"
El Palacio de Hierro,ROBERTO VERINO,Bolsa Hobo en piel con flecos Mujer,,7550,https://www.elpalaciodehierro.com/saint laurent paris bolsa crossbody kate en piel negro mujer 41021430.html?cid=102005,"SAINT LAURENT PARIS | Bolsa crossbody Kate en piel negro Mujer | $53,650.00"
El Palacio de Hierro,ROBERTO VERINO,Bolsa Hobo Zendaya texturizada Mujer,,4350,https://www.elpalaciodehierro.com/saint laurent paris bolsa crossbody negro en piel niki baby mujer 42958854.html?cid=102005,"SAINT LAURENT PARIS | Bolsa crossbody negro en piel Niki Baby Mujer | $61,160.00"
El Palacio de Hierro,ROBERTO VERINO,Bolsa Satchel en piel Mujer,,9050,https://www.elpalaciodehierro.com/saint laurent paris bolsa envelope 41021449.html?cid=102005,"SAINT LAURENT PARIS | Bolsa Envelope | $65,060.00"
El Palacio de Hierro,ROBERTO VERINO,Bolsa Satchel Zendaya lisa Mujer,,3790,https://www.elpalaciodehierro.com/saint laurent paris bolsa icare 43143852.html?cid=102005,"SAINT LAURENT PARIS | Bolsa Icare | $105,335.00"
El Palacio de Hierro,ROBERTO VERINO,Bolsa Satchel Zendaya texturizada Mujer,,3790,https://www.elpalaciodehierro.com/saint laurent paris bolsa icare 44959784.html?cid=102005,"SAINT LAURENT PARIS | Bolsa Icare | $109,820.00"
El Palacio de Hierro,ROBERTO VERINO,Bolsa shoulder en piel Mujer,,5690,https://www.elpalaciodehierro.com/saint laurent paris bolsa icare 45299972.html?cid=102005,"SAINT LAURENT PARIS | Bolsa Icare | $95,010.00"
El Palacio de Hierro,ROBERTO VERINO,Bolsa shoulder en piel Mujer,,5050,https://www.elpalaciodehierro.com/saint laurent paris bolsa icarino 45299980.html?cid=102005,"SAINT LAURENT PARIS | Bolsa Icarino | $64,030.00"
El Palacio de Hierro,ROBERTO VERINO,Bolsa Shoulder en piel vacuna mini Chloe con barbillas Mujer,,4850,https://www.elpalaciodehierro.com/saint laurent paris bolsa le 5 a 7 43759587.html?cid=102005,"SAINT LAURENT PARIS | Bolsa LE 5 Á 7 | $56,870.00"
El Palacio de Hierro,ROBERTO VERINO,Bolsa Shoulder Zendaya texturizada Mujer,,4850,https://www.elpalaciodehierro.com/saint laurent paris bolsa le 5 a 7 chico 43759573.html?cid=102005,"SAINT LAURENT PARIS | Bolsa LE 5 Á 7 Chico | $56,870.00"
El Palacio de Hierro,ROBERTO VERINO,Cartera en piel lisa Mujer,,2290,https://www.elpalaciodehierro.com/saint laurent paris bolsa loulou medium 44366808.html?cid=102005,"SAINT LAURENT PARIS | Bolsa Loulou Medium | $64,030.00"
El Palacio de Hierro,ROBERTO VERINO,Cartera en piel lisa Mujer,,2550,https://www.elpalaciodehierro.com/saint laurent paris bolsa loulou mini 44534262.html?cid=102005,"SAINT LAURENT PARIS | Bolsa Loulou Mini | $44,410.00"
El Palacio de Hierro,ROBERTO VERINO,Cartera en piel lisa Mujer,,2050,https://www.elpalaciodehierro.com/saint laurent paris bolsa loulou small 44366812.html?cid=102005,"SAINT LAURENT PARIS | Bolsa Loulou Small | $56,800.00"
El Palacio de Hierro,ROBERTO VERINO,Cartera lisa Mujer,,1550,https://www.elpalaciodehierro.com/saint laurent paris bolsa mini crossbody beige en piel kate granulado mujer 43143765.html?cid=102005,"SAINT LAURENT PARIS | Bolsa mini crossbody beige en piel Kate granulado Mujer | $45,065.00"
El Palacio de Hierro,ROBERTO VERINO,Cartera lisa Mujer,,2050,https://www.elpalaciodehierro.com/saint laurent paris bolsa mini crossbody negro en piel kate granulado mujer 43143763.html?cid=102005,"SAINT LAURENT PARIS | Bolsa mini crossbody negro en piel Kate granulado Mujer | $45,065.00"
El Palacio de Hierro,ROBERTO VERINO,Cosmetiquera lisa Mujer,,1790,https://www.elpalaciodehierro.com/saint laurent paris bolsa pouch negro le monogramme mujer 43143847.html?cid=102005,"SAINT LAURENT PARIS | Bolsa pouch negro Le Monogramme Mujer | $119,340.00"
El Palacio de Hierro,ROBERTO VERINO,Monedero en piel Mujer,,1550,https://www.elpalaciodehierro.com/saint laurent paris bolsa sade puffer 43143827.html?cid=102005,"SAINT LAURENT PARIS | Bolsa Sade Puffer | $40,560.00"
El Palacio de Hierro,ROLSER,"Bolsa Tote para compras termica, blanconegro",789,631.2,https://www.elpalaciodehierro.com/saint laurent paris bolsa shopping 43143800.html,"SAINT LAURENT PARIS | Bolsa Shopping | $32,015.00"
El Palacio de Hierro,SAINT LAURENT PARIS,Bolsa crossbody beige en piel Kate granulado Mujer,,51505,https://www.elpalaciodehierro.com/saint laurent paris bolsa shoulder beige en piel la maison acolchado mujer 42958862.html?cid=102005,"SAINT LAURENT PARIS | Bolsa Shoulder beige en piel La Maison acolchado Mujer | $76,180.00"
El Palacio de Hierro,SAINT LAURENT PARIS,Bolsa crossbody beige en piel Sunset Mujer,,57940,https://www.elpalaciodehierro.com/saint laurent paris bolsa shoulder s miel en piel niki mujer 42958850.html?cid=102005,"SAINT LAURENT PARIS | Bolsa Shoulder S miel en piel Niki Mujer | $61,160.00"
El Palacio de Hierro,SAINT LAURENT PARIS,Bolsa crossbody en piel Kate granulado Mujer,,45065,https://www.elpalaciodehierro.com/saint laurent paris bolsa tote y en piel mujer 44534266.html?cid=102005,"SAINT LAURENT PARIS | Bolsa Tote ""Y"" en piel Mujer | $88,815.00"
El Palacio de Hierro,SAINT LAURENT PARIS,Bolsa crossbody Kate en piel negro Mujer,,53650,https://www.elpalaciodehierro.com/saint laurent paris bolsa voltaire 44534258.html?cid=102005,"SAINT LAURENT PARIS | Bolsa Voltaire | $48,540.00"
El Palacio de Hierro,SAINT LAURENT PARIS,Bolsa crossbody negro en piel Niki Baby Mujer,,61160,https://www.elpalaciodehierro.com/saint laurent paris bolso bucket en piel le 37 chico mujer 43759599.html?cid=102005,"SAINT LAURENT PARIS | Bolso bucket en piel LE 37 Chico Mujer | $60,020.00"
El Palacio de Hierro,SAINT LAURENT PARIS,Bolsa Envelope,,65060,https://www.elpalaciodehierro.com/saint laurent paris bolso bucket en piel le 37 mujer 43759593.html?cid=102005,"SAINT LAURENT PARIS | Bolso bucket en piel LE 37 Mujer | $47,600.00"
El Palacio de Hierro,SAINT LAURENT PARIS,Bolsa Icare,,105335,https://www.elpalaciodehierro.com/saint laurent paris cartera cassandre 41139875.html?cid=102005,"SAINT LAURENT PARIS | Cartera Cassandre | $19,625.00"
El Palacio de Hierro,SAINT LAURENT PARIS,Bolsa Icare,,109820,https://www.elpalaciodehierro.com/saint laurent paris cartera en piel capitoneada mujer 41021454.html,"SAINT LAURENT PARIS | Cartera en piel capitoneada Mujer | $34,905.00"
El Palacio de Hierro,SAINT LAURENT PARIS,Bolsa Icare,,95010,https://www.elpalaciodehierro.com/saint laurent paris cartera en piel cassandre matelasse capitoneada mujer 41139865.html?cid=102005,"SAINT LAURENT PARIS | Cartera en piel Cassandre Matelassé capitoneada Mujer | $18,780.00"
El Palacio de Hierro,SAINT LAURENT PARIS,Bolsa Icarino,,64030,https://www.elpalaciodehierro.com/saint laurent paris cartera en piel cassandre matelasse con lineas mujer 41139864.html?cid=102005,"SAINT LAURENT PARIS | Cartera en piel Cassandre Matelassé con líneas Mujer | $19,625.00"
El Palacio de Hierro,SAINT LAURENT PARIS,Bolsa LE 5 Á 7,,56870,https://www.elpalaciodehierro.com/saint laurent paris cartera en piel con cadena cassandre capitoneada mujer 41021453.html?cid=102005,"SAINT LAURENT PARIS | Cartera en piel con cadena Cassandre capitoneada Mujer | $34,905.00"
El Palacio de Hierro,SAINT LAURENT PARIS,Bolsa LE 5 Á 7 Chico,,56870,https://www.elpalaciodehierro.com/saint laurent paris cartera en piel con lineas mujer 41139871.html?cid=102005,"SAINT LAURENT PARIS | Cartera en piel con líneas Mujer | $19,625.00"
El Palacio de Hierro,SAINT LAURENT PARIS,Bolsa Loulou Medium,,64030,https://www.elpalaciodehierro.com/saint laurent paris cartera en piel con lineas mujer 41139874.html?cid=102005,"SAINT LAURENT PARIS | Cartera en piel con líneas Mujer | $34,905.00"
El Palacio de Hierro,SAINT LAURENT PARIS,Bolsa Loulou Mini,,44410,https://www.elpalaciodehierro.com/saint laurent paris cartera en piel uptown chain mujer 41302750.html?cid=102005,"SAINT LAURENT PARIS | Cartera en piel Uptown Chain Mujer | $32,220.00"
El Palacio de Hierro,SAINT LAURENT PARIS,Bolsa Loulou Small,,56800,https://www.elpalaciodehierro.com/saint laurent paris tarjetero en piel cassandre matelasse liso mujer 41139959.html?cid=102005,"SAINT LAURENT PARIS | Tarjetero en piel Cassandre Matelassé liso Mujer | $8,050.00"
El Palacio de Hierro,SAINT LAURENT PARIS,Bolsa mini crossbody beige en piel Kate granulado Mujer,,45065,https://www.elpalaciodehierro.com/sandro bolsa crossbody en piel mini mambo lisa mujer 45192880.html?cid=102005,"MESES SIN INTERESES | SANDRO | Bolsa crossbody en piel Mini Mambo lisa Mujer | $9,590.00"
El Palacio de Hierro,SAINT LAURENT PARIS,Bolsa mini crossbody negro en piel Kate granulado Mujer,,45065,https://www.elpalaciodehierro.com/sandro bolsa shoulder en piel mujer 44747827.html?cid=102005,"MESES SIN INTERESES | SANDRO | Bolsa Shoulder en piel Mujer | $12,590.00"
El Palacio de Hierro,SAINT LAURENT PARIS,Bolsa pouch negro Le Monogramme Mujer,,119340,https://www.elpalaciodehierro.com/sandro bolsa shoulder en piel tangolino liso mujer 45234919.html?cid=102005,"MESES SIN INTERESES | SANDRO | Bolsa shoulder en piel Tangolino liso Mujer | $9,590.00"
El Palacio de Hierro,SAINT LAURENT PARIS,Bolsa Sade Puffer,,40560,https://www.elpalaciodehierro.com/sandro bolsa shoulder en piel tangoso mujer 44747831.html?cid=102005,"MESES SIN INTERESES | SANDRO | Bolsa shoulder en piel Tangoso Mujer | $12,590.00"
El Palacio de Hierro,SAINT LAURENT PARIS,Bolsa Shopping,,32015,https://www.elpalaciodehierro.com/sandro bolsa shoulder tangoso en piel mujer 44493789.html?cid=102005,"MESES SIN INTERESES | SANDRO | Bolsa Shoulder Tangoso en piel Mujer | $10,590.00"
El Palacio de Hierro,SAINT LAURENT PARIS,Bolsa Shoulder beige en piel La Maison acolchado Mujer,,76180,https://www.elpalaciodehierro.com/scalpers bolsa crossbody en piel lisa mujer 45225168.html?cid=102005,"MESES SIN INTERESES | SCALPERS | Bolsa crossbody en piel lisa Mujer | $3,290.00 | $2,303.00"
El Palacio de Hierro,SAINT LAURENT PARIS,Bolsa Shoulder S miel en piel Niki Mujer,,61160,https://www.elpalaciodehierro.com/scalpers bolsa crossbody lisa mujer 45240667.html?cid=102005,"MESES SIN INTERESES | SCALPERS | Bolsa crossbody lisa Mujer | $1,690.00 | $1,352.00"
El Palacio de Hierro,SAINT LAURENT PARIS,"Bolsa Tote ""Y"" en piel Mujer",,88815,https://www.elpalaciodehierro.com/scalpers bolsa shoulder lisa mujer 45240671.html?cid=102005,"MESES SIN INTERESES | SCALPERS | Bolsa shoulder lisa Mujer | $1,990.00 | $1,592.00"
El Palacio de Hierro,SAINT LAURENT PARIS,Bolsa Voltaire,,48540,https://www.elpalaciodehierro.com/scalpers bolsa tote en piel lisa mujer 45225166.html?cid=102005,"MESES SIN INTERESES | SCALPERS | Bolsa tote en piel lisa Mujer | $4,790.00 | $3,353.00"
El Palacio de Hierro,SAINT LAURENT PARIS,Bolso bucket en piel LE 37 Chico Mujer,,60020,https://www.elpalaciodehierro.com/scalpers bolsa tote estampada mujer 45225150.html?cid=102005,"MESES SIN INTERESES | SCALPERS | Bolsa tote estampada Mujer | $1,690.00 | $1,183.00"
El Palacio de Hierro,SAINT LAURENT PARIS,Bolso bucket en piel LE 37 Mujer,,47600,https://www.elpalaciodehierro.com/scalpers bolsa tote lisa capitonada mujer 45225158.html?cid=102005,"MESES SIN INTERESES | SCALPERS | Bolsa tote lisa capitonada Mujer | $1,690.00 | $1,183.00"
El Palacio de Hierro,SAINT LAURENT PARIS,Cartera Cassandre,,19625,https://www.elpalaciodehierro.com/scalpers bolsa tote lisa mujer 45225152.html?cid=102005,"MESES SIN INTERESES | SCALPERS | Bolsa tote lisa Mujer | $2,790.00"
El Palacio de Hierro,SAINT LAURENT PARIS,Cartera en piel capitoneada Mujer,,34905,https://www.elpalaciodehierro.com/scalpers bolsa tote lisa mujer 45225155.html?cid=102005,"MESES SIN INTERESES | SCALPERS | Bolsa tote lisa Mujer | $1,690.00 | $1,183.00"
El Palacio de Hierro,SAINT LAURENT PARIS,Cartera en piel Cassandre Matelassé capitoneada Mujer,,18780,https://www.elpalaciodehierro.com/scalpers bolsa tote lisa mujer 45225162.html?cid=102005,"MESES SIN INTERESES | SCALPERS | Bolsa tote lisa Mujer | $1,690.00"
El Palacio de Hierro,SAINT LAURENT PARIS,Cartera en piel Cassandre Matelassé con líneas Mujer,,19625,https://www.elpalaciodehierro.com/scalpers bolsa tote lisa mujer 45240659.html?cid=102005,"MESES SIN INTERESES | SCALPERS | Bolsa tote lisa Mujer | $2,190.00 | $1,533.00"
El Palacio de Hierro,SAINT LAURENT PARIS,Cartera en piel con cadena Cassandre capitoneada Mujer,,34905,https://www.elpalaciodehierro.com/scalpers cartera en piel con logo mujer 43469211.html?cid=102005,"MESES SIN INTERESES | SCALPERS | Cartera en piel con logo Mujer | $1,990.00"
El Palacio de Hierro,SAINT LAURENT PARIS,Cartera en piel con líneas Mujer,,19625,https://www.elpalaciodehierro.com/schutz bolsa crossbody cafe en piel vita boho fantasia mujer 45193674.html?cid=102005,"MESES SIN INTERESES | SCHUTZ | Bolsa crossbody café en piel Vita Boho fantasía Mujer | $8,850.00 | $7,080.00"
El Palacio de Hierro,SAINT LAURENT PARIS,Cartera en piel con líneas Mujer,,34905,https://www.elpalaciodehierro.com/schutz bolsa crossbody en piel mika trentino lisa mujer 45020310.html?cid=102005,"MESES SIN INTERESES | SCHUTZ | Bolsa crossbody en piel Mika Trentino lisa Mujer | $8,090.00 | $4,854.00"
El Palacio de Hierro,SAINT LAURENT PARIS,Cartera en piel Uptown Chain Mujer,,32220,https://www.elpalaciodehierro.com/schutz bolsa crossbody en piel zhao con remaches mujer 45020313.html?cid=102005,"MESES SIN INTERESES | SCHUTZ | Bolsa crossbody en piel Zhao con remaches Mujer | $7,150.00 | $4,290.00"
El Palacio de Hierro,SAINT LAURENT PARIS,Tarjetero en piel Cassandre Matelassé liso Mujer,,8050,https://www.elpalaciodehierro.com/schutz bolsa crossbody negra en piel vita boho fantasia mujer 45193673.html?cid=102005,"MESES SIN INTERESES | SCHUTZ | Bolsa crossbody negra en piel Vita Boho fantasía Mujer | $8,850.00 | $7,080.00"
El Palacio de Hierro,SANDRO,Bolsa crossbody en piel Mini Mambo lisa Mujer,,9590,https://www.elpalaciodehierro.com/schutz bolsa hobo en piel freja lisa mujer 45020312.html?cid=102005,"MESES SIN INTERESES | SCHUTZ | Bolsa hobo en piel Freja lisa Mujer | $8,090.00 | $4,854.00"
El Palacio de Hierro,SANDRO,Bolsa Shoulder en piel Mujer,,12590,https://www.elpalaciodehierro.com/schutz bolsa shoulder cafe en piel trentino lisa mujer 45193678.html?cid=102005,"MESES SIN INTERESES | SCHUTZ | Bolsa shoulder café en piel Trentino lisa Mujer | $7,050.00 | $5,640.00"
El Palacio de Hierro,SANDRO,Bolsa shoulder en piel Tangolino liso Mujer,,9590,https://www.elpalaciodehierro.com/schutz bolsa shoulder cafe honey lisa mujer 45193672.html?cid=102005,"MESES SIN INTERESES | SCHUTZ | Bolsa shoulder café Honey lisa Mujer | $3,090.00 | $2,472.00"
El Palacio de Hierro,SANDRO,Bolsa shoulder en piel Tangoso Mujer,,12590,https://www.elpalaciodehierro.com/schutz bolsa shoulder negra en piel trentino lisa mujer 45193677.html?cid=102005,"MESES SIN INTERESES | SCHUTZ | Bolsa shoulder negra en piel Trentino lisa Mujer | $7,050.00 | $5,640.00"
El Palacio de Hierro,SANDRO,Bolsa Shoulder Tangoso en piel Mujer,,10590,https://www.elpalaciodehierro.com/schutz bolsa shoulder negra honey lisa mujer 45193671.html?cid=102005,"MESES SIN INTERESES | SCHUTZ | Bolsa shoulder negra Honey lisa Mujer | $3,090.00 | $2,472.00"
El Palacio de Hierro,SCALPERS,Bolsa crossbody en piel lisa Mujer,3290,2303,https://www.elpalaciodehierro.com/schutz bolsa tote cafe en piel josie lisa mujer 45193682.html?cid=102005,"MESES SIN INTERESES | SCHUTZ | Bolsa tote café en piel Josie lisa Mujer | $7,490.00 | $5,992.00"
El Palacio de Hierro,SCALPERS,Bolsa crossbody lisa Mujer,1690,1352,https://www.elpalaciodehierro.com/schutz bolsa tote cafe en piel savannah lisa mujer 45193669.html?cid=102005,"MESES SIN INTERESES | SCHUTZ | Bolsa tote café en piel Savannah lisa Mujer | $7,550.00 | $6,040.00"
El Palacio de Hierro,SCALPERS,Bolsa shoulder lisa Mujer,1990,1592,https://www.elpalaciodehierro.com/schutz bolsa tote cafe en piel trentino lisa mujer 45193679.html?cid=102005,"MESES SIN INTERESES | SCHUTZ | Bolsa tote café en piel Trentino lisa Mujer | $7,490.00 | $5,992.00"
El Palacio de Hierro,SCALPERS,Bolsa tote en piel lisa Mujer,4790,3353,https://www.elpalaciodehierro.com/schutz bolsa tote hobo en piel mika lisa mujer 45020309.html?cid=102005,"MESES SIN INTERESES | SCHUTZ | Bolsa tote Hobo en piel Mika lisa Mujer | $6,950.00 | $4,170.00"
El Palacio de Hierro,SCALPERS,Bolsa tote estampada Mujer,1690,1183,https://www.elpalaciodehierro.com/schutz bolsa tote negra en piel josie lisa mujer 45193681.html?cid=102005,"MESES SIN INTERESES | SCHUTZ | Bolsa tote negra en piel Josie lisa Mujer | $7,490.00 | $5,992.00"
El Palacio de Hierro,SCALPERS,Bolsa tote lisa capitonada Mujer,1690,1183,https://www.elpalaciodehierro.com/schutz bolsa tote negra en piel savannah studs fantasia mujer 45193670.html?cid=102005,"MESES SIN INTERESES | SCHUTZ | Bolsa tote negra en piel Savannah Studs fantasía Mujer | $8,390.00 | $6,712.00"
El Palacio de Hierro,SCALPERS,Bolsa tote lisa Mujer,,2790,https://www.elpalaciodehierro.com/schutz bolsa tote negra venus lisa mujer 45193680.html?cid=102005,"MESES SIN INTERESES | SCHUTZ | Bolsa tote negra Venus lisa Mujer | $7,490.00 | $5,992.00"
El Palacio de Hierro,SCALPERS,Bolsa tote lisa Mujer,1690,1183,https://www.elpalaciodehierro.com/stella mccartney bolsa crossbody mujer 44990291.html?cid=102005,"NUEVA TEMPORADA | STELLA MCCARTNEY | Bolsa Crossbody Mujer | $32,800.00 | $22,960.00"
El Palacio de Hierro,SCALPERS,Bolsa tote lisa Mujer,,1690,https://www.elpalaciodehierro.com/stella mccartney bolsa crossbody mujer 44990293.html?cid=102005,"NUEVA TEMPORADA | STELLA MCCARTNEY | Bolsa Crossbody Mujer | $28,000.00 | $19,600.00"
El Palacio de Hierro,SCALPERS,Bolsa tote lisa Mujer,2190,1533,https://www.elpalaciodehierro.com/stella mccartney bolsa crossbody mujer 44990295.html?cid=102005,"NUEVA TEMPORADA | STELLA MCCARTNEY | Bolsa Crossbody Mujer | $29,500.00 | $20,650.00"
El Palacio de Hierro,SCALPERS,Cartera en piel con logo Mujer,,1990,https://www.elpalaciodehierro.com/stella mccartney bolsa crossbody mujer 44990303.html?cid=102005,"NUEVA TEMPORADA | STELLA MCCARTNEY | Bolsa Crossbody Mujer | $33,700.00 | $23,590.00"
El Palacio de Hierro,SCHUTZ,Bolsa crossbody café en piel Vita Boho fantasía Mujer,8850,7080,https://www.elpalaciodehierro.com/stella mccartney bolsa crossbody mujer 44990313.html?cid=102005,"NUEVA TEMPORADA | STELLA MCCARTNEY | Bolsa Crossbody Mujer | $37,800.00 | $26,460.00"
El Palacio de Hierro,SCHUTZ,Bolsa crossbody en piel Mika Trentino lisa Mujer,8090,4854,https://www.elpalaciodehierro.com/stella mccartney bolsa falabella 45158476.html?cid=102005,"NUEVA TEMPORADA | STELLA MCCARTNEY | Bolsa Falabella | $29,500.00 | $23,600.00"
El Palacio de Hierro,SCHUTZ,Bolsa crossbody en piel Zhao con remaches Mujer,7150,4290,https://www.elpalaciodehierro.com/stella mccartney bolsa falabella continental 45158478.html?cid=102005,"NUEVA TEMPORADA | STELLA MCCARTNEY | Bolsa Falabella Continental | $16,300.00 | $13,040.00"
El Palacio de Hierro,SCHUTZ,Bolsa crossbody negra en piel Vita Boho fantasía Mujer,8850,7080,https://www.elpalaciodehierro.com/stella mccartney bolsa falabella mini drawstring 45158474.html?cid=102005,"NUEVA TEMPORADA | STELLA MCCARTNEY | Bolsa Falabella Mini Drawstring | $22,900.00 | $18,320.00"
El Palacio de Hierro,SCHUTZ,Bolsa hobo en piel Freja lisa Mujer,8090,4854,https://www.elpalaciodehierro.com/stella mccartney bolsa pony mujer 44990311.html?cid=102005,"NUEVA TEMPORADA | STELLA MCCARTNEY | Bolsa Pony Mujer | $36,000.00 | $28,800.00"
El Palacio de Hierro,SCHUTZ,Bolsa shoulder café en piel Trentino lisa Mujer,7050,5640,https://www.elpalaciodehierro.com/stella mccartney bolsa ryder 44990285.html?cid=102005,"NUEVA TEMPORADA | STELLA MCCARTNEY | Bolsa Ryder | $42,600.00 | $29,820.00"
El Palacio de Hierro,SCHUTZ,Bolsa shoulder café Honey lisa Mujer,3090,2472,https://www.elpalaciodehierro.com/stella mccartney bolsa ryder 44990309.html?cid=102005,"NUEVA TEMPORADA | STELLA MCCARTNEY | Bolsa Ryder | $59,000.00 | $47,200.00"
El Palacio de Hierro,SCHUTZ,Bolsa shoulder negra en piel Trentino lisa Mujer,7050,5640,https://www.elpalaciodehierro.com/stella mccartney bolsa satchel mujer 44990307.html?cid=102005,"NUEVA TEMPORADA | STELLA MCCARTNEY | Bolsa Satchel Mujer | $30,500.00 | $21,350.00"
El Palacio de Hierro,SCHUTZ,Bolsa shoulder negra Honey lisa Mujer,3090,2472,https://www.elpalaciodehierro.com/stella mccartney bolsa shoulder mujer 44990297.html?cid=102005,"NUEVA TEMPORADA | STELLA MCCARTNEY | Bolsa Shoulder Mujer | $32,800.00 | $26,240.00"
El Palacio de Hierro,SCHUTZ,Bolsa tote café en piel Josie lisa Mujer,7490,5992,https://www.elpalaciodehierro.com/stella mccartney bolsa shoulder mujer 44990301.html," 30% | NUEVA TEMPORADA | STELLA MCCARTNEY | Bolsa Shoulder Mujer | $37,800.00 | $26,460.00"
El Palacio de Hierro,SCHUTZ,Bolsa tote café en piel Savannah lisa Mujer,7550,6040,https://www.elpalaciodehierro.com/stella mccartney bolsa shoulder mujer 44990301.html?cid=102005,"NUEVA TEMPORADA | STELLA MCCARTNEY | Bolsa Shoulder Mujer | $37,800.00 | $26,460.00"
El Palacio de Hierro,SCHUTZ,Bolsa tote café en piel Trentino lisa Mujer,7490,5992,https://www.elpalaciodehierro.com/stella mccartney bolsa stella ryder mujer 45158470.html?cid=102005,"NUEVA TEMPORADA | STELLA MCCARTNEY | Bolsa Stella Ryder Mujer | $45,900.00 | $32,130.00"
El Palacio de Hierro,SCHUTZ,Bolsa tote Hobo en piel Mika lisa Mujer,6950,4170,https://www.elpalaciodehierro.com/stella mccartney bolsa tote mujer 44990279.html?cid=102005,"NUEVA TEMPORADA | STELLA MCCARTNEY | Bolsa Tote Mujer | $30,500.00 | $21,350.00"
El Palacio de Hierro,SCHUTZ,Bolsa tote negra en piel Josie lisa Mujer,7490,5992,https://www.elpalaciodehierro.com/stella mccartney bolsa tote mujer 44990289.html?cid=102005,"NUEVA TEMPORADA | STELLA MCCARTNEY | Bolsa Tote Mujer | $36,000.00 | $28,800.00"
El Palacio de Hierro,SCHUTZ,Bolsa tote negra en piel Savannah Studs fantasía Mujer,8390,6712,https://www.elpalaciodehierro.com/steve madden bolsa backpack negro btempo mujer 43010396.html?cid=102005,"MESES SIN INTERESES | STEVE MADDEN | Bolsa backpack negro Btempo Mujer | $2,499.00"
El Palacio de Hierro,SCHUTZ,Bolsa tote negra Venus lisa Mujer,7490,5992,https://www.elpalaciodehierro.com/steve madden bolsa clutch bemmyv lisa mujer 44950862.html?cid=102005,"MESES SIN INTERESES | STEVE MADDEN | Bolsa clutch Bemmyv lisa Mujer | $2,199.00"
El Palacio de Hierro,NUEVA TEMPORADA,STELLA MCCARTNEY,32800,22960,https://www.elpalaciodehierro.com/steve madden bolsa clutch bmorgana lisa mujer 44950883.html?cid=102005,"MESES SIN INTERESES | STEVE MADDEN | Bolsa clutch Bmorgana lisa Mujer | $2,099.00"
El Palacio de Hierro,NUEVA TEMPORADA,STELLA MCCARTNEY,28000,19600,https://www.elpalaciodehierro.com/steve madden bolsa clutch texturizada mujer 45051385.html?cid=102005,"MESES SIN INTERESES | STEVE MADDEN | Bolsa clutch texturizada Mujer | $2,399.00"
El Palacio de Hierro,NUEVA TEMPORADA,STELLA MCCARTNEY,29500,20650,https://www.elpalaciodehierro.com/steve madden bolsa crossbody amarilla bramon con animal skin mujer 45051472.html?cid=102005,"MESES SIN INTERESES | STEVE MADDEN | Bolsa crossbody amarilla Bramon con animal skin Mujer | $2,499.00"
El Palacio de Hierro,NUEVA TEMPORADA,STELLA MCCARTNEY,33700,23590,https://www.elpalaciodehierro.com/steve madden bolsa crossbody animalskin mujer 45051413.html?cid=102005,"MESES SIN INTERESES | STEVE MADDEN | Bolsa crossbody animalskin Mujer | $2,599.00"
El Palacio de Hierro,NUEVA TEMPORADA,STELLA MCCARTNEY,37800,26460,https://www.elpalaciodehierro.com/steve madden bolsa crossbody bamora mujer 44950848.html?cid=102005,"MESES SIN INTERESES | STEVE MADDEN | Bolsa crossbody Bamora Mujer | $2,899.00"
El Palacio de Hierro,NUEVA TEMPORADA,STELLA MCCARTNEY,29500,23600,https://www.elpalaciodehierro.com/steve madden bolsa crossbody bdorcy v lisa mujer 45240883.html?cid=102005,"MESES SIN INTERESES | STEVE MADDEN | Bolsa crossbody Bdorcy V lisa Mujer | $2,699.00"
El Palacio de Hierro,NUEVA TEMPORADA,STELLA MCCARTNEY,16300,13040,https://www.elpalaciodehierro.com/steve madden bolsa crossbody bluckie lisa mujer 45249094.html?cid=102005,"MESES SIN INTERESES | STEVE MADDEN | Bolsa crossbody Bluckie lisa Mujer | $2,499.00"
El Palacio de Hierro,NUEVA TEMPORADA,STELLA MCCARTNEY,22900,18320,https://www.elpalaciodehierro.com/steve madden bolsa crossbody bnesta mujer 44950887.html?cid=102005,"MESES SIN INTERESES | STEVE MADDEN | Bolsa crossbody Bnesta Mujer | $2,799.00"
El Palacio de Hierro,NUEVA TEMPORADA,STELLA MCCARTNEY,36000,28800,https://www.elpalaciodehierro.com/steve madden bolsa crossbody bziria lisa capitonada mujer 45249120.html?cid=102005,"MESES SIN INTERESES | STEVE MADDEN | Bolsa crossbody Bziria lisa capitonada Mujer | $2,699.00"
El Palacio de Hierro,NUEVA TEMPORADA,STELLA MCCARTNEY,42600,29820,https://www.elpalaciodehierro.com/steve madden bolsa crossbody cafe bpayson degradada mujer 45051471.html?cid=102005,"MESES SIN INTERESES | STEVE MADDEN | Bolsa crossbody café Bpayson degradada Mujer | $2,899.00"
El Palacio de Hierro,NUEVA TEMPORADA,STELLA MCCARTNEY,59000,47200,https://www.elpalaciodehierro.com/steve madden bolsa crossbody capitonada mujer 41847128.html?cid=102005,"MESES SIN INTERESES | STEVE MADDEN | Bolsa crossbody capitonada Mujer | $1,999.00"
El Palacio de Hierro,NUEVA TEMPORADA,STELLA MCCARTNEY,30500,21350,https://www.elpalaciodehierro.com/steve madden bolsa crossbody con logotipo mujer 43721033.html?cid=102005,"MESES SIN INTERESES | STEVE MADDEN | Bolsa crossbody con logotipo Mujer | $1,999.00"
El Palacio de Hierro,NUEVA TEMPORADA,STELLA MCCARTNEY,32800,26240,https://www.elpalaciodehierro.com/steve madden bolsa crossbody con monogram mujer 42368211.html?cid=102005,"MESES SIN INTERESES | STEVE MADDEN | Bolsa crossbody con monogram Mujer | $2,199.00"
El Palacio de Hierro,stella mccartney,bolsa shoulder mujer,37800,26460,https://www.elpalaciodehierro.com/steve madden bolsa crossbody farren lisa mujer 41965040.html?cid=102005,"MESES SIN INTERESES | STEVE MADDEN | Bolsa Crossbody Farren lisa Mujer | $1,999.00"
El Palacio de Hierro,NUEVA TEMPORADA,STELLA MCCARTNEY,37800,26460,https://www.elpalaciodehierro.com/steve madden bolsa crossbody granulada mujer 42368218.html?cid=102005,"MESES SIN INTERESES | STEVE MADDEN | Bolsa Crossbody granulada Mujer | $2,399.00"
El Palacio de Hierro,NUEVA TEMPORADA,STELLA MCCARTNEY,45900,32130,https://www.elpalaciodehierro.com/steve madden bolsa crossbody lisa mujer 45051419.html?cid=102005,"MESES SIN INTERESES | STEVE MADDEN | Bolsa crossbody lisa Mujer | $2,199.00"
El Palacio de Hierro,NUEVA TEMPORADA,STELLA MCCARTNEY,30500,21350,https://www.elpalaciodehierro.com/steve madden bolsa crossbody lisa mujer 45051422.html?cid=102005,"MESES SIN INTERESES | STEVE MADDEN | Bolsa crossbody lisa Mujer | $2,499.00"
El Palacio de Hierro,NUEVA TEMPORADA,STELLA MCCARTNEY,36000,28800,https://www.elpalaciodehierro.com/steve madden bolsa crossbody mujer 45051425.html?cid=102005,"MESES SIN INTERESES | STEVE MADDEN | Bolsa crossbody Mujer | $2,699.00"
El Palacio de Hierro,STEVE MADDEN,Bolsa backpack negro Btempo Mujer,,2499,https://www.elpalaciodehierro.com/steve madden bolsa crossbody negra mujer 45220744.html?cid=102005,"MESES SIN INTERESES | STEVE MADDEN | Bolsa crossbody negra Mujer | $2,699.00"
El Palacio de Hierro,STEVE MADDEN,Bolsa clutch Bemmyv lisa Mujer,,2199,https://www.elpalaciodehierro.com/steve madden bolsa crossbody negro mujer 41847124.html?cid=102005,"MESES SIN INTERESES | STEVE MADDEN | Bolsa Crossbody Negro Mujer | $1,899.00"
El Palacio de Hierro,STEVE MADDEN,Bolsa clutch Bmorgana lisa Mujer,,2099,https://www.elpalaciodehierro.com/steve madden bolsa satchel animalskin mujer 45051403.html?cid=102005,"MESES SIN INTERESES | STEVE MADDEN | Bolsa satchel animalskin Mujer | $2,999.00"
El Palacio de Hierro,STEVE MADDEN,Bolsa clutch texturizada Mujer,,2399,https://www.elpalaciodehierro.com/steve madden bolsa satchel con logotipo mujer 43887520.html?cid=102005,"MESES SIN INTERESES | STEVE MADDEN | Bolsa satchel con logotipo Mujer | $1,699.00"
El Palacio de Hierro,STEVE MADDEN,Bolsa crossbody amarilla Bramon con animal skin Mujer,,2499,https://www.elpalaciodehierro.com/steve madden bolsa satchel evelyn con logotipo mujer 44526652.html?cid=102005,"MESES SIN INTERESES | STEVE MADDEN | Bolsa satchel Evelyn con logotipo Mujer | $1,699.00"
El Palacio de Hierro,STEVE MADDEN,Bolsa crossbody animalskin Mujer,,2599,https://www.elpalaciodehierro.com/steve madden bolsa satchel granulada mujer 45051467.html?cid=102005,"MESES SIN INTERESES | STEVE MADDEN | Bolsa Satchel granulada Mujer | $2,999.00"
El Palacio de Hierro,STEVE MADDEN,Bolsa crossbody Bamora Mujer,,2899,https://www.elpalaciodehierro.com/steve madden bolsa satchel lisa mujer 45051409.html?cid=102005,"MESES SIN INTERESES | STEVE MADDEN | Bolsa satchel lisa Mujer | $2,999.00"
El Palacio de Hierro,STEVE MADDEN,Bolsa crossbody Bdorcy V lisa Mujer,,2699,https://www.elpalaciodehierro.com/steve madden bolsa satchel lisa mujer 45051466.html?cid=102005,"MESES SIN INTERESES | STEVE MADDEN | Bolsa Satchel lisa Mujer | $2,999.00"
El Palacio de Hierro,STEVE MADDEN,Bolsa crossbody Bluckie lisa Mujer,,2499,https://www.elpalaciodehierro.com/steve madden bolsa satchel mujer 45051451.html?cid=102005,"MESES SIN INTERESES | STEVE MADDEN | Bolsa satchel Mujer | $3,599.00"
El Palacio de Hierro,STEVE MADDEN,Bolsa crossbody Bnesta Mujer,,2799,https://www.elpalaciodehierro.com/steve madden bolsa shoulder bamren mujer 44950852.html?cid=102005,"MESES SIN INTERESES | STEVE MADDEN | Bolsa shoulder Bamren Mujer | $3,499.00"
El Palacio de Hierro,STEVE MADDEN,Bolsa crossbody Bziria lisa capitonada Mujer,,2699,https://www.elpalaciodehierro.com/steve madden bolsa shoulder con herrajes mujer 45051406.html?cid=102005,"MESES SIN INTERESES | STEVE MADDEN | Bolsa shoulder con herrajes Mujer | $2,699.00"
El Palacio de Hierro,STEVE MADDEN,Bolsa crossbody café Bpayson degradada Mujer,,2899,https://www.elpalaciodehierro.com/steve madden bolsa shoulder con logotipo mujer 45051469.html?cid=102005,"MESES SIN INTERESES | STEVE MADDEN | Bolsa shoulder con logotipo Mujer | $2,499.00"
El Palacio de Hierro,STEVE MADDEN,Bolsa crossbody capitonada Mujer,,1999,https://www.elpalaciodehierro.com/steve madden bolsa shoulder granulada mujer 45051464.html?cid=102005,"MESES SIN INTERESES | STEVE MADDEN | Bolsa Shoulder granulada Mujer | $2,899.00"
El Palacio de Hierro,STEVE MADDEN,Bolsa crossbody con logotipo Mujer,,1999,https://www.elpalaciodehierro.com/steve madden bolsa shoulder lisa mujer 45051394.html?cid=102005,"MESES SIN INTERESES | STEVE MADDEN | Bolsa shoulder lisa Mujer | $2,899.00"
El Palacio de Hierro,STEVE MADDEN,Bolsa crossbody con monogram Mujer,,2199,https://www.elpalaciodehierro.com/steve madden bolsa shoulder lisa mujer 45051448.html?cid=102005,"MESES SIN INTERESES | STEVE MADDEN | Bolsa shoulder lisa Mujer | $3,499.00"
El Palacio de Hierro,STEVE MADDEN,Bolsa Crossbody Farren lisa Mujer,,1999,https://www.elpalaciodehierro.com/steve madden bolsa shoulder lisa mujer 45051461.html?cid=102005,"MESES SIN INTERESES | STEVE MADDEN | Bolsa Shoulder lisa Mujer | $2,699.00"
El Palacio de Hierro,STEVE MADDEN,Bolsa Crossbody granulada Mujer,,2399,https://www.elpalaciodehierro.com/steve madden bolsa shoulder mujer 44950855.html?cid=102005,"MESES SIN INTERESES | STEVE MADDEN | Bolsa Shoulder Mujer | $2,399.00"
El Palacio de Hierro,STEVE MADDEN,Bolsa crossbody lisa Mujer,,2199,https://www.elpalaciodehierro.com/steve madden bolsa shoulder mujer 45051431.html?cid=102005,"MESES SIN INTERESES | STEVE MADDEN | Bolsa shoulder Mujer | $2,499.00"
El Palacio de Hierro,STEVE MADDEN,Bolsa crossbody lisa Mujer,,2499,https://www.elpalaciodehierro.com/steve madden bolsa shoulder mujer 45051454.html?cid=102005,"MESES SIN INTERESES | STEVE MADDEN | Bolsa shoulder Mujer | $2,599.00"
El Palacio de Hierro,STEVE MADDEN,Bolsa crossbody Mujer,,2699,https://www.elpalaciodehierro.com/steve madden bolsa shoulder mujer 45051459.html?cid=102005,"MESES SIN INTERESES | STEVE MADDEN | Bolsa shoulder Mujer | $2,999.00"
El Palacio de Hierro,STEVE MADDEN,Bolsa crossbody negra Mujer,,2699,https://www.elpalaciodehierro.com/steve madden bolsa shoulder negra blyon mujer 45051468.html?cid=102005,"MESES SIN INTERESES | STEVE MADDEN | Bolsa shoulder negra Blyon Mujer | $2,499.00"
El Palacio de Hierro,STEVE MADDEN,Bolsa Crossbody Negro Mujer,,1899,https://www.elpalaciodehierro.com/steve madden bolsa shoulder roja bovie mujer 45051470.html?cid=102005,"MESES SIN INTERESES | STEVE MADDEN | Bolsa shoulder roja Bovie Mujer | $2,599.00"
El Palacio de Hierro,STEVE MADDEN,Bolsa satchel animalskin Mujer,,2999,https://www.elpalaciodehierro.com/steve madden bolsa shoulder rosa btorresc con animal skin mujer 45051476.html?cid=102005,"MESES SIN INTERESES | STEVE MADDEN | Bolsa shoulder rosa Btorresc con animal skin Mujer | $2,499.00"
El Palacio de Hierro,STEVE MADDEN,Bolsa satchel con logotipo Mujer,,1699,https://www.elpalaciodehierro.com/steve madden bolsa tote bmario e mujer 44950874.html?cid=102005,"MESES SIN INTERESES | STEVE MADDEN | Bolsa tote Bmario E Mujer | $2,999.00"
El Palacio de Hierro,STEVE MADDEN,Bolsa satchel Evelyn con logotipo Mujer,,1699,https://www.elpalaciodehierro.com/steve madden bolsa tote bmiralda mujer 44950880.html?cid=102005,"MESES SIN INTERESES | STEVE MADDEN | Bolsa tote Bmiralda Mujer | $3,299.00"
El Palacio de Hierro,STEVE MADDEN,Bolsa Satchel granulada Mujer,,2999,https://www.elpalaciodehierro.com/steve madden bolsa tote btawny mujer 44950896.html?cid=102005,"MESES SIN INTERESES | STEVE MADDEN | Bolsa tote Btawny Mujer | $4,999.00"
El Palacio de Hierro,STEVE MADDEN,Bolsa satchel lisa Mujer,,2999,https://www.elpalaciodehierro.com/steve madden bolsa tote con cadenas mujer 45051465.html?cid=102005,"MESES SIN INTERESES | STEVE MADDEN | Bolsa Tote con cadenas Mujer | $3,199.00"
El Palacio de Hierro,STEVE MADDEN,Bolsa Satchel lisa Mujer,,2999,https://www.elpalaciodehierro.com/steve madden bolsa tote estampado mujer 45051397.html?cid=102005,"MESES SIN INTERESES | STEVE MADDEN | Bolsa tote estampado Mujer | $2,999.00"
El Palacio de Hierro,STEVE MADDEN,Bolsa satchel Mujer,,3599,https://www.elpalaciodehierro.com/steve madden bolsa tote granulada mujer 45051400.html?cid=102005,"MESES SIN INTERESES | STEVE MADDEN | Bolsa tote granulada Mujer | $2,999.00"
El Palacio de Hierro,STEVE MADDEN,Bolsa shoulder Bamren Mujer,,3499,https://www.elpalaciodehierro.com/steve madden bolsa tote lisa mujer 41965038.html?cid=102005,"MESES SIN INTERESES | STEVE MADDEN | Bolsa Tote lisa Mujer | $2,499.00"
El Palacio de Hierro,STEVE MADDEN,Bolsa shoulder con herrajes Mujer,,2699,https://www.elpalaciodehierro.com/steve madden bolsa tote lisa mujer 45051416.html?cid=102005,"MESES SIN INTERESES | STEVE MADDEN | Bolsa tote lisa Mujer | $3,199.00"
El Palacio de Hierro,STEVE MADDEN,Bolsa shoulder con logotipo Mujer,,2499,https://www.elpalaciodehierro.com/steve madden bolsa tote mujer 45051428.html?cid=102005,"MESES SIN INTERESES | STEVE MADDEN | Bolsa tote Mujer | $2,399.00"
El Palacio de Hierro,STEVE MADDEN,Bolsa Shoulder granulada Mujer,,2899,https://www.elpalaciodehierro.com/steve madden bolsa tote negra bsteele perforada mujer 45051475.html?cid=102005,"MESES SIN INTERESES | STEVE MADDEN | Bolsa tote negra Bsteele perforada Mujer | $2,999.00"
El Palacio de Hierro,STEVE MADDEN,Bolsa shoulder lisa Mujer,,2899,https://www.elpalaciodehierro.com/steve madden bolsa tote negra btonic acolchada mujer 44950931.html?cid=102005,"MESES SIN INTERESES | STEVE MADDEN | Bolsa tote negra Btonic acolchada Mujer | $2,799.00"
El Palacio de Hierro,STEVE MADDEN,Bolsa shoulder lisa Mujer,,3499,https://www.elpalaciodehierro.com/steve madden bolsa tote texturizada mujer 45051463.html?cid=102005,"MESES SIN INTERESES | STEVE MADDEN | Bolsa Tote texturizada Mujer | $2,699.00"
El Palacio de Hierro,STEVE MADDEN,Bolsa Shoulder lisa Mujer,,2699,https://www.elpalaciodehierro.com/steve madden bolso crossbody 42368219.html?cid=102005,"MESES SIN INTERESES | STEVE MADDEN | Bolso Crossbody | $2,399.00"
El Palacio de Hierro,STEVE MADDEN,Bolsa Shoulder Mujer,,2399,https://www.elpalaciodehierro.com/steve madden cangurera bjetta capitonada mujer 44950845.html?cid=102005,"MESES SIN INTERESES | STEVE MADDEN | Cangurera Bjetta capitonada Mujer | $2,099.00"
El Palacio de Hierro,STEVE MADDEN,Bolsa shoulder Mujer,,2499,https://www.elpalaciodehierro.com/steve madden cartera con logo mujer 45051458.html?cid=102005,"MESES SIN INTERESES | STEVE MADDEN | Cartera con logo Mujer | $1,799.00"
El Palacio de Hierro,STEVE MADDEN,Bolsa shoulder Mujer,,2599,https://www.elpalaciodehierro.com/steve madden cartera granulada mujer 45051382.html?cid=102005,"MESES SIN INTERESES | STEVE MADDEN | Cartera granulada Mujer | $1,799.00"
El Palacio de Hierro,STEVE MADDEN,Bolsa shoulder Mujer,,2999,https://www.elpalaciodehierro.com/steve madden cartera lisa mujer 45051457.html?cid=102005,"MESES SIN INTERESES | STEVE MADDEN | Cartera lisa Mujer | $1,599.00"
El Palacio de Hierro,STEVE MADDEN,Bolsa shoulder negra Blyon Mujer,,2499,https://www.elpalaciodehierro.com/steve madden cartera negra microdiseno mujer 45414425.html?cid=102005,"MESES SIN INTERESES | STEVE MADDEN | Cartera negra microdiseño Mujer | $1,099.00"
El Palacio de Hierro,STEVE MADDEN,Bolsa shoulder roja Bovie Mujer,,2599,https://www.elpalaciodehierro.com/steve madden mochila bjasey mujer 44950842.html?cid=102005,"MESES SIN INTERESES | STEVE MADDEN | Mochila Bjasey Mujer | $2,799.00"
El Palacio de Hierro,STEVE MADDEN,Bolsa shoulder rosa Btorresc con animal skin Mujer,,2499,https://www.elpalaciodehierro.com/tanya moss bolsa crossbody en piel lisa mujer 44756259.html?cid=102005,"TANYA MOSS | Bolsa Crossbody en piel lisa Mujer | $4,390.00"
El Palacio de Hierro,STEVE MADDEN,Bolsa tote Bmario E Mujer,,2999,https://www.elpalaciodehierro.com/tanya moss bolsa tote gris mujer 44546274.html?cid=102005,"TANYA MOSS | Bolsa tote gris Mujer | $6,290.00"
El Palacio de Hierro,STEVE MADDEN,Bolsa tote Bmiralda Mujer,,3299,https://www.elpalaciodehierro.com/tanya moss bolso mini tote negro en piel mujer 43891313.html?cid=102005,"TANYA MOSS | Bolso mini tote negro en piel Mujer | $6,290.00"
El Palacio de Hierro,STEVE MADDEN,Bolsa tote Btawny Mujer,,4999,https://www.elpalaciodehierro.com/tanya moss cartera en piel lisa con detalle texturizado mujer 43777980.html?cid=102005,"TANYA MOSS | Cartera en piel lisa con detalle texturizado Mujer | $2,990.00"
El Palacio de Hierro,STEVE MADDEN,Bolsa Tote con cadenas Mujer,,3199,https://www.elpalaciodehierro.com/tanya moss tarjetero en piel mujer 43955639.html?cid=102005,"TANYA MOSS | Tarjetero en piel Mujer | $1,490.00"
El Palacio de Hierro,STEVE MADDEN,Bolsa tote estampado Mujer,,2999,https://www.elpalaciodehierro.com/tanya moss tarjetero moss horizontal azulverde en piel mujer 43955638.html?cid=102005,"TANYA MOSS | Tarjetero Moss horizontal azulverde en piel Mujer | $1,490.00"
El Palacio de Hierro,STEVE MADDEN,Bolsa tote granulada Mujer,,2999,https://www.elpalaciodehierro.com/the north face mochila borealis mujer 45211975.html?cid=102005,"MESES SIN INTERESES | THE NORTH FACE | Mochila Borealis Mujer | $2,590.00"
El Palacio de Hierro,STEVE MADDEN,Bolsa Tote lisa Mujer,,2499,https://www.elpalaciodehierro.com/the north face mochila casual surge mujer 45231132.html?cid=102005,"MESES SIN INTERESES | THE NORTH FACE | Mochila casual Surge Mujer | $3,290.00"
El Palacio de Hierro,STEVE MADDEN,Bolsa tote lisa Mujer,,3199,https://www.elpalaciodehierro.com/the north face mochila jester mujer 45211979.html?cid=102005,"MESES SIN INTERESES | THE NORTH FACE | Mochila Jester Mujer | $2,190.00"
El Palacio de Hierro,STEVE MADDEN,Bolsa tote Mujer,,2399,https://www.elpalaciodehierro.com/tods bolsa di bag folio 44767125.html?cid=102005,"ULTIMAS PIEZAS | TOD S | Bolsa Di Bag Folio | $52,200.00 | $41,760.00"
El Palacio de Hierro,STEVE MADDEN,Bolsa tote negra Bsteele perforada Mujer,,2999,https://www.elpalaciodehierro.com/tods bolsa di bag folio 44767147.html?cid=102005,"ULTIMAS PIEZAS | TOD S | Bolsa Di Bag Folio | $49,300.00 | $39,440.00"
El Palacio de Hierro,STEVE MADDEN,Bolsa tote negra Btonic acolchada Mujer,,2799,https://www.elpalaciodehierro.com/tods bolsa magenta 44767117.html?cid=102005,"ULTIMAS PIEZAS | TOD S | Bolsa Magenta | $49,300.00 | $39,440.00"
El Palacio de Hierro,STEVE MADDEN,Bolsa Tote texturizada Mujer,,2699,https://www.elpalaciodehierro.com/tods bolsa secchiello 44767173.html?cid=102005,"ULTIMAS PIEZAS | TOD S | Bolsa Secchiello | $43,500.00 | $34,800.00"
El Palacio de Hierro,STEVE MADDEN,Bolso Crossbody,,2399,https://www.elpalaciodehierro.com/tods bolsa sechiello t timeless 44767159.html?cid=102005,"ULTIMAS PIEZAS | TOD S | Bolsa Sechiello T Timeless | $46,500.00 | $37,200.00"
El Palacio de Hierro,STEVE MADDEN,Cangurera Bjetta capitonada Mujer,,2099,https://www.elpalaciodehierro.com/tods bolsa t timeless 44767135.html?cid=102005,"ULTIMAS PIEZAS | TOD S | Bolsa T Timeless | $69,700.00 | $55,760.00"
El Palacio de Hierro,STEVE MADDEN,Cartera con logo Mujer,,1799,https://www.elpalaciodehierro.com/tods bolsa t timeless 44767139.html?cid=102005,"ULTIMAS PIEZAS | TOD S | Bolsa T Timeless | $55,100.00 | $44,080.00"
El Palacio de Hierro,STEVE MADDEN,Cartera granulada Mujer,,1799,https://www.elpalaciodehierro.com/tods bolsa t timeless 44767145.html?cid=102005,"ULTIMAS PIEZAS | TOD S | Bolsa T Timeless | $43,600.00 | $34,880.00"
El Palacio de Hierro,STEVE MADDEN,Cartera lisa Mujer,,1599,https://www.elpalaciodehierro.com/tommy hilfiger bolsa crossbody beige icon lisa mujer 45078413.html?cid=102005,"MESES SIN INTERESES | TOMMY HILFIGER | Bolsa crossbody beige Icon lisa Mujer | $2,699.00"
El Palacio de Hierro,STEVE MADDEN,Cartera negra microdiseño Mujer,,1099,https://www.elpalaciodehierro.com/tommy hilfiger bolsa crossbody con estampado mujer 45276679.html?cid=102005,"MESES SIN INTERESES | TOMMY HILFIGER | Bolsa Crossbody con estampado Mujer | $2,299.00"
El Palacio de Hierro,STEVE MADDEN,Mochila Bjasey Mujer,,2799,https://www.elpalaciodehierro.com/tommy hilfiger bolsa crossbody lisa mujer 45276683.html?cid=102005,"MESES SIN INTERESES | TOMMY HILFIGER | Bolsa Crossbody lisa Mujer | $1,999.00"
El Palacio de Hierro,TANYA MOSS,Bolsa Crossbody en piel lisa Mujer,,4390,https://www.elpalaciodehierro.com/tommy hilfiger bolsa crossbody negra icon lisa mujer 45078412.html?cid=102005,"MESES SIN INTERESES | TOMMY HILFIGER | Bolsa crossbody negra Icon lisa Mujer | $2,699.00"
El Palacio de Hierro,TANYA MOSS,Bolsa tote gris Mujer,,6290,https://www.elpalaciodehierro.com/tommy hilfiger bolsa hobo negra bright lisa mujer 45078406.html?cid=102005,"MESES SIN INTERESES | TOMMY HILFIGER | Bolsa hobo negra Bright lisa Mujer | $3,499.00 | $2,099.40"
El Palacio de Hierro,TANYA MOSS,Bolso mini tote negro en piel Mujer,,6290,https://www.elpalaciodehierro.com/tommy hilfiger bolsa hobo vino bright lisa mujer 45078407.html?cid=102005,"MESES SIN INTERESES | TOMMY HILFIGER | Bolsa hobo vino Bright lisa Mujer | $3,499.00"
El Palacio de Hierro,TANYA MOSS,Cartera en piel lisa con detalle texturizado Mujer,,2990,https://www.elpalaciodehierro.com/tommy hilfiger bolsa shoulder bold script con logo mujer 44763698.html?cid=102005,"MESES SIN INTERESES | TOMMY HILFIGER | Bolsa Shoulder Bold Script con logo Mujer | $2,499.00 | $1,499.40"
El Palacio de Hierro,TANYA MOSS,Tarjetero en piel Mujer,,1490,https://www.elpalaciodehierro.com/tommy hilfiger bolsa shoulder multicolor must animalprint mujer 45078411.html?cid=102005,"MESES SIN INTERESES | TOMMY HILFIGER | Bolsa shoulder multicolor Must animalprint Mujer | $3,699.00"
El Palacio de Hierro,TANYA MOSS,Tarjetero Moss horizontal azulverde en piel Mujer,,1490,https://www.elpalaciodehierro.com/tommy hilfiger bolsa tote azul icon lisa mujer 45078405.html?cid=102005,"MESES SIN INTERESES | TOMMY HILFIGER | Bolsa tote azul Icon lisa Mujer | $3,999.00"
El Palacio de Hierro,THE NORTH FACE,Mochila Borealis Mujer,,2590,https://www.elpalaciodehierro.com/tommy hilfiger bolsa tote con estampado mujer 45276680.html?cid=102005,"MESES SIN INTERESES | TOMMY HILFIGER | Bolsa Tote con estampado Mujer | $2,699.00"
El Palacio de Hierro,THE NORTH FACE,Mochila casual Surge Mujer,,3290,https://www.elpalaciodehierro.com/tommy hilfiger bolsa tote lisa mujer 45276681.html?cid=102005,"MESES SIN INTERESES | TOMMY HILFIGER | Bolsa Tote lisa Mujer | $2,999.00"
El Palacio de Hierro,THE NORTH FACE,Mochila Jester Mujer,,2190,https://www.elpalaciodehierro.com/tommy hilfiger bolsa tote lisa mujer 45276686.html?cid=102005,"MESES SIN INTERESES | TOMMY HILFIGER | Bolsa Tote lisa Mujer | $3,499.00"
El Palacio de Hierro,TOD S,TOD S,52200,41760,https://www.elpalaciodehierro.com/tommy hilfiger bolsa tote multicolor latam con monogram mujer 45078408.html?cid=102005,"MESES SIN INTERESES | TOMMY HILFIGER | Bolsa tote multicolor Latam con monogram Mujer | $2,999.00"
El Palacio de Hierro,TOD S,TOD S,49300,39440,https://www.elpalaciodehierro.com/tommy hilfiger bolsa tote negra icon lisa mujer 45078416.html?cid=102005,"MESES SIN INTERESES | TOMMY HILFIGER | Bolsa tote negra Icon lisa Mujer | $3,999.00"
El Palacio de Hierro,TOD S,TOD S,49300,39440,https://www.elpalaciodehierro.com/tommy hilfiger cartera cafe icon lisa mujer 45078409.html?cid=102005,"MESES SIN INTERESES | TOMMY HILFIGER | Cartera café Icon lisa Mujer | $1,999.00"
El Palacio de Hierro,TOD S,TOD S,43500,34800,https://www.elpalaciodehierro.com/tommy hilfiger cartera con estampado mujer 45276685.html?cid=102005,"MESES SIN INTERESES | TOMMY HILFIGER | Cartera con estampado Mujer | $1,699.00"
El Palacio de Hierro,TOD S,TOD S,46500,37200,https://www.elpalaciodehierro.com/tommy hilfiger cartera con monogram mujer 45276684.html?cid=102005,"MESES SIN INTERESES | TOMMY HILFIGER | Cartera con monogram Mujer | $1,699.00"
El Palacio de Hierro,TOD S,TOD S,69700,55760,https://www.elpalaciodehierro.com/tommy hilfiger cartera distinct mujer 44597925.html?cid=102005,"MESES SIN INTERESES | TOMMY HILFIGER | Cartera Distinct Mujer | $1,499.00"
El Palacio de Hierro,TOD S,TOD S,55100,44080,https://www.elpalaciodehierro.com/tommy hilfiger cartera en piel lisa mujer 45276687.html?cid=102005,"MESES SIN INTERESES | TOMMY HILFIGER | Cartera en piel lisa Mujer | $1,699.00"
El Palacio de Hierro,TOD S,TOD S,43600,34880,https://www.elpalaciodehierro.com/tommy hilfiger cartera vino icon lisa mujer 45078404.html?cid=102005,"MESES SIN INTERESES | TOMMY HILFIGER | Cartera vino Icon lisa Mujer | $1,499.00"
El Palacio de Hierro,TOMMY HILFIGER,Bolsa crossbody beige Icon lisa Mujer,,2699,https://www.elpalaciodehierro.com/tommy hilfiger mochila con logotipo mujer 44763712.html?cid=102005,"MESES SIN INTERESES | TOMMY HILFIGER | Mochila con Logotipo Mujer | $2,999.00"
El Palacio de Hierro,TOMMY HILFIGER,Bolsa Crossbody con estampado Mujer,,2299,https://www.elpalaciodehierro.com/tory burch bolsa 45098768.html?cid=102005,"MESES SIN INTERESES | TORY BURCH | BOLSA | $14,990.00 | $10,493.00"
El Palacio de Hierro,TOMMY HILFIGER,Bolsa Crossbody lisa Mujer,,1999,https://www.elpalaciodehierro.com/tory burch bolsa bucket romy grande 45220601.html?cid=102005,"MESES SIN INTERESES | TORY BURCH | Bolsa Bucket Romy Grande | $11,290.00"
El Palacio de Hierro,TOMMY HILFIGER,Bolsa crossbody negra Icon lisa Mujer,,2699,https://www.elpalaciodehierro.com/tory burch bolsa bucket t monogram 44725525.html?cid=102005,"MESES SIN INTERESES | TORY BURCH | Bolsa Bucket T Monogram | $10,990.00"
El Palacio de Hierro,TOMMY HILFIGER,Bolsa hobo negra Bright lisa Mujer,3499,2099.4,https://www.elpalaciodehierro.com/tory burch bolsa bucket t monogram 44725526.html?cid=102005,"MESES SIN INTERESES | TORY BURCH | Bolsa Bucket T Monogram | $8,990.00"
El Palacio de Hierro,TOMMY HILFIGER,Bolsa hobo vino Bright lisa Mujer,,3499,https://www.elpalaciodehierro.com/tory burch bolsa bucket t monogram 45300772.html?cid=102005,"MESES SIN INTERESES | TORY BURCH | Bolsa Bucket T Monogram | $11,990.00"
El Palacio de Hierro,TOMMY HILFIGER,Bolsa Shoulder Bold Script con logo Mujer,2499,1499.4,https://www.elpalaciodehierro.com/tory burch bolsa crossbody fleming 45300769.html?cid=102005,"MESES SIN INTERESES | TORY BURCH | Bolsa Crossbody Fleming | $8,690.00"
El Palacio de Hierro,TOMMY HILFIGER,Bolsa shoulder multicolor Must animalprint Mujer,,3699,https://www.elpalaciodehierro.com/tory burch bolsa crossbody fleming de suede 45045364.html?cid=102005,"MESES SIN INTERESES | TORY BURCH | Bolsa crossbody Fleming de Suede | $9,990.00 | $6,993.00"
El Palacio de Hierro,TOMMY HILFIGER,Bolsa tote azul Icon lisa Mujer,,3999,https://www.elpalaciodehierro.com/tory burch bolsa crossbody mini miller beige 44992766.html?cid=102005,"MESES SIN INTERESES | TORY BURCH | Bolsa crossbody Mini Miller beige | $6,790.00 | $4,753.00"
El Palacio de Hierro,TOMMY HILFIGER,Bolsa Tote con estampado Mujer,,2699,https://www.elpalaciodehierro.com/tory burch bolsa crossbody romy zip top 45220599.html?cid=102005,"MESES SIN INTERESES | TORY BURCH | Bolsa Crossbody Romy Zip Top | $5,190.00"
El Palacio de Hierro,TOMMY HILFIGER,Bolsa Tote lisa Mujer,,2999,https://www.elpalaciodehierro.com/tory burch bolsa de hombro pequeno romy de ante con costuras de punto 45220608.html?cid=102005,"MESES SIN INTERESES | TORY BURCH | Bolsa de hombro pequeño Romy de ante con costuras de punto | $7,990.00"
El Palacio de Hierro,TOMMY HILFIGER,Bolsa Tote lisa Mujer,,3499,https://www.elpalaciodehierro.com/tory burch bolsa fleming mini hobo 45045355.html?cid=102005,"MESES SIN INTERESES | TORY BURCH | Bolsa Fleming Mini Hobo | $13,290.00 | $9,303.00"
El Palacio de Hierro,TOMMY HILFIGER,Bolsa tote multicolor Latam con monogram Mujer,,2999,https://www.elpalaciodehierro.com/tory burch bolsa hobo fleming 44725514.html?cid=102005,"MESES SIN INTERESES | TORY BURCH | Bolsa Hobo Fleming | $20,990.00 | $14,693.00"
El Palacio de Hierro,TOMMY HILFIGER,Bolsa tote negra Icon lisa Mujer,,3999,https://www.elpalaciodehierro.com/tory burch bolsa hobo fleming 45045354.html?cid=102005,"MESES SIN INTERESES | TORY BURCH | Bolsa Hobo Fleming | $23,990.00 | $16,793.00"
El Palacio de Hierro,TOMMY HILFIGER,Cartera café Icon lisa Mujer,,1999,https://www.elpalaciodehierro.com/tory burch bolsa hobo mini fleming 45300770.html?cid=102005,"MESES SIN INTERESES | TORY BURCH | Bolsa Hobo Mini Fleming | $10,690.00"
El Palacio de Hierro,TOMMY HILFIGER,Cartera con estampado Mujer,,1699,https://www.elpalaciodehierro.com/tory burch bolsa hobo romy pebbled 44725562.html?cid=102005,"MESES SIN INTERESES | TORY BURCH | Bolsa Hobo Romy Pebbled | $11,290.00 | $7,903.00"
El Palacio de Hierro,TOMMY HILFIGER,Cartera con monogram Mujer,,1699,https://www.elpalaciodehierro.com/tory burch bolsa hobo t monogram 44725554.html?cid=102005,"MESES SIN INTERESES | TORY BURCH | Bolsa hobo T Monogram | $14,490.00 | $10,143.00"
El Palacio de Hierro,TOMMY HILFIGER,Cartera Distinct Mujer,,1499,https://www.elpalaciodehierro.com/tory burch bolsa messenger en piel mujer 45098774.html?cid=102005,"MESES SIN INTERESES | TORY BURCH | Bolsa Messenger en piel Mujer | $10,990.00 | $7,693.00"
El Palacio de Hierro,TOMMY HILFIGER,Cartera en piel lisa Mujer,,1699,https://www.elpalaciodehierro.com/tory burch bolsa messenger mujer 45098773.html?cid=102005,"MESES SIN INTERESES | TORY BURCH | Bolsa Messenger Mujer | $10,990.00 | $7,693.00"
El Palacio de Hierro,TOMMY HILFIGER,Cartera vino Icon lisa Mujer,,1499,https://www.elpalaciodehierro.com/tory burch bolsa mini backpack kira diamond quilt distressed 44725568.html?cid=102005,"MESES SIN INTERESES | TORY BURCH | Bolsa Mini Backpack Kira Diamond Quilt Distressed | $13,990.00 | $9,793.00"
El Palacio de Hierro,TOMMY HILFIGER,Mochila con Logotipo Mujer,,2999,https://www.elpalaciodehierro.com/tory burch bolsa mujer 44992769.html?cid=102005,"MESES SIN INTERESES | TORY BURCH | Bolsa Mujer | $7,890.00 | $5,523.00"
El Palacio de Hierro,TORY BURCH,BOLSA,14990,10493,https://www.elpalaciodehierro.com/tory burch bolsa mujer 45045356.html?cid=102005,"MESES SIN INTERESES | TORY BURCH | Bolsa Mujer | $14,990.00 | $10,493.00"
El Palacio de Hierro,TORY BURCH,Bolsa Bucket Romy Grande,,11290,https://www.elpalaciodehierro.com/tory burch bolsa mujer 45045358.html?cid=102005,"MESES SIN INTERESES | TORY BURCH | Bolsa Mujer | $11,990.00 | $8,393.00"
El Palacio de Hierro,TORY BURCH,Bolsa Bucket T Monogram,,10990,https://www.elpalaciodehierro.com/tory burch bolsa mujer 45045360.html?cid=102005,"MESES SIN INTERESES | TORY BURCH | Bolsa Mujer | $10,490.00 | $7,343.00"
El Palacio de Hierro,TORY BURCH,Bolsa Bucket T Monogram,,8990,https://www.elpalaciodehierro.com/tory burch bolsa pequena shoulder en piel vacuna granulada romy 45220598.html?cid=102005,"MESES SIN INTERESES | TORY BURCH | Bolsa pequeña shoulder en piel vacuna granulada Romy | $6,790.00"
El Palacio de Hierro,TORY BURCH,Bolsa Bucket T Monogram,,11990,https://www.elpalaciodehierro.com/tory burch bolsa romy tote 44992762.html?cid=102005,"MESES SIN INTERESES | TORY BURCH | Bolsa Romy Tote | $13,490.00"
El Palacio de Hierro,TORY BURCH,Bolsa Crossbody Fleming,,8690,https://www.elpalaciodehierro.com/tory burch bolsa shoulder cafe kira quilt lisa 45324652.html?cid=102005,"MESES SIN INTERESES | TORY BURCH | Bolsa Shoulder Café Kira Quilt Lisa | $12,990.00"
El Palacio de Hierro,TORY BURCH,Bolsa crossbody Fleming de Suede,9990,6993,https://www.elpalaciodehierro.com/tory burch bolsa shoulder en piel kira lisa 45300767.html?cid=102005,"MESES SIN INTERESES | TORY BURCH | Bolsa shoulder en piel Kira lisa | $9,990.00"
El Palacio de Hierro,TORY BURCH,Bolsa crossbody Mini Miller beige,6790,4753,https://www.elpalaciodehierro.com/tory burch bolsa shoulder en piel mujer 45098769.html?cid=102005,"MESES SIN INTERESES | TORY BURCH | Bolsa Shoulder en piel Mujer | $14,990.00 | $10,493.00"
El Palacio de Hierro,TORY BURCH,Bolsa Crossbody Romy Zip Top,,5190,https://www.elpalaciodehierro.com/tory burch bolsa shoulder en piel mujer 45098770.html?cid=102005,"MESES SIN INTERESES | TORY BURCH | Bolsa Shoulder en piel Mujer | $11,290.00"
El Palacio de Hierro,TORY BURCH,Bolsa de hombro pequeño Romy de ante con costuras de punto,,7990,https://www.elpalaciodehierro.com/tory burch bolsa shoulder en piel mujer 45098775.html?cid=102005,"MESES SIN INTERESES | TORY BURCH | Bolsa Shoulder en piel Mujer | $7,990.00"
El Palacio de Hierro,TORY BURCH,Bolsa Fleming Mini Hobo,13290,9303,https://www.elpalaciodehierro.com/tory burch bolsa shoulder kira 45300765.html?cid=102005,"MESES SIN INTERESES | TORY BURCH | Bolsa Shoulder Kira | $9,990.00"
El Palacio de Hierro,TORY BURCH,Bolsa Hobo Fleming,20990,14693,https://www.elpalaciodehierro.com/tory burch bolsa shoulder kira diamond quilt 44725553.html?cid=102005,"MESES SIN INTERESES | TORY BURCH | Bolsa Shoulder Kira Diamond Quilt | $14,290.00 | $10,003.00"
El Palacio de Hierro,TORY BURCH,Bolsa Hobo Fleming,23990,16793,https://www.elpalaciodehierro.com/tory burch bolsa shoulder kira diamond quilt distressed small 44725567.html?cid=102005,"MESES SIN INTERESES | TORY BURCH | Bolsa Shoulder Kira Diamond Quilt Distressed Small | $15,990.00 | $11,193.00"
El Palacio de Hierro,TORY BURCH,Bolsa Hobo Mini Fleming,,10690,https://www.elpalaciodehierro.com/tory burch bolsa shoulder romy chica suede 45045365.html?cid=102005,"MESES SIN INTERESES | TORY BURCH | Bolsa Shoulder Romy Chica Suede | $7,890.00 | $5,523.00"
El Palacio de Hierro,TORY BURCH,Bolsa Hobo Romy Pebbled,11290,7903,https://www.elpalaciodehierro.com/tory burch bolsa shoulder t monogram suede 44725551.html?cid=102005,"MESES SIN INTERESES | TORY BURCH | Bolsa Shoulder T Monogram Suede | $14,490.00 | $10,143.00"
El Palacio de Hierro,TORY BURCH,Bolsa hobo T Monogram,14490,10143,https://www.elpalaciodehierro.com/tory burch bolsa tipo cubo de lona recubierta con monograma t 44424226.html?cid=102005,"MESES SIN INTERESES | TORY BURCH | Bolsa Tipo Cubo De Lona Recubierta Con Monograma T | $11,290.00 | $7,903.00"
El Palacio de Hierro,TORY BURCH,Bolsa Messenger en piel Mujer,10990,7693,https://www.elpalaciodehierro.com/tory burch bolsa tote ella patent 44992771.html?cid=102005,"MESES SIN INTERESES | TORY BURCH | Bolsa tote Ella Patent | $5,990.00"
El Palacio de Hierro,TORY BURCH,Bolsa Messenger Mujer,10990,7693,https://www.elpalaciodehierro.com/tory burch bolsa tote ella twist 45220602.html?cid=102005,"MESES SIN INTERESES | TORY BURCH | Bolsa Tote Ella Twist | $6,790.00"
El Palacio de Hierro,TORY BURCH,Bolsa Mini Backpack Kira Diamond Quilt Distressed,13990,9793,https://www.elpalaciodehierro.com/tory burch bolsa tote en piel mujer 45098771.html?cid=102005,"MESES SIN INTERESES | TORY BURCH | Bolsa Tote en piel Mujer | $18,990.00"
El Palacio de Hierro,TORY BURCH,Bolsa Mujer,7890,5523,https://www.elpalaciodehierro.com/tory burch bolsa tote en piel negra romy mujer 44418500.html?cid=102005,"MESES SIN INTERESES | TORY BURCH | Bolsa tote en piel negra Romy Mujer | $13,490.00 | $9,443.00"
El Palacio de Hierro,TORY BURCH,Bolsa Mujer,14990,10493,https://www.elpalaciodehierro.com/tory burch bolsa tote perry 45045359.html?cid=102005,"MESES SIN INTERESES | TORY BURCH | Bolsa Tote Perry | $11,990.00 | $8,393.00"
El Palacio de Hierro,TORY BURCH,Bolsa Mujer,11990,8393,https://www.elpalaciodehierro.com/tory burch bolso pequeno ella 44992763.html?cid=102005,"MESES SIN INTERESES | TORY BURCH | Bolso pequeño Ella | $5,590.00"
El Palacio de Hierro,TORY BURCH,Bolsa Mujer,10490,7343,https://www.elpalaciodehierro.com/tory burch cartera en piel mujer 45098777.html?cid=102005,"MESES SIN INTERESES | TORY BURCH | Cartera en piel Mujer | $5,990.00"
El Palacio de Hierro,TORY BURCH,Bolsa pequeña shoulder en piel vacuna granulada Romy,,6790,https://www.elpalaciodehierro.com/tory burch cartera en piel mujer 45098779.html?cid=102005,"MESES SIN INTERESES | TORY BURCH | Cartera en piel Mujer | $4,790.00"
El Palacio de Hierro,TORY BURCH,Bolsa Romy Tote,,13490,https://www.elpalaciodehierro.com/tory burch cartera en piel mujer 45098781.html?cid=102005,"MESES SIN INTERESES | TORY BURCH | Cartera en piel Mujer | $6,990.00 | $4,893.00"
El Palacio de Hierro,TORY BURCH,Bolsa Shoulder Café Kira Quilt Lisa,,12990,https://www.elpalaciodehierro.com/tory burch cartera estampado jacquard 45300773.html?cid=102005,"MESES SIN INTERESES | TORY BURCH | Cartera estampado jacquard | $3,790.00"
El Palacio de Hierro,TORY BURCH,Bolsa shoulder en piel Kira lisa,,9990,https://www.elpalaciodehierro.com/tory burch cartera kira lisa mujer 45098780.html?cid=102005,"MESES SIN INTERESES | TORY BURCH | Cartera Kira lisa Mujer | $5,490.00 | $3,843.00"
El Palacio de Hierro,TORY BURCH,Bolsa Shoulder en piel Mujer,14990,10493,https://www.elpalaciodehierro.com/tory burch cartera larga t monogram envelope 45045366.html?cid=102005,"MESES SIN INTERESES | TORY BURCH | Cartera larga T Monogram Envelope | $5,990.00 | $4,193.00"
El Palacio de Hierro,TORY BURCH,Bolsa Shoulder en piel Mujer,,11290,https://www.elpalaciodehierro.com/tory burch cartera romy 45300774.html?cid=102005,"MESES SIN INTERESES | TORY BURCH | Cartera Romy | $3,890.00"
El Palacio de Hierro,TORY BURCH,Bolsa Shoulder en piel Mujer,,7990,https://www.elpalaciodehierro.com/tory burch cartera rosa estampada monogram 45300776.html?cid=102005,"MESES SIN INTERESES | TORY BURCH | Cartera Rosa Estampada Monogram | $4,250.00"
El Palacio de Hierro,TORY BURCH,Bolsa Shoulder Kira,,9990,https://www.elpalaciodehierro.com/tory burch ella twist 45220605.html?cid=102005,"MESES SIN INTERESES | TORY BURCH | Ella Twist | $6,790.00"
El Palacio de Hierro,TORY BURCH,Bolsa Shoulder Kira Diamond Quilt,14290,10003,https://www.elpalaciodehierro.com/tory burch kira diamond quilt cartera pequena con cremallera 44725477.html?cid=102005,"MESES SIN INTERESES | TORY BURCH | Kira Diamond Quilt Cartera Pequeña con Cremallera | $4,990.00 | $3,493.00"
El Palacio de Hierro,TORY BURCH,Bolsa Shoulder Kira Diamond Quilt Distressed Small,15990,11193,https://www.elpalaciodehierro.com/tory burch romy suede pick stitch bucket bag 45220607.html?cid=102005,"MESES SIN INTERESES | TORY BURCH | Romy Suede Pick Stitch Bucket Bag | $9,990.00"
El Palacio de Hierro,TORY BURCH,Bolsa Shoulder Romy Chica Suede,7890,5523,https://www.elpalaciodehierro.com/totto mochila antirrobo twill unisex 45228561.html?cid=102005,"MESES SIN INTERESES | TOTTO | Mochila antirrobo Twill Unisex | $1,489.00 | $893.40"
El Palacio de Hierro,TORY BURCH,Bolsa Shoulder T Monogram Suede,14490,10143,https://www.elpalaciodehierro.com/totto mochila campus xl mujer 45228563.html?cid=102005,"MESES SIN INTERESES | TOTTO | Mochila Campus XL Mujer | $1,729.00 | $1,037.40"
El Palacio de Hierro,TORY BURCH,Bolsa Tipo Cubo De Lona Recubierta Con Monograma T,11290,7903,https://www.elpalaciodehierro.com/totto mochila escolar antirrobo mujer 45232351.html?cid=102005,"MESES SIN INTERESES | TOTTO | Mochila Escolar Antirrobo Mujer | $1,489.00 | $893.40"
El Palacio de Hierro,TORY BURCH,Bolsa tote Ella Patent,,5990,https://www.elpalaciodehierro.com/totto mochila escolar grow mujer 45232353.html?cid=102005,"MESES SIN INTERESES | TOTTO | Mochila Escolar Grow Mujer | $1,789.00 | $1,073.40"
El Palacio de Hierro,TORY BURCH,Bolsa Tote Ella Twist,,6790,https://www.elpalaciodehierro.com/totto mochila escolar krimmler 2.0 mujer 45232354.html?cid=102005,"MESES SIN INTERESES | TOTTO | Mochila Escolar Krimmler 2.0 Mujer | $1,739.00 | $1,043.40"
El Palacio de Hierro,TORY BURCH,Bolsa Tote en piel Mujer,,18990,https://www.elpalaciodehierro.com/totto mochila escolar modena m2 mujer 45228559.html?cid=102005,"MESES SIN INTERESES | TOTTO | Mochila escolar Modena M2 Mujer | $1,099.00 | $659.40"
El Palacio de Hierro,TORY BURCH,Bolsa tote en piel negra Romy Mujer,13490,9443,https://www.elpalaciodehierro.com/totto mochila krimmler 2.0 unisex 45228566.html?cid=102005,"MESES SIN INTERESES | TOTTO | Mochila Krimmler 2.0 Unisex | $1,739.00 | $1,043.40"
El Palacio de Hierro,TORY BURCH,Bolsa Tote Perry,11990,8393,https://www.elpalaciodehierro.com/totto mochila plaine 2.0 mujer 45228568.html?cid=102005,"MESES SIN INTERESES | TOTTO | Mochila Plaine 2.0 Mujer | $1,439.00 | $863.40"
El Palacio de Hierro,TORY BURCH,Bolso pequeño Ella,,5590,https://www.elpalaciodehierro.com/totto mochila tracer 4 mujer 45228570.html?cid=102005,"MESES SIN INTERESES | TOTTO | Mochila Tracer 4 Mujer | $1,339.00 | $803.40"
El Palacio de Hierro,TORY BURCH,Cartera en piel Mujer,,5990,https://www.elpalaciodehierro.com/tous billetera con monogram mujer 44810450.html?cid=102005,"15% COMPRANDO 2 O MÁS | TOUS | Billetera con monogram Mujer | $3,750.00"
El Palacio de Hierro,TORY BURCH,Cartera en piel Mujer,,4790,https://www.elpalaciodehierro.com/tous bolsa bowler kaos estampado mujer 45276783.html?cid=102005,"15% COMPRANDO 2 O MÁS | TOUS | Bolsa bowler Kaos estampado Mujer | $4,750.00"
El Palacio de Hierro,TORY BURCH,Cartera en piel Mujer,6990,4893,https://www.elpalaciodehierro.com/tous bolsa bucket back to basics fantasia mujer 45185745.html?cid=102005,"15% COMPRANDO 2 O MÁS | TOUS | Bolsa bucket Back to basics fantasía Mujer | $3,000.00"
El Palacio de Hierro,TORY BURCH,Cartera estampado jacquard,,3790,https://www.elpalaciodehierro.com/tous bolsa bucket back to basics liso mujer 45276822.html?cid=102005,"15% COMPRANDO 2 O MÁS | TOUS | Bolsa bucket Back to basics liso Mujer | $7,000.00"
El Palacio de Hierro,TORY BURCH,Cartera Kira lisa Mujer,5490,3843,https://www.elpalaciodehierro.com/tous bolsa bucket back to basics liso mujer 45276823.html?cid=102005,"15% COMPRANDO 2 O MÁS | TOUS | Bolsa bucket Back to basics liso Mujer | $7,000.00 | $4,900.00"
El Palacio de Hierro,TORY BURCH,Cartera larga T Monogram Envelope,5990,4193,https://www.elpalaciodehierro.com/tous bolsa bucket beige empire soft mujer 41668652.html?cid=102005,"15% COMPRANDO 2 O MÁS | TOUS | Bolsa bucket beige Empire Soft Mujer | $3,750.00 | $2,250.00"
El Palacio de Hierro,TORY BURCH,Cartera Romy,,3890,https://www.elpalaciodehierro.com/tous bolsa bucket en piel hold liso mujer 45276800.html?cid=102005,"15% COMPRANDO 2 O MÁS | TOUS | Bolsa bucket en piel Hold liso Mujer | $7,000.00"
El Palacio de Hierro,TORY BURCH,Cartera Rosa Estampada Monogram,,4250,https://www.elpalaciodehierro.com/tous bolsa bucket en piel hold liso mujer 45276804.html?cid=102005,"15% COMPRANDO 2 O MÁS | TOUS | Bolsa bucket en piel Hold liso Mujer | $6,500.00"
El Palacio de Hierro,TORY BURCH,Ella Twist,,6790,https://www.elpalaciodehierro.com/tous bolsa bucket en piel kaos estampado mujer 45276779.html?cid=102005,"15% COMPRANDO 2 O MÁS | TOUS | Bolsa bucket en piel Kaos estampado Mujer | $4,750.00"
El Palacio de Hierro,TORY BURCH,Kira Diamond Quilt Cartera Pequeña con Cremallera,4990,3493,https://www.elpalaciodehierro.com/tous bolsa bucket kaos estampado mujer 45276787.html?cid=102005,"15% COMPRANDO 2 O MÁS | TOUS | Bolsa bucket Kaos estampado Mujer | $6,000.00"
El Palacio de Hierro,TORY BURCH,Romy Suede Pick Stitch Bucket Bag,,9990,https://www.elpalaciodehierro.com/tous bolsa bucket mujer 44949790.html?cid=102005,"15% COMPRANDO 2 O MÁS | TOUS | Bolsa Bucket Mujer | $7,500.00"
El Palacio de Hierro,TOTTO,Mochila antirrobo Twill Unisex,1489,893.4,https://www.elpalaciodehierro.com/tous bolsa bucket negro empire soft mujer 41668651.html?cid=102005,"15% COMPRANDO 2 O MÁS | TOUS | Bolsa bucket negro Empire Soft Mujer | $3,750.00 | $2,250.00"
El Palacio de Hierro,TOTTO,Mochila Campus XL Mujer,1729,1037.4,https://www.elpalaciodehierro.com/tous bolsa clutch audree saffiano mujer 45185749.html?cid=102005,"15% COMPRANDO 2 O MÁS | TOUS | Bolsa Clutch Audree Saffiano Mujer | $3,750.00 | $2,250.00"
El Palacio de Hierro,TOTTO,Mochila Escolar Antirrobo Mujer,1489,893.4,https://www.elpalaciodehierro.com/tous bolsa crossbody audree lisa mujer 45347077.html?cid=102005,"15% COMPRANDO 2 O MÁS | TOUS | Bolsa crossbody Audree lisa Mujer | $5,500.00"
El Palacio de Hierro,TOTTO,Mochila Escolar Grow Mujer,1789,1073.4,https://www.elpalaciodehierro.com/tous bolsa crossbody audree lisa mujer 45347081.html?cid=102005,"15% COMPRANDO 2 O MÁS | TOUS | Bolsa crossbody Audree lisa Mujer | $6,000.00"
El Palacio de Hierro,TOTTO,Mochila Escolar Krimmler 2.0 Mujer,1739,1043.4,https://www.elpalaciodehierro.com/tous bolsa crossbody audree mujer 44810457.html?cid=102005,"15% COMPRANDO 2 O MÁS | TOUS | Bolsa Crossbody Audree Mujer | $5,500.00 | $4,400.00"
El Palacio de Hierro,TOTTO,Mochila escolar Modena M2 Mujer,1099,659.4,https://www.elpalaciodehierro.com/tous bolsa crossbody audree mujer 45185753.html?cid=102005,"15% COMPRANDO 2 O MÁS | TOUS | Bolsa Crossbody Audree Mujer | $6,000.00"
El Palacio de Hierro,TOTTO,Mochila Krimmler 2.0 Unisex,1739,1043.4,https://www.elpalaciodehierro.com/tous bolsa crossbody audree mujer 45185757.html?cid=102005,"15% COMPRANDO 2 O MÁS | TOUS | Bolsa Crossbody Audree Mujer | $6,000.00 | $4,800.00"
El Palacio de Hierro,TOTTO,Mochila Plaine 2.0 Mujer,1439,863.4,https://www.elpalaciodehierro.com/tous bolsa crossbody audree mujer 45185760.html?cid=102005,"15% COMPRANDO 2 O MÁS | TOUS | Bolsa Crossbody Audree Mujer | $5,500.00 | $3,300.00"
El Palacio de Hierro,TOTTO,Mochila Tracer 4 Mujer,1339,803.4,https://www.elpalaciodehierro.com/tous bolsa crossbody audree saffiano mujer 44501467.html?cid=102005,"15% COMPRANDO 2 O MÁS | TOUS | Bolsa Crossbody Audree Saffiano Mujer | $6,000.00 | + 1 MÁS"
El Palacio de Hierro,TOUS,Bolsa crossbody para mujer,,3750,https://www.elpalaciodehierro.com/tous bolsa crossbody back to basics lisa mujer 45347096.html?cid=102005,"15% COMPRANDO 2 O MÁS | TOUS | Bolsa crossbody Back To Basics lisa Mujer | $3,000.00"
El Palacio de Hierro,TOUS,Bolsa crossbody para mujer,,4750,https://www.elpalaciodehierro.com/tous bolsa crossbody beige brenda con logotipo mujer 43972229.html?cid=102005,"15% COMPRANDO 2 O MÁS | TOUS | Bolsa crossbody beige Brenda con logotipo Mujer | $4,750.00"
El Palacio de Hierro,TOUS,Bolsa crossbody para mujer,,3000,https://www.elpalaciodehierro.com/tous bolsa crossbody brenda fantasia mujer 44713207.html?cid=102005,"15% COMPRANDO 2 O MÁS | TOUS | Bolsa crossbody Brenda fantasía Mujer | $3,000.00"
El Palacio de Hierro,TOUS,Bolsa crossbody para mujer,,7000,https://www.elpalaciodehierro.com/tous bolsa crossbody brenda liso mujer 44324324.html?cid=102005,"15% COMPRANDO 2 O MÁS | TOUS | Bolsa crossbody Brenda liso Mujer | $4,750.00"
El Palacio de Hierro,TOUS,Bolsa crossbody para mujer,7000,4900,https://www.elpalaciodehierro.com/tous bolsa crossbody brenda mujer 44501552.html?cid=102005,"15% COMPRANDO 2 O MÁS | TOUS | Bolsa Crossbody Brenda Mujer | $4,750.00"
El Palacio de Hierro,TOUS,Bolsa crossbody para mujer,3750,2250,https://www.elpalaciodehierro.com/tous bolsa crossbody brenda mujer 44713192.html?cid=102005,"15% COMPRANDO 2 O MÁS | TOUS | Bolsa Crossbody Brenda Mujer | $5,500.00 | $4,400.00"
El Palacio de Hierro,TOUS,Bolsa crossbody para mujer,,7000,https://www.elpalaciodehierro.com/tous bolsa crossbody city liso mujer 45298896.html?cid=102005,"15% COMPRANDO 2 O MÁS | TOUS | Bolsa crossbody city liso Mujer | $5,500.00"
El Palacio de Hierro,TOUS,Bolsa crossbody para mujer,,6500,https://www.elpalaciodehierro.com/tous bolsa crossbody con logo mujer 44713196.html?cid=102005,"15% COMPRANDO 2 O MÁS | TOUS | Bolsa Crossbody con logo Mujer | $4,750.00 | $3,800.00"
El Palacio de Hierro,TOUS,Bolsa crossbody para mujer,,4750,https://www.elpalaciodehierro.com/tous bolsa crossbody en piel audree mujer 44984076.html?cid=102005,"TOUS | Bolsa Crossbody en piel Audree Mujer | $8,500.00"
El Palacio de Hierro,TOUS,Bolsa crossbody para mujer,,6000,https://www.elpalaciodehierro.com/tous bolsa crossbody estampado mujer 44324335.html?cid=102005,"15% COMPRANDO 2 O MÁS | TOUS | Bolsa Crossbody estampado Mujer | $4,750.00"
El Palacio de Hierro,TOUS,Bolsa crossbody para mujer,,7500,https://www.elpalaciodehierro.com/tous bolsa crossbody estampado mujer 44324338.html?cid=102005,"15% COMPRANDO 2 O MÁS | TOUS | Bolsa Crossbody estampado Mujer | $5,500.00"
El Palacio de Hierro,TOUS,Bolsa crossbody para mujer,3750,2250,https://www.elpalaciodehierro.com/tous bolsa crossbody gris la rue new con logo mujer 43441919.html?cid=102005,"15% COMPRANDO 2 O MÁS | TOUS | Bolsa crossbody gris La Rue New con logo Mujer | $4,750.00 | $3,800.00"
El Palacio de Hierro,TOUS,Bolsa crossbody para mujer,3750,2250,https://www.elpalaciodehierro.com/tous bolsa crossbody hold con peluche mujer 45234941.html?cid=102005,"15% COMPRANDO 2 O MÁS | TOUS | Bolsa crossbody Hold con peluche Mujer | $4,000.00"
El Palacio de Hierro,TOUS,Bolsa crossbody para mujer,,5500,https://www.elpalaciodehierro.com/tous bolsa crossbody kaos icon beige monogram mujer 44075583.html?cid=102005,"15% COMPRANDO 2 O MÁS | TOUS | Bolsa Crossbody Kaos Icon beige monogram Mujer | $4,750.00 | $3,800.00"
El Palacio de Hierro,TOUS,Bolsa crossbody para mujer,,6000,https://www.elpalaciodehierro.com/tous bolsa crossbody kaos icon estampada mujer 45273818.html?cid=102005,"15% COMPRANDO 2 O MÁS | TOUS | Bolsa crossbody Kaos Icon estampada Mujer | $4,750.00 | $3,800.00"
El Palacio de Hierro,TOUS,Bolsa crossbody para mujer,5500,4400,https://www.elpalaciodehierro.com/tous bolsa crossbody kaos icon estampado mujer 43749822.html?cid=102005,"15% COMPRANDO 2 O MÁS | TOUS | Bolsa Crossbody Kaos Icon Estampado Mujer | $5,500.00"
El Palacio de Hierro,TOUS,Bolsa crossbody para mujer,,6000,https://www.elpalaciodehierro.com/tous bolsa crossbody la rue new texturizado mujer 43441951.html?cid=102005,"15% COMPRANDO 2 O MÁS | TOUS | Bolsa crossbody La Rue New texturizado Mujer | $4,750.00"
El Palacio de Hierro,TOUS,Bolsa crossbody para mujer,6000,4800,https://www.elpalaciodehierro.com/tous bolsa crossbody lisa mujer 45245551.html?cid=102005,"15% COMPRANDO 2 O MÁS | TOUS | Bolsa Crossbody lisa Mujer | $7,000.00 | $4,900.00"
El Palacio de Hierro,TOUS,Bolsa crossbody para mujer,5500,3300,https://www.elpalaciodehierro.com/tous bolsa crossbody mini marfil hold fantasia mujer 45232707.html?cid=102005,"15% COMPRANDO 2 O MÁS | TOUS | Bolsa crossbody mini marfil Hold fantasía Mujer | $5,500.00"
El Palacio de Hierro,TOUS,Bolsa crossbody para mujer,,6000,https://www.elpalaciodehierro.com/tous bolsa crossbody monogram mujer 44324341.html?cid=102005,"15% COMPRANDO 2 O MÁS | TOUS | Bolsa Crossbody monogram Mujer | $5,500.00 | $4,400.00"
El Palacio de Hierro,TOUS,Bolsa crossbody para mujer,,3000,https://www.elpalaciodehierro.com/tous bolsa crossbody mujer 44810388.html?cid=102005,"15% COMPRANDO 2 O MÁS | TOUS | Bolsa Crossbody Mujer | $5,500.00"
El Palacio de Hierro,TOUS,Bolsa crossbody para mujer,,4750,https://www.elpalaciodehierro.com/tous bolsa crossbody negra la rue new con logo mujer 43441945.html?cid=102005,"15% COMPRANDO 2 O MÁS | TOUS | Bolsa crossbody negra La Rue New con logo Mujer | $4,250.00 | $3,400.00"
El Palacio de Hierro,TOUS,Bolsa crossbody para mujer,,3000,https://www.elpalaciodehierro.com/tous bolsa crossbody poppy con microdiseno mujer 45347093.html?cid=102005,"15% COMPRANDO 2 O MÁS | TOUS | Bolsa crossbody Poppy con microdiseño Mujer | $4,500.00"
El Palacio de Hierro,TOUS,Bolsa crossbody para mujer,,4750,https://www.elpalaciodehierro.com/tous bolsa crossbody reporter beige la rue new mujer 43614076.html?cid=102005,"15% COMPRANDO 2 O MÁS | TOUS | Bolsa crossbody reporter beige La Rue New Mujer | $4,250.00 | $3,400.00"
El Palacio de Hierro,TOUS,Bolsa crossbody para mujer,,4750,https://www.elpalaciodehierro.com/tous bolsa crossbody texturizado mujer 44324344.html?cid=102005,"15% COMPRANDO 2 O MÁS | TOUS | Bolsa Crossbody texturizado Mujer | $4,750.00 | $2,850.00"
El Palacio de Hierro,TOUS,Bolsa crossbody para mujer,5500,4400,https://www.elpalaciodehierro.com/tous bolsa hobo audree liso mujer 45226655.html?cid=102005,"15% COMPRANDO 2 O MÁS | TOUS | Bolsa hobo Audree liso Mujer | $5,500.00"
El Palacio de Hierro,TOUS,Bolsa crossbody para mujer,,5500,https://www.elpalaciodehierro.com/tous bolsa mini crossbody beige la rue new mujer 43614068.html?cid=102005,"15% COMPRANDO 2 O MÁS | TOUS | Bolsa Mini crossbody beige La Rue New Mujer | $3,000.00"
El Palacio de Hierro,TOUS,Bolsa crossbody para mujer,4750,3800,https://www.elpalaciodehierro.com/tous bolsa mini crossbody la rue new con logotipo mujer 44054619.html?cid=102005,"15% COMPRANDO 2 O MÁS | TOUS | Bolsa Mini Crossbody La Rue New con Logotipo Mujer | $3,000.00 | $2,400.00"
El Palacio de Hierro,TOUS,Bolsa Crossbody en piel Audree Mujer,,8500,https://www.elpalaciodehierro.com/tous bolsa mini crossbody la rue new con logotipo mujer 44054620.html?cid=102005,"15% COMPRANDO 2 O MÁS | TOUS | Bolsa Mini Crossbody La Rue New con Logotipo Mujer | $3,000.00"
El Palacio de Hierro,TOUS,Bolsa crossbody para mujer,,4750,https://www.elpalaciodehierro.com/tous bolsa mini shoulder cachito mio con logo mujer 45056827.html?cid=102005,"15% COMPRANDO 2 O MÁS | TOUS | Bolsa mini Shoulder Cachito Mío con logo Mujer | $3,000.00"
El Palacio de Hierro,TOUS,Bolsa crossbody para mujer,,5500,https://www.elpalaciodehierro.com/tous bolsa satchel beige empire mujer 41668590.html?cid=102005,"15% COMPRANDO 2 O MÁS | TOUS | Bolsa Satchel beige Empire Mujer | $3,750.00 | $2,250.00"
El Palacio de Hierro,TOUS,Bolsa crossbody para mujer,4750,3800,https://www.elpalaciodehierro.com/tous bolsa satchel brenda con logo mujer 44713199.html?cid=102005,"15% COMPRANDO 2 O MÁS | TOUS | Bolsa Satchel Brenda con logo Mujer | $4,750.00"
El Palacio de Hierro,TOUS,Bolsa crossbody para mujer,,4000,https://www.elpalaciodehierro.com/tous bolsa satchel empire soft lisa mujer 41668589.html?cid=102005,"15% COMPRANDO 2 O MÁS | TOUS | Bolsa Satchel Empire Soft lisa Mujer | $3,750.00 | $2,250.00"
El Palacio de Hierro,TOUS,Bolsa crossbody para mujer,4750,3800,https://www.elpalaciodehierro.com/tous bolsa satchel en piel mujer 44937992.html?cid=102005,"15% COMPRANDO 2 O MÁS | TOUS | Bolsa Satchel en Piel Mujer | $6,500.00"
El Palacio de Hierro,TOUS,Bolsa crossbody para mujer,4750,3800,https://www.elpalaciodehierro.com/tous bolsa satchel mujer 44436491.html?cid=102005,"15% COMPRANDO 2 O MÁS | TOUS | Bolsa Satchel Mujer | $4,750.00"
El Palacio de Hierro,TOUS,Bolsa crossbody para mujer,,5500,https://www.elpalaciodehierro.com/tous bolsa satchel mujer 45339890.html?cid=102005,"15% COMPRANDO 2 O MÁS | TOUS | Bolsa Satchel Mujer | $3,000.00"
El Palacio de Hierro,TOUS,Bolsa crossbody para mujer,,4750,https://www.elpalaciodehierro.com/tous bolsa shoulder audree lisa mujer 45347076.html?cid=102005,"TOUS | Bolsa shoulder Audree lisa Mujer | $5,500.00"
El Palacio de Hierro,TOUS,Bolsa crossbody para mujer,7000,4900,https://www.elpalaciodehierro.com/tous bolsa shoulder audree strass mujer 45185763.html?cid=102005,"15% COMPRANDO 2 O MÁS | TOUS | Bolsa Shoulder Audree Strass Mujer | $6,000.00 | $3,600.00"
El Palacio de Hierro,TOUS,Bolsa crossbody para mujer,,5500,https://www.elpalaciodehierro.com/tous bolsa shoulder back to basics con microdiseno mujer 45347074.html?cid=102005,"15% COMPRANDO 2 O MÁS | TOUS | Bolsa shoulder Back to basics con microdiseño Mujer | $4,000.00"
El Palacio de Hierro,TOUS,Bolsa crossbody para mujer,5500,4400,https://www.elpalaciodehierro.com/tous bolsa shoulder back to basics liso mujer 45276811.html?cid=102005,"15% COMPRANDO 2 O MÁS | TOUS | Bolsa shoulder Back to basics liso Mujer | $4,000.00"
El Palacio de Hierro,TOUS,Bolsa crossbody para mujer,,5500,https://www.elpalaciodehierro.com/tous bolsa shoulder back to basics liso mujer 45276816.html?cid=102005,"15% COMPRANDO 2 O MÁS | TOUS | Bolsa shoulder Back to basics liso Mujer | $3,750.00 | $3,000.00"
El Palacio de Hierro,TOUS,Bolsa crossbody para mujer,4250,3400,https://www.elpalaciodehierro.com/tous bolsa shoulder con monogram mujer 44810468.html?cid=102005,"15% COMPRANDO 2 O MÁS | TOUS | Bolsa Shoulder con monogram Mujer | $6,000.00"
El Palacio de Hierro,TOUS,Bolsa crossbody para mujer,,4500,https://www.elpalaciodehierro.com/tous bolsa shoulder en piel halfmoon animalskin mujer 45234938.html?cid=102005,"15% COMPRANDO 2 O MÁS | TOUS | Bolsa shoulder en piel Halfmoon animalskin Mujer | $5,500.00 | $3,300.00"
El Palacio de Hierro,TOUS,Bolsa crossbody para mujer,4250,3400,https://www.elpalaciodehierro.com/tous bolsa shoulder en piel halfmoon lisa mujer 45232705.html?cid=102005,"15% COMPRANDO 2 O MÁS | TOUS | Bolsa shoulder en piel Halfmoon lisa Mujer | $4,750.00 | $2,850.00"
El Palacio de Hierro,TOUS,Bolsa crossbody para mujer,4750,2850,https://www.elpalaciodehierro.com/tous bolsa shoulder en piel vacuna salsi mujer 45002799.html?cid=102005,"15% COMPRANDO 2 O MÁS | TOUS | Bolsa shoulder en piel vacuna Salsi Mujer | $4,000.00"
El Palacio de Hierro,TOUS,Bolsa crossbody para mujer,,5500,https://www.elpalaciodehierro.com/tous bolsa shoulder kaos estampado mujer 45276791.html?cid=102005,"15% COMPRANDO 2 O MÁS | TOUS | Bolsa shoulder Kaos estampado Mujer | $4,750.00 | $3,800.00"
El Palacio de Hierro,TOUS,Bolsa crossbody para mujer,,3000,https://www.elpalaciodehierro.com/tous bolsa shoulder kaos icon estampado mujer 44324367.html?cid=102005,"15% COMPRANDO 2 O MÁS | TOUS | Bolsa Shoulder Kaos Icon Estampado Mujer | $5,500.00"
El Palacio de Hierro,TOUS,Bolsa crossbody para mujer,3000,2400,https://www.elpalaciodehierro.com/tous bolsa shoulder kaos icon lisa mujer 45185770.html?cid=102005,"15% COMPRANDO 2 O MÁS | TOUS | Bolsa shoulder Kaos Icon Lisa Mujer | $4,750.00 | $3,325.00"
El Palacio de Hierro,TOUS,Bolsa crossbody para mujer,,3000,https://www.elpalaciodehierro.com/tous bolsa shoulder kaos icon mujer 45185767.html?cid=102005,"15% COMPRANDO 2 O MÁS | TOUS | Bolsa Shoulder Kaos Icon Mujer | $6,000.00 | $4,200.00"
El Palacio de Hierro,TOUS,Bolsa crossbody para mujer,,3000,https://www.elpalaciodehierro.com/tous bolsa shoulder lisa city mujer 44928324.html?cid=102005,"15% COMPRANDO 2 O MÁS | TOUS | Bolsa shoulder lisa City Mujer | $12,750.00"
El Palacio de Hierro,TOUS,Bolsa crossbody para mujer,3750,2250,https://www.elpalaciodehierro.com/tous bolsa shoulder lisa city mujer 44928332.html?cid=102005,"15% COMPRANDO 2 O MÁS | TOUS | Bolsa shoulder lisa City Mujer | $7,500.00"
El Palacio de Hierro,TOUS,Bolsa crossbody para mujer,,4750,https://www.elpalaciodehierro.com/tous bolsa shoulder lisa city mujer 44928336.html?cid=102005,"15% COMPRANDO 2 O MÁS | TOUS | Bolsa shoulder lisa City Mujer | $6,500.00"
El Palacio de Hierro,TOUS,Bolsa crossbody para mujer,3750,2250,https://www.elpalaciodehierro.com/tous bolsa shoulder lisa city mujer 44928339.html?cid=102005,"15% COMPRANDO 2 O MÁS | TOUS | Bolsa shoulder lisa City Mujer | $10,500.00"
El Palacio de Hierro,TOUS,Bolsa crossbody para mujer,,6500,https://www.elpalaciodehierro.com/tous bolsa shoulder mujer 44348409.html?cid=102005,"15% COMPRANDO 2 O MÁS | TOUS | Bolsa Shoulder Mujer | $7,500.00"
El Palacio de Hierro,TOUS,Bolsa crossbody para mujer,,4750,https://www.elpalaciodehierro.com/tous bolsa shoulder mujer 44614386.html?cid=102005,"15% COMPRANDO 2 O MÁS | TOUS | Bolsa Shoulder Mujer | $6,000.00"
El Palacio de Hierro,TOUS,Bolsa crossbody para mujer,,3000,https://www.elpalaciodehierro.com/tous bolsa shoulder mujer 44949794.html?cid=102005,"15% COMPRANDO 2 O MÁS | TOUS | Bolsa Shoulder Mujer | $9,000.00"
El Palacio de Hierro,TOUS,Bolsa shoulder Audree lisa Mujer,,5500,https://www.elpalaciodehierro.com/tous bolsa shoulder puffy bear monogram mujer 45234951.html?cid=102005,"15% COMPRANDO 2 O MÁS | TOUS | Bolsa shoulder Puffy Bear monogram Mujer | $4,750.00 | $2,850.00"
El Palacio de Hierro,TOUS,Bolsa crossbody para mujer,6000,3600,https://www.elpalaciodehierro.com/tous bolsa shoulder puffy bear monogram mujer 45234957.html?cid=102005,"15% COMPRANDO 2 O MÁS | TOUS | Bolsa shoulder Puffy Bear monogram Mujer | $5,500.00 | $3,300.00"
El Palacio de Hierro,TOUS,Bolsa crossbody para mujer,,4000,https://www.elpalaciodehierro.com/tous bolsa shoulder puffy bear mujer 44324360.html?cid=102005,"15% COMPRANDO 2 O MÁS | TOUS | Bolsa Shoulder Puffy Bear Mujer | $5,500.00 | $3,300.00"
El Palacio de Hierro,TOUS,Bolsa crossbody para mujer,,4000,https://www.elpalaciodehierro.com/tous bolsa shoulder the citybow mujer 45185775.html?cid=102005,"15% COMPRANDO 2 O MÁS | TOUS | Bolsa Shoulder The Citybow Mujer | $6,000.00 | $3,600.00"
El Palacio de Hierro,TOUS,Bolsa crossbody para mujer,3750,3000,https://www.elpalaciodehierro.com/tous bolsa tote back to basics liso mujer 45276812.html?cid=102005,"15% COMPRANDO 2 O MÁS | TOUS | Bolsa tote Back to basics liso Mujer | $4,750.00"
El Palacio de Hierro,TOUS,Bolsa crossbody para mujer,,6000,https://www.elpalaciodehierro.com/tous bolsa tote estampado mujer 44324357.html?cid=102005,"15% COMPRANDO 2 O MÁS | TOUS | Bolsa Tote estampado Mujer | $5,500.00 | $4,400.00"
El Palacio de Hierro,TOUS,Bolsa crossbody para mujer,5500,3300,https://www.elpalaciodehierro.com/tous bolsa tote jewelry studs lisa mujer 45226649.html?cid=102005,"15% COMPRANDO 2 O MÁS | TOUS | Bolsa tote Jewelry Studs lisa Mujer | $7,000.00 | $4,200.00"
El Palacio de Hierro,TOUS,Bolsa crossbody para mujer,4750,2850,https://www.elpalaciodehierro.com/tous bolsa tote la rue new lisa mujer 43614088.html?cid=102005,"15% COMPRANDO 2 O MÁS | TOUS | Bolsa tote La Rue New lisa Mujer | $5,500.00 | $4,400.00"
El Palacio de Hierro,TOUS,Bolsa crossbody para mujer,,4000,https://www.elpalaciodehierro.com/tous bolsa tote la rue new mujer 43614083.html?cid=102005,"15% COMPRANDO 2 O MÁS | TOUS | Bolsa tote La Rue New Mujer | $4,750.00 | $3,800.00"
El Palacio de Hierro,TOUS,Bolsa crossbody para mujer,4750,3800,https://www.elpalaciodehierro.com/tous bolsa tote la rue new mujer 43614086.html?cid=102005,"15% COMPRANDO 2 O MÁS | TOUS | Bolsa tote La Rue New Mujer | $5,500.00 | $4,400.00"
El Palacio de Hierro,TOUS,Bolsa crossbody para mujer,,5500,https://www.elpalaciodehierro.com/tous bolsa tote la rue new mujer 44534436.html?cid=102005,"15% COMPRANDO 2 O MÁS | TOUS | Bolsa Tote La Rue New Mujer | $4,750.00"
El Palacio de Hierro,TOUS,Bolsa crossbody para mujer,4750,3325,https://www.elpalaciodehierro.com/tous bolsa tote la rue new mujer 44534437.html?cid=102005,"15% COMPRANDO 2 O MÁS | TOUS | Bolsa Tote La Rue New Mujer | $4,750.00 | $3,800.00"
El Palacio de Hierro,TOUS,Bolsa crossbody para mujer,6000,4200,https://www.elpalaciodehierro.com/tous bolsa tote la rue new texturizado mujer 43441958.html?cid=102005,"15% COMPRANDO 2 O MÁS | TOUS | Bolsa Tote La Rue New Texturizado Mujer | $4,750.00 | $3,800.00"
El Palacio de Hierro,TOUS,Tarjetero liso Mujer,,12750,https://www.elpalaciodehierro.com/tous bolsa tote la rue new texturizado mujer 43441965.html?cid=102005,"TOUS | Bolsa Tote La Rue New Texturizado Mujer | $4,500.00"
El Palacio de Hierro,TOUS,Bolsa crossbody para mujer,,7500,https://www.elpalaciodehierro.com/tous bolsa tote lirio texturizado mujer 44564389.html?cid=102005,"15% COMPRANDO 2 O MÁS | TOUS | Bolsa tote Lirio texturizado Mujer | $5,500.00"
El Palacio de Hierro,TOUS,Bolsa crossbody para mujer,,6500,https://www.elpalaciodehierro.com/tous bolsa tote mini cube rosa brenda mujer 43961897.html?cid=102005,"15% COMPRANDO 2 O MÁS | TOUS | Bolsa tote mini cube rosa Brenda Mujer | $3,000.00"
El Palacio de Hierro,TOUS,Tarjetero liso Mujer,,10500,https://www.elpalaciodehierro.com/tous bolsa tote the citybow mujer 45185786.html?cid=102005,"15% COMPRANDO 2 O MÁS | TOUS | Bolsa Tote The Citybow Mujer | $7,000.00 | $4,200.00"
El Palacio de Hierro,TOUS,Bolsa crossbody para mujer,,7500,https://www.elpalaciodehierro.com/tous bolso backpack beige claro kaos pix soft con ositos mujer 43040151.html?cid=102005,"15% COMPRANDO 2 O MÁS | TOUS | Bolso backpack beige claro Kaos Pix Soft con ositos Mujer | $3,750.00 | $3,000.00"
El Palacio de Hierro,TOUS,Bolsa crossbody para mujer,,6000,https://www.elpalaciodehierro.com/tous bolso backpack beige kaos monogram mujer 40184999.html?cid=102005,"15% COMPRANDO 2 O MÁS | TOUS | Bolso Backpack beige Kaos monogram Mujer | $3,000.00"
El Palacio de Hierro,TOUS,Bolsa crossbody para mujer,,9000,https://www.elpalaciodehierro.com/tous bolso backpack negro kaos pix soft con ositos mujer 43040152.html?cid=102005,"15% COMPRANDO 2 O MÁS | TOUS | Bolso backpack negro Kaos Pix Soft con ositos Mujer | $3,750.00 | $3,000.00"
El Palacio de Hierro,TOUS,Bolsa crossbody para mujer,4750,2850,https://www.elpalaciodehierro.com/tous bolso clutch kaos icon estampado mujer 43441953.html?cid=102005,"15% COMPRANDO 2 O MÁS | TOUS | Bolso Clutch Kaos Icon Estampado Mujer | $3,000.00 | $2,400.00"
El Palacio de Hierro,TOUS,Bolsa crossbody para mujer,5500,3300,https://www.elpalaciodehierro.com/tous bolso crossbody audree rue texturizado mujer 43441947.html?cid=102005,"15% COMPRANDO 2 O MÁS | TOUS | Bolso crossbody Audree Rue Texturizado Mujer | $4,750.00"
El Palacio de Hierro,TOUS,Bolsa crossbody para mujer,5500,3300,https://www.elpalaciodehierro.com/tous bolso crossbody azul brenda con logotipo mujer 43972224.html?cid=102005,"15% COMPRANDO 2 O MÁS | TOUS | Bolso crossbody azul Brenda con logotipo Mujer | $3,000.00 | $2,400.00"
El Palacio de Hierro,TOUS,Bolsa crossbody para mujer,6000,3600,https://www.elpalaciodehierro.com/tous bolso crossbody azul brenda con logotipo mujer 43972231.html?cid=102005,"15% COMPRANDO 2 O MÁS | TOUS | Bolso crossbody azul Brenda con logotipo Mujer | $4,750.00 | $3,800.00"
El Palacio de Hierro,TOUS,Bolsa crossbody para mujer,,4750,https://www.elpalaciodehierro.com/tous bolso crossbody beige kaos icon monogram mujer 43441937.html?cid=102005,"15% COMPRANDO 2 O MÁS | TOUS | Bolso crossbody beige Kaos Icon monogram Mujer | $3,000.00 | $2,400.00"
El Palacio de Hierro,TOUS,Bolsa crossbody para mujer,5500,4400,https://www.elpalaciodehierro.com/tous bolso crossbody brenda con logotipo mujer 44055016.html?cid=102005,"15% COMPRANDO 2 O MÁS | TOUS | Bolso Crossbody Brenda con Logotipo Mujer | $4,500.00"
El Palacio de Hierro,TOUS,Bolsa crossbody para mujer,7000,4200,https://www.elpalaciodehierro.com/tous bolso crossbody brenda con logotipo mujer 44055018.html?cid=102005,"15% COMPRANDO 2 O MÁS | TOUS | Bolso Crossbody Brenda con Logotipo Mujer | $4,750.00"
El Palacio de Hierro,TOUS,Bolsa crossbody para mujer,5500,4400,https://www.elpalaciodehierro.com/tous bolso crossbody brenda liso negro mujer 44055019.html?cid=102005,"15% COMPRANDO 2 O MÁS | TOUS | Bolso Crossbody Brenda liso negro Mujer | $4,750.00"
El Palacio de Hierro,TOUS,Bolsa crossbody para mujer,4750,3800,https://www.elpalaciodehierro.com/tous bolso crossbody cafe brenda con logotipo mujer 44092263.html?cid=102005,"15% COMPRANDO 2 O MÁS | TOUS | Bolso crossbody café Brenda con logotipo Mujer | $4,750.00"
El Palacio de Hierro,TOUS,Bolsa crossbody para mujer,5500,4400,https://www.elpalaciodehierro.com/tous bolso crossbody grande negro scoubidou mujer 43175374.html?cid=102005,"15% COMPRANDO 2 O MÁS | TOUS | Bolso crossbody grande negro Scoubidou Mujer | $4,500.00"
El Palacio de Hierro,TOUS,Bolsa crossbody para mujer,,4750,https://www.elpalaciodehierro.com/tous bolso crossbody gris la rue new con logo mujer 43441935.html?cid=102005,"15% COMPRANDO 2 O MÁS | TOUS | Bolso crossbody gris La Rue New con logo Mujer | $4,250.00"
El Palacio de Hierro,TOUS,Bolsa crossbody para mujer,4750,3800,https://www.elpalaciodehierro.com/tous bolso crossbody kaos icon estampado mujer 43749823.html?cid=102005,"15% COMPRANDO 2 O MÁS | TOUS | Bolso crossbody Kaos Icon Estampado Mujer | $5,500.00"
El Palacio de Hierro,TOUS,Bolsa crossbody para mujer,4750,3800,https://www.elpalaciodehierro.com/tous bolso crossbody kaos icon estampado mujer 43749824.html?cid=102005,"15% COMPRANDO 2 O MÁS | TOUS | Bolso Crossbody Kaos Icon Estampado Mujer | $5,500.00"
El Palacio de Hierro,TOUS,Bolsa Tote La Rue New Texturizado Mujer,,4500,https://www.elpalaciodehierro.com/tous bolso crossbody kaos icon mujer 44075585.html?cid=102005,"15% COMPRANDO 2 O MÁS | TOUS | Bolso crossbody Kaos Icon Mujer | $4,750.00 | $3,800.00"
El Palacio de Hierro,TOUS,Bolsa crossbody para mujer,,5500,https://www.elpalaciodehierro.com/tous bolso crossbody la rue new con logo mujer 43441918.html?cid=102005,"15% COMPRANDO 2 O MÁS | TOUS | Bolso crossbody La Rue New con logo Mujer | $4,750.00 | $3,800.00"
El Palacio de Hierro,TOUS,Bolsa crossbody para mujer,,3000,https://www.elpalaciodehierro.com/tous bolso crossbody mediano audree azul marino brenda mujer 43961857.html?cid=102005,"15% COMPRANDO 2 O MÁS | TOUS | Bolso crossbody mediano Audree azul marino Brenda Mujer | $4,750.00 | $3,800.00"
El Palacio de Hierro,TOUS,Bolsa crossbody para mujer,7000,4200,https://www.elpalaciodehierro.com/tous bolso crossbody mediano audree rosa brenda mujer 43961854.html?cid=102005,"15% COMPRANDO 2 O MÁS | TOUS | Bolso crossbody mediano Audree rosa Brenda Mujer | $4,750.00 | $3,800.00"
El Palacio de Hierro,TOUS,Bolsa crossbody para mujer,3750,3000,https://www.elpalaciodehierro.com/tous bolso crossbody mediano scoubidou mujer 43175371.html?cid=102005,"15% COMPRANDO 2 O MÁS | TOUS | Bolso crossbody mediano Scoubidou Mujer | $4,500.00"
El Palacio de Hierro,TOUS,Bolsa crossbody para mujer,,3000,https://www.elpalaciodehierro.com/tous bolso crossbody mini la rue new mujer 43441988.html?cid=102005,"15% COMPRANDO 2 O MÁS | TOUS | Bolso crossbody mini La Rue New Mujer | $3,000.00"
El Palacio de Hierro,TOUS,Bolsa crossbody para mujer,3750,3000,https://www.elpalaciodehierro.com/tous bolso crossbody miranda en piel beige mujer 43749855.html?cid=102005,"15% COMPRANDO 2 O MÁS | TOUS | Bolso Crossbody Miranda en piel beige Mujer | $4,500.00"
El Palacio de Hierro,TOUS,Bolsa crossbody para mujer,3000,2400,https://www.elpalaciodehierro.com/tous bolso crossbody negra kaos icon monogram mujer 43441939.html?cid=102005,"15% COMPRANDO 2 O MÁS | TOUS | Bolso crossbody negra Kaos Icon monogram Mujer | $3,000.00 | $2,400.00"
El Palacio de Hierro,TOUS,Bolsa crossbody para mujer,,4750,https://www.elpalaciodehierro.com/tous bolso crossbody rosa brenda con logotipo mujer 43972221.html?cid=102005,"15% COMPRANDO 2 O MÁS | TOUS | Bolso crossbody rosa Brenda con logotipo Mujer | $3,000.00 | $2,400.00"
El Palacio de Hierro,TOUS,Bolsa crossbody para mujer,3000,2400,https://www.elpalaciodehierro.com/tous bolso crossbody scoubidou mujer 43175375.html?cid=102005,"15% COMPRANDO 2 O MÁS | TOUS | Bolso crossbody Scoubidou Mujer | $3,750.00"
El Palacio de Hierro,TOUS,Bolsa crossbody para mujer,4750,3800,https://www.elpalaciodehierro.com/tous bolso maletin kaos icon mujer 44075580.html?cid=102005,"15% COMPRANDO 2 O MÁS | TOUS | Bolso maletin Kaos Icon Mujer | $4,750.00"
El Palacio de Hierro,TOUS,Bolsa crossbody para mujer,3000,2400,https://www.elpalaciodehierro.com/tous bolso mini crossbody kaos icon estampado mujer 43441978.html?cid=102005,"15% COMPRANDO 2 O MÁS | TOUS | Bolso Mini Crossbody Kaos Icon Estampado Mujer | $3,000.00 | $1,800.00"
El Palacio de Hierro,TOUS,Bolsa crossbody para mujer,,4500,https://www.elpalaciodehierro.com/tous bolso mini crossbody la rue new texturizado mujer 43441981.html?cid=102005,"15% COMPRANDO 2 O MÁS | TOUS | Bolso Mini Crossbody La Rue New Texturizado Mujer | $3,000.00"
El Palacio de Hierro,TOUS,Bolsa crossbody para mujer,,4750,https://www.elpalaciodehierro.com/tous bolso mini crossbody la rue new texturizado mujer 43441986.html?cid=102005,"15% COMPRANDO 2 O MÁS | TOUS | Bolso Mini Crossbody La Rue New Texturizado Mujer | $3,000.00 | $2,400.00"
El Palacio de Hierro,TOUS,Bolsa crossbody para mujer,,4750,https://www.elpalaciodehierro.com/tous bolso mini crossbody pop t la rue new texturizado mujer 43441987.html?cid=102005,"15% COMPRANDO 2 O MÁS | TOUS | Bolso mini crossbody Pop T La Rue New Texturizado Mujer | $3,000.00 | $2,400.00"
El Palacio de Hierro,TOUS,Bolsa crossbody para mujer,,4750,https://www.elpalaciodehierro.com/tous bolso shoulder mediano beige brenda mujer 43961865.html?cid=102005,"15% COMPRANDO 2 O MÁS | TOUS | Bolso shoulder mediano beige Brenda Mujer | $4,500.00"
El Palacio de Hierro,TOUS,Bolsa crossbody para mujer,,4500,https://www.elpalaciodehierro.com/tous bolso tote azul brenda con logotipo mujer 43972228.html?cid=102005,"15% COMPRANDO 2 O MÁS | TOUS | Bolso tote azul Brenda con logotipo Mujer | $4,750.00 | $3,800.00"
El Palacio de Hierro,TOUS,Bolsa crossbody para mujer,,4250,https://www.elpalaciodehierro.com/tous bolso tote beige en piel miranda mujer 44119485.html?cid=102005,"15% COMPRANDO 2 O MÁS | TOUS | Bolso tote beige en piel Miranda Mujer | $6,000.00"
El Palacio de Hierro,TOUS,Bolsa crossbody para mujer,,5500,https://www.elpalaciodehierro.com/tous bolso tote grande amaya azul marino brenda mujer 43961894.html?cid=102005,"15% COMPRANDO 2 O MÁS | TOUS | Bolso tote grande Amaya azul marino Brenda Mujer | $5,500.00 | $4,400.00"
El Palacio de Hierro,TOUS,Bolsa crossbody para mujer,,5500,https://www.elpalaciodehierro.com/tous bolso tote grande amaya rosa claro la rue new con logo mujer 43459565.html?cid=102005,"15% COMPRANDO 2 O MÁS | TOUS | Bolso tote grande Amaya rosa claro La Rue New con logo Mujer | $5,500.00 | $3,850.00"
El Palacio de Hierro,TOUS,Bolsa crossbody para mujer,4750,3800,https://www.elpalaciodehierro.com/tous bolso tote grande en piel beige candy mujer 43577550.html?cid=102005,"15% COMPRANDO 2 O MÁS | TOUS | Bolso tote grande en piel beige Candy Mujer | $8,000.00"
El Palacio de Hierro,TOUS,Bolsa crossbody para mujer,4750,3800,https://www.elpalaciodehierro.com/tous bolso tote kaos icon con monogram mujer 43612570.html?cid=102005,"15% COMPRANDO 2 O MÁS | TOUS | Bolso Tote Kaos Icon con monogram Mujer | $5,500.00"
El Palacio de Hierro,TOUS,Bolsa crossbody para mujer,4750,3800,https://www.elpalaciodehierro.com/tous bolso tote kaos icon estampado mujer 43441970.html?cid=102005,"TOUS | Bolso Tote Kaos Icon Estampado Mujer | $4,500.00 | $3,600.00"
El Palacio de Hierro,TOUS,Bolsa crossbody para mujer,4750,3800,https://www.elpalaciodehierro.com/tous bolso tote kaos icon estampado mujer 43441972.html?cid=102005,"15% COMPRANDO 2 O MÁS | TOUS | Bolso Tote Kaos Icon Estampado Mujer | $4,500.00 | $3,600.00"
El Palacio de Hierro,TOUS,Bolsa crossbody para mujer,,4500,https://www.elpalaciodehierro.com/tous bolso tote la rue new mujer 43614085.html?cid=102005,"15% COMPRANDO 2 O MÁS | TOUS | Bolso tote La Rue New Mujer | $4,750.00 | $3,800.00"
El Palacio de Hierro,TOUS,Bolsa crossbody para mujer,,3000,https://www.elpalaciodehierro.com/tous bolso tote la rue new texturizado mujer 43441967.html?cid=102005,"15% COMPRANDO 2 O MÁS | TOUS | Bolso Tote La Rue New Texturizado Mujer | $4,500.00 | $3,600.00"
El Palacio de Hierro,TOUS,Bolsa crossbody para mujer,,4500,https://www.elpalaciodehierro.com/tous bolso tote mini cube beige brenda mujer 43961895.html?cid=102005,"15% COMPRANDO 2 O MÁS | TOUS | Bolso tote mini cube beige Brenda Mujer | $3,000.00"
El Palacio de Hierro,TOUS,Bolsa crossbody para mujer,3000,2400,https://www.elpalaciodehierro.com/tous cartera audree lisa mujer 45245560.html?cid=102005,"15% COMPRANDO 2 O MÁS | TOUS | Cartera Audree lisa Mujer | $2,000.00"
El Palacio de Hierro,TOUS,Bolsa crossbody para mujer,3000,2400,https://www.elpalaciodehierro.com/tous cartera audree pockets lisa mujer 45176205.html?cid=102005,"15% COMPRANDO 2 O MÁS | TOUS | Cartera Audree Pockets Lisa Mujer | $3,000.00"
El Palacio de Hierro,TOUS,Bolsa crossbody para mujer,,3750,https://www.elpalaciodehierro.com/tous cartera back to basics liso mujer 45276847.html?cid=102005,"15% COMPRANDO 2 O MÁS | TOUS | Cartera Back to basics liso Mujer | $3,000.00"
El Palacio de Hierro,TOUS,Bolsa crossbody para mujer,,4750,https://www.elpalaciodehierro.com/tous cartera beige brenda mujer 43961877.html?cid=102005,"15% COMPRANDO 2 O MÁS | TOUS | Cartera beige Brenda Mujer | $2,000.00"
El Palacio de Hierro,TOUS,Bolsa crossbody para mujer,3000,1800,https://www.elpalaciodehierro.com/tous cartera beige kaos icon monogram mujer 43441901.html?cid=102005,"15% COMPRANDO 2 O MÁS | TOUS | Cartera beige Kaos Icon monogram Mujer | $3,000.00"
El Palacio de Hierro,TOUS,Bolsa crossbody para mujer,,3000,https://www.elpalaciodehierro.com/tous cartera beige new dubai mujer 42106851.html?cid=102005,"15% COMPRANDO 2 O MÁS | TOUS | Cartera beige New Dubai Mujer | $2,000.00"
El Palacio de Hierro,TOUS,Bolsa crossbody para mujer,3000,2400,https://www.elpalaciodehierro.com/tous cartera beige new dubai mujer 42106860.html?cid=102005,"15% COMPRANDO 2 O MÁS | TOUS | Cartera beige New Dubái Mujer | $1,700.00"
El Palacio de Hierro,TOUS,Bolsa crossbody para mujer,3000,2400,https://www.elpalaciodehierro.com/tous cartera brenda con logo mujer 44733101.html?cid=102005,"15% COMPRANDO 2 O MÁS | TOUS | Cartera Brenda con logo Mujer | $2,000.00"
El Palacio de Hierro,TOUS,Bolsa crossbody para mujer,,4500,https://www.elpalaciodehierro.com/tous cartera bridge puffy bear monogram mujer 45232723.html?cid=102005,"15% COMPRANDO 2 O MÁS | TOUS | Cartera Bridge Puffy Bear monogram Mujer | $3,000.00 | $1,800.00"
El Palacio de Hierro,TOUS,Bolsa crossbody para mujer,4750,3800,https://www.elpalaciodehierro.com/tous cartera con logo mujer 44733098.html?cid=102005,"15% COMPRANDO 2 O MÁS | TOUS | Cartera con logo Mujer | $3,000.00"
El Palacio de Hierro,TOUS,Bolsa crossbody para mujer,,6000,https://www.elpalaciodehierro.com/tous cartera con monogram de osos puffy mujer 44928328.html?cid=102005,"15% COMPRANDO 2 O MÁS | TOUS | Cartera con monogram de osos Puffy Mujer | $3,000.00 | $1,800.00"
El Palacio de Hierro,TOUS,Bolsa crossbody para mujer,5500,4400,https://www.elpalaciodehierro.com/tous cartera double war bear monogram mujer 44998554.html?cid=102005,"15% COMPRANDO 2 O MÁS | TOUS | Cartera Double War Bear monogram Mujer | $3,000.00"
El Palacio de Hierro,TOUS,Bolsa crossbody para mujer,5500,3850,https://www.elpalaciodehierro.com/tous cartera double way estampada mujer 44998560.html?cid=102005,"15% COMPRANDO 2 O MÁS | TOUS | Cartera Double Way estampada Mujer | $4,000.00"
El Palacio de Hierro,TOUS,Bolsa crossbody para mujer,,8000,https://www.elpalaciodehierro.com/tous cartera double way manifesto estampada mujer 44998557.html?cid=102005,"15% COMPRANDO 2 O MÁS | TOUS | Cartera Double Way Manifesto estampada Mujer | $2,800.00"
El Palacio de Hierro,TOUS,Bolsa crossbody para mujer,,5500,https://www.elpalaciodehierro.com/tous cartera en piel hold liso mujer 45276844.html?cid=102005,"15% COMPRANDO 2 O MÁS | TOUS | Cartera en piel Hold liso Mujer | $3,500.00"
El Palacio de Hierro,TOUS,Bolso Tote Kaos Icon Estampado Mujer,4500,3600,https://www.elpalaciodehierro.com/tous cartera en piel vacuna hold mujer 44998563.html?cid=102005,"15% COMPRANDO 2 O MÁS | TOUS | Cartera en piel vacuna Hold Mujer | $4,000.00"
El Palacio de Hierro,TOUS,Bolsa crossbody para mujer,4500,3600,https://www.elpalaciodehierro.com/tous cartera fucsia brenda mujer 43961879.html?cid=102005,"15% COMPRANDO 2 O MÁS | TOUS | Cartera fucsia Brenda Mujer | $2,000.00 | $1,200.00"
El Palacio de Hierro,TOUS,Bolsa crossbody para mujer,4750,3800,https://www.elpalaciodehierro.com/tous cartera jewelry lisa mujer 45226645.html?cid=102005,"15% COMPRANDO 2 O MÁS | TOUS | Cartera Jewelry lisa Mujer | $3,000.00 | $1,800.00"
El Palacio de Hierro,TOUS,Bolsa crossbody para mujer,4500,3600,https://www.elpalaciodehierro.com/tous cartera kaos con estampado mujer 45276850.html?cid=102005,"15% COMPRANDO 2 O MÁS | TOUS | Cartera Kaos con estampado Mujer | $3,750.00 | $3,000.00"
El Palacio de Hierro,TOUS,Bolsa crossbody para mujer,,3000,https://www.elpalaciodehierro.com/tous cartera kaos con estampado mujer 45276851.html?cid=102005,"15% COMPRANDO 2 O MÁS | TOUS | Cartera Kaos con estampado Mujer | $2,000.00 | $1,600.00"
El Palacio de Hierro,TOUS,Bolsa crossbody para mujer,,2000,https://www.elpalaciodehierro.com/tous cartera kaos icon con osos mujer 44360688.html?cid=102005,"15% COMPRANDO 2 O MÁS | TOUS | Cartera Kaos Icon con osos Mujer | $3,000.00"
El Palacio de Hierro,TOUS,Bolsa crossbody para mujer,,3000,https://www.elpalaciodehierro.com/tous cartera kaos icon lisa mujer 45176216.html?cid=102005,"15% COMPRANDO 2 O MÁS | TOUS | Cartera Kaos Icon Lisa Mujer | $3,000.00 | $1,800.00"
El Palacio de Hierro,TOUS,Bolsa crossbody para mujer,,3000,https://www.elpalaciodehierro.com/tous cartera kaos icon mujer 44075574.html?cid=102005,"15% COMPRANDO 2 O MÁS | TOUS | Cartera Kaos Icon Mujer | $2,000.00"
El Palacio de Hierro,TOUS,Bolsa crossbody para mujer,,2000,https://www.elpalaciodehierro.com/tous cartera kaos mini lines con osos mujer 44360670.html?cid=102005,"15% COMPRANDO 2 O MÁS | TOUS | Cartera Kaos Mini Lines con osos Mujer | $3,000.00"
El Palacio de Hierro,TOUS,Bolsa crossbody para mujer,,3000,https://www.elpalaciodehierro.com/tous cartera kaos mini lines con osos mujer 44360673.html?cid=102005,"15% COMPRANDO 2 O MÁS | TOUS | Cartera Kaos Mini Lines con osos Mujer | $2,000.00"
El Palacio de Hierro,TOUS,Bolsa crossbody para mujer,,2000,https://www.elpalaciodehierro.com/tous cartera kaos mini lines con osos mujer 44360759.html?cid=102005,"15% COMPRANDO 2 O MÁS | TOUS | Cartera Kaos Mini Lines con osos Mujer | $3,750.00"
El Palacio de Hierro,TOUS,Bolsa crossbody para mujer,,1700,https://www.elpalaciodehierro.com/tous cartera lisa mujer 44713373.html?cid=102005,"15% COMPRANDO 2 O MÁS | TOUS | Cartera lisa Mujer | $3,400.00"
El Palacio de Hierro,TOUS,Bolsa crossbody para mujer,,2000,https://www.elpalaciodehierro.com/tous cartera lisa mujer 44937975.html?cid=102005,"15% COMPRANDO 2 O MÁS | TOUS | Cartera lisa Mujer | $2,800.00"
El Palacio de Hierro,TOUS,Bolsa crossbody para mujer,3000,1800,https://www.elpalaciodehierro.com/tous cartera lisa mujer 44937989.html?cid=102005,"15% COMPRANDO 2 O MÁS | TOUS | Cartera lisa Mujer | $4,000.00"
El Palacio de Hierro,TOUS,Bolsa crossbody para mujer,,3000,https://www.elpalaciodehierro.com/tous cartera mujer 42187432.html?cid=102005,"15% COMPRANDO 2 O MÁS | TOUS | Cartera Mujer | $1,700.00"
El Palacio de Hierro,TOUS,Bolsa crossbody para mujer,3000,1800,https://www.elpalaciodehierro.com/tous cartera negra new dubai mujer 42106854.html?cid=102005,"15% COMPRANDO 2 O MÁS | TOUS | Cartera negra New Dubái Mujer | $1,700.00"
El Palacio de Hierro,TOUS,Bolsa crossbody para mujer,,3000,https://www.elpalaciodehierro.com/tous cartera oro kaos icon monogram mujer 43441902.html?cid=102005,"15% COMPRANDO 2 O MÁS | TOUS | Cartera oro Kaos Icon monogram Mujer | $3,000.00"
El Palacio de Hierro,TOUS,Bolsa crossbody para mujer,,4000,https://www.elpalaciodehierro.com/tous cartera plata new dubai saffiano mujer 42187436.html?cid=102005,"15% COMPRANDO 2 O MÁS | TOUS | Cartera Plata New Dubai Saffiano Mujer | $1,700.00"
El Palacio de Hierro,TOUS,Bolsa crossbody para mujer,,2800,https://www.elpalaciodehierro.com/tous cartera poppy mujer 44501512.html?cid=102005,"15% COMPRANDO 2 O MÁS | TOUS | Cartera Poppy Mujer | $2,000.00"
El Palacio de Hierro,TOUS,Bolsa crossbody para mujer,,3500,https://www.elpalaciodehierro.com/tous cartera puffy bear con osos mujer 44360682.html?cid=102005,"15% COMPRANDO 2 O MÁS | TOUS | Cartera Puffy Bear con osos Mujer | $3,000.00 | $1,800.00"
El Palacio de Hierro,TOUS,Bolsa crossbody para mujer,,4000,https://www.elpalaciodehierro.com/tous cartera puffy bear con osos mujer 44360685.html?cid=102005,"15% COMPRANDO 2 O MÁS | TOUS | Cartera Puffy Bear con osos Mujer | $2,000.00 | $1,200.00"
El Palacio de Hierro,TOUS,Bolsa crossbody para mujer,2000,1200,https://www.elpalaciodehierro.com/tous cartera s. k icon monogram mujer 43406316.html?cid=102005,"15% COMPRANDO 2 O MÁS | TOUS | Cartera S. K Icon monogram Mujer | $2,750.00 | $1,650.00"
El Palacio de Hierro,TOUS,Bolsa crossbody para mujer,3000,1800,https://www.elpalaciodehierro.com/tous llavero mini bolsa audree mujer 44466604.html?cid=102005,"15% COMPRANDO 2 O MÁS | TOUS | Llavero Mini Bolsa Audree Mujer | $1,400.00"
El Palacio de Hierro,TOUS,Bolsa crossbody para mujer,3750,3000,https://www.elpalaciodehierro.com/tous llavero mini bolsa pop mujer 44466599.html?cid=102005,"15% COMPRANDO 2 O MÁS | TOUS | Llavero Mini Bolsa Pop Mujer | $1,200.00"
El Palacio de Hierro,TOUS,Bolsa crossbody para mujer,2000,1600,https://www.elpalaciodehierro.com/tous mini bolsa crossbody mujer 44324389.html?cid=102005,"15% COMPRANDO 2 O MÁS | TOUS | Mini Bolsa Crossbody Mujer | $4,500.00"
El Palacio de Hierro,TOUS,Bolsa crossbody para mujer,,3000,https://www.elpalaciodehierro.com/tous minibolsa satchel brenda con logo mujer 44713203.html?cid=102005,"15% COMPRANDO 2 O MÁS | TOUS | Minibolsa Satchel Brenda con logo Mujer | $3,000.00"
El Palacio de Hierro,TOUS,Bolsa crossbody para mujer,3000,1800,https://www.elpalaciodehierro.com/tous mini bolsa satchel mujer 44324385.html?cid=102005,"15% COMPRANDO 2 O MÁS | TOUS | Mini Bolsa Satchel Mujer | $3,000.00"
El Palacio de Hierro,TOUS,Bolsa crossbody para mujer,,2000,https://www.elpalaciodehierro.com/tous mochila kaos icon mujer 43441989.html?cid=102005,"15% COMPRANDO 2 O MÁS | TOUS | Mochila Kaos Icon Mujer | $5,500.00"
El Palacio de Hierro,TOUS,Bolsa crossbody para mujer,,3000,https://www.elpalaciodehierro.com/tous monedero azul marino brenda mujer 43961889.html?cid=102005,"15% COMPRANDO 2 O MÁS | TOUS | Monedero azul marino Brenda Mujer | $1,400.00 | $1,120.00"
El Palacio de Hierro,TOUS,Bolsa crossbody para mujer,,2000,https://www.elpalaciodehierro.com/tous monedero beige kaos icon con patron de logotipo mujer 43406319.html?cid=102005,"15% COMPRANDO 2 O MÁS | TOUS | Monedero beige Kaos Icon con patrón de logotipo Mujer | $2,000.00"
El Palacio de Hierro,TOUS,Bolsa crossbody para mujer,,3750,https://www.elpalaciodehierro.com/tous monedero beige la rue new liso mujer 43442004.html?cid=102005,"15% COMPRANDO 2 O MÁS | TOUS | Monedero beige La Rue New liso Mujer | $1,900.00"
El Palacio de Hierro,TOUS,Bolsa crossbody para mujer,,3400,https://www.elpalaciodehierro.com/tous monedero brenda con logo mujer 44733105.html?cid=102005,"15% COMPRANDO 2 O MÁS | TOUS | Monedero Brenda con logo Mujer | $2,000.00"
El Palacio de Hierro,TOUS,Bolsa crossbody para mujer,,2800,https://www.elpalaciodehierro.com/tous monedero con logo mujer 44733108.html?cid=102005,"15% COMPRANDO 2 O MÁS | TOUS | Monedero con logo Mujer | $1,400.00"
El Palacio de Hierro,TOUS,Bolsa crossbody para mujer,,4000,https://www.elpalaciodehierro.com/tous monedero double way bear mujer 44998672.html?cid=102005,"15% COMPRANDO 2 O MÁS | TOUS | Monedero Double way Bear Mujer | $1,800.00"
El Palacio de Hierro,TOUS,Bolsa crossbody para mujer,,1700,https://www.elpalaciodehierro.com/tous monedero double way manifesto estampado mujer 44998569.html?cid=102005,"15% COMPRANDO 2 O MÁS | TOUS | Monedero Double Way Manifesto estampado Mujer | $1,800.00"
El Palacio de Hierro,TOUS,Bolsa crossbody para mujer,,1700,https://www.elpalaciodehierro.com/tous monedero en piel greta con capitonado mujer 43612606.html?cid=102005,"15% COMPRANDO 2 O MÁS | TOUS | Monedero en piel Greta con capitonado Mujer | $2,000.00"
El Palacio de Hierro,TOUS,Bolsa crossbody para mujer,,3000,https://www.elpalaciodehierro.com/tous monedero en piel sintetica la rue new mujer 43406335.html?cid=102005,"15% COMPRANDO 2 O MÁS | TOUS | Monedero en piel sintetica La Rue New Mujer | $1,300.00"
El Palacio de Hierro,TOUS,Bolsa crossbody para mujer,,1700,https://www.elpalaciodehierro.com/tous monedero en piel vacuna hold mujer 44998578.html?cid=102005,"15% COMPRANDO 2 O MÁS | TOUS | Monedero en piel vacuna Hold Mujer | $3,200.00"
El Palacio de Hierro,TOUS,Bolsa crossbody para mujer,,2000,https://www.elpalaciodehierro.com/tous monedero estampado mujer 44360676.html?cid=102005,"15% COMPRANDO 2 O MÁS | TOUS | Monedero estampado Mujer | $2,000.00"
El Palacio de Hierro,TOUS,Bolsa crossbody para mujer,3000,1800,https://www.elpalaciodehierro.com/tous monedero estampado mujer 44360679.html?cid=102005,"15% COMPRANDO 2 O MÁS | TOUS | Monedero estampado Mujer | $1,400.00"
El Palacio de Hierro,TOUS,Bolsa crossbody para mujer,2000,1200,https://www.elpalaciodehierro.com/tous monedero fucsia new dorp con logo mujer 44054733.html?cid=102005,"15% COMPRANDO 2 O MÁS | TOUS | Monedero Fucsia New Dorp con logo Mujer | $1,300.00"
El Palacio de Hierro,TOUS,Bolsa crossbody para mujer,2750,1650,https://www.elpalaciodehierro.com/tous monedero jewelry studs fantasia mujer 45347136.html?cid=102005,"15% COMPRANDO 2 O MÁS | TOUS | Monedero Jewelry Studs fantasía Mujer | $2,500.00 | $1,500.00"
El Palacio de Hierro,TOUS,Bolsa crossbody para mujer,,1400,https://www.elpalaciodehierro.com/tous monedero kaos icon con logo mujer 45176101.html?cid=102005,"15% COMPRANDO 2 O MÁS | TOUS | Monedero Kaos Icon con logo Mujer | $2,500.00 | $1,500.00"
El Palacio de Hierro,TOUS,Bolsa crossbody para mujer,,1200,https://www.elpalaciodehierro.com/tous monedero kaos icon liso mujer 45176105.html?cid=102005,"15% COMPRANDO 2 O MÁS | TOUS | Monedero Kaos Icon liso Mujer | $2,500.00 | $1,500.00"
El Palacio de Hierro,TOUS,Bolsa crossbody para mujer,,4500,https://www.elpalaciodehierro.com/tous monedero kaos icon mujer 44075582.html?cid=102005,"15% COMPRANDO 2 O MÁS | TOUS | Monedero Kaos Icon Mujer | $1,400.00"
El Palacio de Hierro,TOUS,Bolsa crossbody para mujer,,3000,https://www.elpalaciodehierro.com/tous monedero liso mujer 45287295.html?cid=102005,"15% COMPRANDO 2 O MÁS | TOUS | Monedero liso Mujer | $2,750.00"
El Palacio de Hierro,TOUS,Bolsa crossbody para mujer,,3000,https://www.elpalaciodehierro.com/tous monedero m new dubai saf tri rosa 42106859.html?cid=102005,"15% COMPRANDO 2 O MÁS | TOUS | Monedero M New Dubai Saf Tri Rosa | $1,200.00"
El Palacio de Hierro,TOUS,Bolsa crossbody para mujer,,5500,https://www.elpalaciodehierro.com/tous monedero monogram mujer 45287302.html?cid=102005,"15% COMPRANDO 2 O MÁS | TOUS | Monedero Monogram Mujer | $2,000.00 | $1,600.00"
El Palacio de Hierro,TOUS,Bolsa crossbody para mujer,1400,1120,https://www.elpalaciodehierro.com/tous monedero monogram mujer 45287303.html?cid=102005,"15% COMPRANDO 2 O MÁS | TOUS | Monedero monogram Mujer | $1,400.00 | $1,120.00"
El Palacio de Hierro,TOUS,Bolsa crossbody para mujer,,2000,https://www.elpalaciodehierro.com/tous monedero m t la rue new fucsia 43442005.html?cid=102005,"15% COMPRANDO 2 O MÁS | TOUS | Monedero M T La Rue New Fucsia | $1,900.00"
El Palacio de Hierro,TOUS,Bolsa crossbody para mujer,,1900,https://www.elpalaciodehierro.com/tous monedero negro la rue new liso mujer 43442003.html?cid=102005,"15% COMPRANDO 2 O MÁS | TOUS | Monedero negro La Rue New liso Mujer | $1,300.00"
El Palacio de Hierro,TOUS,Bolsa crossbody para mujer,,2000,https://www.elpalaciodehierro.com/tous monedero negro la rue new liso mujer 43469715.html?cid=102005,"15% COMPRANDO 2 O MÁS | TOUS | Monedero negro La Rue New liso Mujer | $1,900.00"
El Palacio de Hierro,TOUS,Bolsa crossbody para mujer,,1400,https://www.elpalaciodehierro.com/tous monedero rosa brenda mujer 43961882.html?cid=102005,"15% COMPRANDO 2 O MÁS | TOUS | Monedero rosa Brenda Mujer | $1,900.00 | $1,520.00"
El Palacio de Hierro,TOUS,Bolsa crossbody para mujer,,1800,https://www.elpalaciodehierro.com/tous monedero rosa brenda mujer 43961886.html?cid=102005,"15% COMPRANDO 2 O MÁS | TOUS | Monedero rosa Brenda Mujer | $1,400.00 | $1,120.00"
El Palacio de Hierro,TOUS,Bolsa crossbody para mujer,,1800,https://www.elpalaciodehierro.com/travel blue cangurera de viaje lisa unisex 39255638.html?cid=102005,MESES SIN INTERESES | TRAVEL BLUE | Cangurera de viaje lisa Unisex | $479.00 | $311.35
El Palacio de Hierro,TOUS,Bolsa crossbody para mujer,,2000,https://www.elpalaciodehierro.com/travel blue cangurera de viaje mujer 39255685.html?cid=102005,MESES SIN INTERESES | TRAVEL BLUE | Cangurera de Viaje Mujer | $419.00 | $272.35
El Palacio de Hierro,TOUS,Bolsa crossbody para mujer,,1300,https://www.elpalaciodehierro.com/travel blue cangurera unisex 39255654.html?cid=102005,MESES SIN INTERESES | TRAVEL BLUE | Cangurera Unisex | $299.00 | $194.35
El Palacio de Hierro,TOUS,Bolsa crossbody para mujer,,3200,https://www.elpalaciodehierro.com/travel blue mochila de viaje venture lite unisex 44876437.html?cid=102005,"MESES SIN INTERESES | TRAVEL BLUE | Mochila de Viaje Venture Lite Unisex | $1,499.00 | $974.35"
El Palacio de Hierro,TOUS,Bolsa crossbody para mujer,,2000,https://www.elpalaciodehierro.com/travel blue mochila journey unisex 44876436.html?cid=102005,"MESES SIN INTERESES | TRAVEL BLUE | Mochila Journey Unisex | $1,999.00 | $1,299.35"
El Palacio de Hierro,TOUS,Bolsa crossbody para mujer,,1400,https://www.elpalaciodehierro.com/travel blue mochila ventura lite olive unisex 44876441.html?cid=102005,"MESES SIN INTERESES | TRAVEL BLUE | Mochila Ventura Lite Olive Unisex | $1,499.00 | $974.35"
El Palacio de Hierro,TOUS,Bolsa crossbody para mujer,,1300,https://www.elpalaciodehierro.com/travel blue mochila ventura lite red unisex 44876442.html?cid=102005,"MESES SIN INTERESES | TRAVEL BLUE | Mochila Ventura Lite Red Unisex | $1,499.00 | $974.35"
El Palacio de Hierro,TOUS,Bolsa crossbody para mujer,2500,1500,https://www.elpalaciodehierro.com/travel blue mochila venture unisex 44876438.html?cid=102005,"MESES SIN INTERESES | TRAVEL BLUE | Mochila Venture Unisex | $1,499.00 | $974.35"
El Palacio de Hierro,TOUS,Bolsa crossbody para mujer,2500,1500,https://www.elpalaciodehierro.com/tumi bolsa crossbody dakota liso mujer 45276119.html?cid=102005,"MESES SIN INTERESES | TUMI | Bolsa crossbody Dakota liso Mujer | $4,100.00"
El Palacio de Hierro,TOUS,Bolsa crossbody para mujer,2500,1500,https://www.elpalaciodehierro.com/tumi bolsa crossbody en piel myla liso mujer 45276122.html?cid=102005,"MESES SIN INTERESES | TUMI | Bolsa crossbody en piel Myla liso Mujer | $10,400.00"
El Palacio de Hierro,TOUS,Bolsa crossbody para mujer,,1400,https://www.elpalaciodehierro.com/tumi bolsa crossbody gunmetal sedona mujer 44678791.html?cid=102005,"MESES SIN INTERESES | TUMI | Bolsa Crossbody Gunmetal Sedona Mujer | $4,100.00"
El Palacio de Hierro,TOUS,Bolsa crossbody para mujer,,2750,https://www.elpalaciodehierro.com/tumi bolsa crossbody gunmetal tyler mujer 44678792.html?cid=102005,"MESES SIN INTERESES | TUMI | Bolsa Crossbody Gunmetal Tyler Mujer | $6,200.00"
El Palacio de Hierro,TOUS,Bolsa crossbody para mujer,,1200,https://www.elpalaciodehierro.com/tumi bolsa crossbody lisa mujer 45009086.html?cid=102005,"MESES SIN INTERESES | TUMI | Bolsa Crossbody lisa Mujer | $6,200.00"
El Palacio de Hierro,TOUS,Bolsa crossbody para mujer,2000,1600,https://www.elpalaciodehierro.com/tumi bolsa duffle bag rhys liso mujer 45276123.html?cid=102005,"MESES SIN INTERESES | TUMI | Bolsa duffle bag Rhys liso Mujer | $12,500.00"
El Palacio de Hierro,TOUS,Bolsa crossbody para mujer,1400,1120,https://www.elpalaciodehierro.com/tumi bolsa tote en piel vail liso mujer 45276126.html?cid=102005,"MESES SIN INTERESES | TUMI | Bolsa tote en piel Vail liso Mujer | $14,600.00"
El Palacio de Hierro,TOUS,Bolsa crossbody para mujer,,1900,https://www.elpalaciodehierro.com/tumi celina backpack unisex 43055662.html?cid=102005,"MESES SIN INTERESES | TUMI | Celina Backpack Unisex | $10,400.00"
El Palacio de Hierro,TOUS,Bolsa crossbody para mujer,,1300,https://www.elpalaciodehierro.com/tumi just in case tote unisex 43152709.html?cid=102005,"MESES SIN INTERESES | TUMI | Just in Case Tote Unisex | $3,700.00"
El Palacio de Hierro,TOUS,Bolsa crossbody para mujer,,1900,https://www.elpalaciodehierro.com/tumi mochila celina mujer 45276128.html?cid=102005,"MESES SIN INTERESES | TUMI | Mochila Celina Mujer | $10,400.00"
El Palacio de Hierro,TOUS,Bolsa crossbody para mujer,1900,1520,https://www.elpalaciodehierro.com/tumi mochila halsey mujer 45276130.html?cid=102005,"MESES SIN INTERESES | TUMI | Mochila Halsey Mujer | $8,300.00"
El Palacio de Hierro,TOUS,Bolsa crossbody para mujer,1400,1120,https://www.elpalaciodehierro.com/tumi mochila ramsay con logotipo mujer 44659032.html?cid=102005,"MESES SIN INTERESES | TUMI | Mochila Ramsay con Logotipo Mujer | $11,500.00"
El Palacio de Hierro,TRAVEL BLUE,Cangurera de viaje lisa Unisex,479,311.35,https://www.elpalaciodehierro.com/unfollow bolso shoulder capitoneado mujer 43308581.html?cid=102005,MESES SIN INTERESES | UNFOLLOW | Bolso shoulder capitoneado Mujer | $899.00
El Palacio de Hierro,TRAVEL BLUE,Cangurera de Viaje Mujer,419,272.35,https://www.elpalaciodehierro.com/wenger cangurera texturizada unisex 44955867.html?cid=102005,MESES SIN INTERESES | WENGER | Cangurera texturizada Unisex | $899.00 | $719.20
El Palacio de Hierro,TRAVEL BLUE,Cangurera Unisex,299,194.35,https://www.elpalaciodehierro.com/wenger mochila mx light unisex 42752865.html?cid=102005,"MESES SIN INTERESES | WENGER | Mochila MX Light Unisex | $1,899.00 | $1,424.25"
El Palacio de Hierro,TRAVEL BLUE,Mochila de Viaje Venture Lite Unisex,1499,974.35,https://www.elpalaciodehierro.com/wenger mochila mx reload unisex 42752864.html?cid=102005,"MESES SIN INTERESES | WENGER | Mochila MX Reload Unisex | $1,799.00 | $1,349.25"
El Palacio de Hierro,TRAVEL BLUE,Mochila Journey Unisex,1999,1299.35,https://www.elpalaciodehierro.com/wenger mochila synergy unisex 42752857.html?cid=102005,"MESES SIN INTERESES | WENGER | Mochila Synergy Unisex | $3,099.00 | $2,324.25"
El Palacio de Hierro,TRAVEL BLUE,Mochila Ventura Lite Olive Unisex,1499,974.35,https://www.elpalaciodehierro.com/wenger mochila xe professional unisex 44575128.html?cid=102005,"MESES SIN INTERESES | WENGER | Mochila XE Professional Unisex | $2,299.00 | $1,724.25"
El Palacio de Hierro,TRAVEL BLUE,Mochila Ventura Lite Red Unisex,1499,974.35,https://www.elpalaciodehierro.com/womensecret cosmetiquera azul claro hello kitty mujer 45315466.html?cid=102005,MESES SIN INTERESES | WOMEN SECRET | Cosmetiquera azul claro Hello Kitty Mujer | $660.00
El Palacio de Hierro,TRAVEL BLUE,Mochila Venture Unisex,1499,974.35,https://www.elpalaciodehierro.com/womensecret cosmetiquera con rayas mujer 45315462.html?cid=102005,MESES SIN INTERESES | WOMEN SECRET | Cosmetiquera con rayas Mujer | $610.00
El Palacio de Hierro,TUMI,Bolsa crossbody Dakota liso Mujer,,4100,https://www.elpalaciodehierro.com/womensecret cosmetiquera negra lisa mujer 45228575.html?cid=102005,MESES SIN INTERESES | WOMEN SECRET | Cosmetiquera negra lisa Mujer | $610.00
El Palacio de Hierro,TUMI,Bolsa crossbody en piel Myla liso Mujer,,10400,https://www.elpalaciodehierro.com/womensecret cosmetiquera verde estampada mujer 45228573.html?cid=102005,MESES SIN INTERESES | WOMEN SECRET | Cosmetiquera verde estampada Mujer | $660.00
El Palacio de Hierro,TUMI,Bolsa Crossbody Gunmetal Sedona Mujer,,4100,https://www.elpalaciodehierro.com/womensecret neceser con logotipo mujer 44644333.html?cid=102005,MESES SIN INTERESES | WOMEN SECRET | Neceser con Logotipo Mujer | $590.00
El Palacio de Hierro,TUMI,Bolsa Crossbody Gunmetal Tyler Mujer,,6200,https://www.elpalaciodehierro.com/yadatex mochila ejecutiva airpack unisex 43973555.html?cid=102005,"MESES SIN INTERESES | YADATEX | Mochila Ejecutiva Airpack Unisex | $1,929.00 | $964.50"
El Palacio de Hierro,TUMI,Bolsa Crossbody lisa Mujer,,6200,https://www.elpalaciodehierro.com/zadig voltaire bolsa clutch en piel rock humberto estampada mujer 45155466.html?cid=102005,"MESES SIN INTERESES | ZADIG & VOLTAIRE | Bolsa clutch en piel Rock Humberto estampada Mujer | $10,690.00"
El Palacio de Hierro,TUMI,Bolsa duffle bag Rhys liso Mujer,,12500,https://www.elpalaciodehierro.com/zadig voltaire bolsa clutch en piel rock ii vintage lisa mujer 45155470.html?cid=102005,"MESES SIN INTERESES | ZADIG & VOLTAIRE | Bolsa clutch en piel Rock II Vintage lisa Mujer | $13,290.00"
El Palacio de Hierro,TUMI,Bolsa tote en piel Vail liso Mujer,,14600,https://www.elpalaciodehierro.com/zadig voltaire bolsa clutch en piel rock lisa mujer 45155464.html?cid=102005,"MESES SIN INTERESES | ZADIG & VOLTAIRE | Bolsa clutch en piel Rock lisa Mujer | $9,290.00"
El Palacio de Hierro,TUMI,Celina Backpack Unisex,,10400,https://www.elpalaciodehierro.com/zadig voltaire bolsa clutch en piel rock nano humberto estampada mujer 45156436.html?cid=102005,"MESES SIN INTERESES | ZADIG & VOLTAIRE | Bolsa clutch en piel Rock Nano Humberto estampada Mujer | $8,790.00"
El Palacio de Hierro,TUMI,Just in Case Tote Unisex,,3700,https://www.elpalaciodehierro.com/zadig voltaire bolsa crossbody de piel con animal print mujer 45171411.html?cid=102005,"MESES SIN INTERESES | ZADIG & VOLTAIRE | Bolsa crossbody de piel con animal print Mujer | $7,990.00"
El Palacio de Hierro,TUMI,Mochila Celina Mujer,,10400,https://www.elpalaciodehierro.com/zadig voltaire bolsa crossbody de piel rock nano mat xl scale capitonada mujer 44704600.html?cid=102005,"MESES SIN INTERESES | ZADIG & VOLTAIRE | Bolsa crossbody de piel Rock Nano Mat XL Scale capitonada Mujer | $9,290.00"
El Palacio de Hierro,TUMI,Mochila Halsey Mujer,,8300,https://www.elpalaciodehierro.com/zadig voltaire bolsa crossbody en cuero de vaca le zazi wild animalskin mujer 45171419.html?cid=102005,"MESES SIN INTERESES | ZADIG & VOLTAIRE | Bolsa Crossbody en cuero de vaca Le Zazi Wild animalskin Mujer | $13,290.00"
El Palacio de Hierro,TUMI,Mochila Ramsay con Logotipo Mujer,,11500,https://www.elpalaciodehierro.com/zadig voltaire bolsa crossbody en cuero rock nano granulada mujer 45000700.html?cid=102005,"MESES SIN INTERESES | ZADIG & VOLTAIRE | Bolsa Crossbody en cuero Rock Nano granulada Mujer | $6,690.00"
El Palacio de Hierro,UNFOLLOW,Bolso shoulder capitoneado Mujer,,899,https://www.elpalaciodehierro.com/zadig voltaire bolsa crossbody en piel con estoperoles fantasia mujer 44391061.html?cid=102005,"MESES SIN INTERESES | ZADIG & VOLTAIRE | Bolsa Crossbody en piel con estoperoles fantasía Mujer | $13,290.00 | $6,645.00"
El Palacio de Hierro,WENGER,Cangurera texturizada Unisex,899,719.2,https://www.elpalaciodehierro.com/zadig voltaire bolsa crossbody en piel le zouzou vintage lisa mujer 45155460.html?cid=102005,"MESES SIN INTERESES | ZADIG & VOLTAIRE | Bolsa crossbody en piel Le Zouzou Vintage lisa Mujer | $13,290.00"
El Palacio de Hierro,WENGER,Mochila MX Light Unisex,1899,1424.25,https://www.elpalaciodehierro.com/zadig voltaire bolsa crossbody en piel mat scal mujer 43624961.html?cid=102005,"MESES SIN INTERESES | ZADIG & VOLTAIRE | Bolsa crossbody en piel Mat Scal Mujer | $14,690.00"
El Palacio de Hierro,WENGER,Mochila MX Reload Unisex,1799,1349.25,https://www.elpalaciodehierro.com/zadig voltaire bolsa crossbody en piel metalizada mujer 45123133.html?cid=102005,"MESES SIN INTERESES | ZADIG & VOLTAIRE | Bolsa crossbody en piel metalizada Mujer | $11,990.00"
El Palacio de Hierro,WENGER,Mochila Synergy Unisex,3099,2324.25,https://www.elpalaciodehierro.com/zadig voltaire bolsa crossbody en piel mujer 43955452.html?cid=102005,"MESES SIN INTERESES | ZADIG & VOLTAIRE | Bolsa Crossbody en piel Mujer | $9,290.00"
El Palacio de Hierro,WENGER,Mochila XE Professional Unisex,2299,1724.25,https://www.elpalaciodehierro.com/zadig voltaire bolsa crossbody en piel mujer 44845120.html?cid=102005,"MESES SIN INTERESES | ZADIG & VOLTAIRE | Bolsa Crossbody en piel Mujer | $12,290.00"
El Palacio de Hierro,WOMEN SECRET,Cosmetiquera azul claro Hello Kitty Mujer,,660,https://www.elpalaciodehierro.com/zadig voltaire bolsa crossbody en piel mujer 45155458.html?cid=102005,"MESES SIN INTERESES | ZADIG & VOLTAIRE | Bolsa Crossbody en piel Mujer | $11,990.00"
El Palacio de Hierro,WOMEN SECRET,Cosmetiquera con rayas Mujer,,610,https://www.elpalaciodehierro.com/zadig voltaire bolsa crossbody en piel rock ii animalskin mujer 45123139.html?cid=102005,"MESES SIN INTERESES | ZADIG & VOLTAIRE | Bolsa crossbody en piel Rock II animalskin Mujer | $14,690.00"
El Palacio de Hierro,WOMEN SECRET,Cosmetiquera negra lisa Mujer,,610,https://www.elpalaciodehierro.com/zadig voltaire bolsa crossbody en piel rock ii graffiti con estampado mujer 45156444.html?cid=102005,"MESES SIN INTERESES | ZADIG & VOLTAIRE | Bolsa Crossbody en piel Rock II Graffiti con estampado Mujer | $13,290.00"
El Palacio de Hierro,WOMEN SECRET,Cosmetiquera verde estampada Mujer,,660,https://www.elpalaciodehierro.com/zadig voltaire bolsa crossbody en piel rock ii granulada mujer 45000694.html?cid=102005,"MESES SIN INTERESES | ZADIG & VOLTAIRE | Bolsa Crossbody en piel Rock II granulada Mujer | $9,290.00"
El Palacio de Hierro,WOMEN SECRET,Neceser con Logotipo Mujer,,590,https://www.elpalaciodehierro.com/zadig voltaire bolsa crossbody en piel rock ii monogram mujer 45123137.html?cid=102005,"MESES SIN INTERESES | ZADIG & VOLTAIRE | Bolsa crossbody en piel Rock II monogram Mujer | $11,990.00"
El Palacio de Hierro,YADATEX,Mochila Ejecutiva Airpack Unisex,1929,964.5,https://www.elpalaciodehierro.com/zadig voltaire bolsa crossbody en piel rock nano granulada mujer 45000702.html?cid=102005,"MESES SIN INTERESES | ZADIG & VOLTAIRE | Bolsa Crossbody en piel Rock Nano granulada Mujer | $8,790.00"
El Palacio de Hierro,ZADIG & VOLTAIRE,Bolsa clutch en piel Rock Humberto estampada Mujer,,10690,https://www.elpalaciodehierro.com/zadig voltaire bolsa crossbody en piel rock nano vintage corrugada mujer 45156438.html?cid=102005,"MESES SIN INTERESES | ZADIG & VOLTAIRE | Bolsa Crossbody en piel Rock Nano Vintage corrugada Mujer | $7,990.00"
El Palacio de Hierro,ZADIG & VOLTAIRE,Bolsa clutch en piel Rock II Vintage lisa Mujer,,13290,https://www.elpalaciodehierro.com/zadig voltaire bolsa crossbody en piel rock vintage con estoperoles mujer 45156442.html?cid=102005,"MESES SIN INTERESES | ZADIG & VOLTAIRE | Bolsa Crossbody en piel Rock Vintage con estoperoles Mujer | $11,990.00"
El Palacio de Hierro,ZADIG & VOLTAIRE,Bolsa clutch en piel Rock lisa Mujer,,9290,https://www.elpalaciodehierro.com/zadig voltaire bolsa crossbody en piel rock vintage lisa mujer 45156440.html?cid=102005,"MESES SIN INTERESES | ZADIG & VOLTAIRE | Bolsa Crossbody en piel Rock Vintage lisa Mujer | $10,690.00"
El Palacio de Hierro,ZADIG & VOLTAIRE,Bolsa clutch en piel Rock Nano Humberto estampada Mujer,,8790,https://www.elpalaciodehierro.com/zadig voltaire bolsa crossbody en piel rocky granulada mujer 43882005.html?cid=102005,"MESES SIN INTERESES | ZADIG & VOLTAIRE | Bolsa crossbody en piel Rocky granulada Mujer | $14,690.00"
El Palacio de Hierro,ZADIG & VOLTAIRE,Bolsa crossbody de piel con animal print Mujer,,7990,https://www.elpalaciodehierro.com/zadig voltaire bolsa crossbody en piel rocky ii lisa mujer 45156448.html?cid=102005,"MESES SIN INTERESES | ZADIG & VOLTAIRE | Bolsa Crossbody en piel Rocky II lisa Mujer | $11,990.00"
El Palacio de Hierro,ZADIG & VOLTAIRE,Bolsa crossbody de piel Rock Nano Mat XL Scale capitonada Mujer,,9290,https://www.elpalaciodehierro.com/zadig voltaire bolsa crossbody en piel sunny vibe con estoperoles mujer 45156456.html?cid=102005,"MESES SIN INTERESES | ZADIG & VOLTAIRE | Bolsa Crossbody en piel Sunny Vibe con estoperoles Mujer | $13,290.00"
El Palacio de Hierro,ZADIG & VOLTAIRE,Bolsa Crossbody en cuero de vaca Le Zazi Wild animalskin Mujer,,13290,https://www.elpalaciodehierro.com/zadig voltaire bolsa crossbody en piel sunny vibe granulada mujer 45156454.html?cid=102005,"MESES SIN INTERESES | ZADIG & VOLTAIRE | Bolsa Crossbody en piel Sunny Vibe granulada Mujer | $11,990.00"
El Palacio de Hierro,ZADIG & VOLTAIRE,Bolsa Crossbody en cuero Rock Nano granulada Mujer,,6690,https://www.elpalaciodehierro.com/zadig voltaire bolsa crossbody en piel sunny vibe medium con estoperoles mujer 45156452.html?cid=102005,"MESES SIN INTERESES | ZADIG & VOLTAIRE | Bolsa Crossbody en piel Sunny Vibe Medium con estoperoles Mujer | $15,990.00"
El Palacio de Hierro,ZADIG & VOLTAIRE,Bolsa Crossbody en piel con estoperoles fantasía Mujer,13290,6645,https://www.elpalaciodehierro.com/zadig voltaire bolsa crossbody en piel vacuna sunny moody humberto estampado mujer 45171413.html?cid=102005,"MESES SIN INTERESES | ZADIG & VOLTAIRE | Bolsa Crossbody en piel vacuna Sunny Moody Humberto estampado Mujer | $15,990.00"
El Palacio de Hierro,ZADIG & VOLTAIRE,Bolsa crossbody en piel Le Zouzou Vintage lisa Mujer,,13290,https://www.elpalaciodehierro.com/zadig voltaire bolsa crossbody kate wallet vintage patent en piel mujer 44391125.html?cid=102005,"MESES SIN INTERESES | ZADIG & VOLTAIRE | Bolsa Crossbody Kate Wallet Vintage Patent en Piel Mujer | $11,990.00"
El Palacio de Hierro,ZADIG & VOLTAIRE,Bolsa crossbody en piel Mat Scal Mujer,,14690,https://www.elpalaciodehierro.com/zadig voltaire bolsa crossbody mujer 44391051.html?cid=102005,"MESES SIN INTERESES | ZADIG & VOLTAIRE | Bolsa Crossbody Mujer | $13,290.00 | $6,645.00"
El Palacio de Hierro,ZADIG & VOLTAIRE,Bolsa crossbody en piel metalizada Mujer,,11990,https://www.elpalaciodehierro.com/zadig voltaire bolsa crossbody mujer 44391052.html?cid=102005,"MESES SIN INTERESES | ZADIG & VOLTAIRE | Bolsa Crossbody Mujer | $13,290.00"
El Palacio de Hierro,ZADIG & VOLTAIRE,Bolsa Crossbody en piel Mujer,,9290,https://www.elpalaciodehierro.com/zadig voltaire bolsa crossbody mujer 44391053.html?cid=102005,"MESES SIN INTERESES | ZADIG & VOLTAIRE | Bolsa Crossbody Mujer | $10,690.00"
El Palacio de Hierro,ZADIG & VOLTAIRE,Bolsa Crossbody en piel Mujer,,12290,https://www.elpalaciodehierro.com/zadig voltaire bolsa crossbody mujer 44395571.html?cid=102005,"MESES SIN INTERESES | ZADIG & VOLTAIRE | Bolsa Crossbody Mujer | $9,290.00"
El Palacio de Hierro,ZADIG & VOLTAIRE,Bolsa Crossbody en piel Mujer,,11990,https://www.elpalaciodehierro.com/zadig voltaire bolsa crossbody rock estampado mujer 45263496.html?cid=102005,"MESES SIN INTERESES | ZADIG & VOLTAIRE | Bolsa crossbody Rock estampado Mujer | $9,290.00"
El Palacio de Hierro,ZADIG & VOLTAIRE,Bolsa crossbody en piel Rock II animalskin Mujer,,14690,https://www.elpalaciodehierro.com/zadig voltaire bolsa crossbody rock graffiti en piel mujer 44391116.html?cid=102005,"MESES SIN INTERESES | ZADIG & VOLTAIRE | Bolsa Crossbody Rock Graffiti en Piel Mujer | $10,690.00"
El Palacio de Hierro,ZADIG & VOLTAIRE,Bolsa Crossbody en piel Rock II Graffiti con estampado Mujer,,13290,https://www.elpalaciodehierro.com/zadig voltaire bolsa crossbody rock grained en piel mujer 44367294.html?cid=102005,"MESES SIN INTERESES | ZADIG & VOLTAIRE | Bolsa Crossbody Rock Grained en piel Mujer | $9,290.00"
El Palacio de Hierro,ZADIG & VOLTAIRE,Bolsa Crossbody en piel Rock II granulada Mujer,,9290,https://www.elpalaciodehierro.com/zadig voltaire bolsa crossbody rock nano xl en piel capitonada mujer 43882009.html?cid=102005,"MESES SIN INTERESES | ZADIG & VOLTAIRE | Bolsa crossbody Rock Nano XL en piel capitonada Mujer | $9,290.00"
El Palacio de Hierro,ZADIG & VOLTAIRE,Bolsa crossbody en piel Rock II monogram Mujer,,11990,https://www.elpalaciodehierro.com/zadig voltaire bolsa crossbody sunny en piel liso mujer 45263504.html?cid=102005,"MESES SIN INTERESES | ZADIG & VOLTAIRE | Bolsa crossbody Sunny en piel liso Mujer | $13,290.00"
El Palacio de Hierro,ZADIG & VOLTAIRE,Bolsa Crossbody en piel Rock Nano granulada Mujer,,8790,https://www.elpalaciodehierro.com/zadig voltaire bolsa de mano en cuero de vaca rock nano granulada mujer 45171427.html?cid=102005,"MESES SIN INTERESES | ZADIG & VOLTAIRE | Bolsa de mano en cuero de vaca Rock Nano granulada Mujer | $6,690.00"
El Palacio de Hierro,ZADIG & VOLTAIRE,Bolsa Crossbody en piel Rock Nano Vintage corrugada Mujer,,7990,https://www.elpalaciodehierro.com/zadig voltaire bolsa hobo en piel lisa mujer 45171407.html?cid=102005,"MESES SIN INTERESES | ZADIG & VOLTAIRE | Bolsa Hobo en piel lisa Mujer | $18,690.00"
El Palacio de Hierro,ZADIG & VOLTAIRE,Bolsa Crossbody en piel Rock Vintage con estoperoles Mujer,,11990,https://www.elpalaciodehierro.com/zadig voltaire bolsa pouch en cuero rock granulada mujer 45000690.html?cid=102005,"MESES SIN INTERESES | ZADIG & VOLTAIRE | Bolsa Pouch en cuero Rock granulada Mujer | $9,290.00"
El Palacio de Hierro,ZADIG & VOLTAIRE,Bolsa Crossbody en piel Rock Vintage lisa Mujer,,10690,https://www.elpalaciodehierro.com/zadig voltaire bolsa satchel mujer 44391078.html?cid=102005,"MESES SIN INTERESES | ZADIG & VOLTAIRE | Bolsa Satchel Mujer | $15,990.00 | $7,995.00"
El Palacio de Hierro,ZADIG & VOLTAIRE,Bolsa crossbody en piel Rocky granulada Mujer,,14690,https://www.elpalaciodehierro.com/zadig voltaire bolsa shopper en cuero vacuno sunny granulada mujer 45171415.html?cid=102005,"MESES SIN INTERESES | ZADIG & VOLTAIRE | Bolsa Shopper en cuero vacuno Sunny granulada Mujer | $14,690.00"
El Palacio de Hierro,ZADIG & VOLTAIRE,Bolsa Crossbody en piel Rocky II lisa Mujer,,11990,https://www.elpalaciodehierro.com/zadig voltaire bolsa shoulder de cuero le roudoudou lisa mujer 45155456.html?cid=102005,"MESES SIN INTERESES | ZADIG & VOLTAIRE | Bolsa shoulder de cuero Le Roudoudou lisa Mujer | $9,290.00"
El Palacio de Hierro,ZADIG & VOLTAIRE,Bolsa Crossbody en piel Sunny Vibe con estoperoles Mujer,,13290,https://www.elpalaciodehierro.com/zadig voltaire bolsa shoulder de cuero rocky ii con diseno fantasia mujer 45156450.html?cid=102005,"MESES SIN INTERESES | ZADIG & VOLTAIRE | Bolsa shoulder de cuero Rocky II con diseño fantasía Mujer | $14,690.00"
El Palacio de Hierro,ZADIG & VOLTAIRE,Bolsa Crossbody en piel Sunny Vibe granulada Mujer,,11990,https://www.elpalaciodehierro.com/zadig voltaire bolsa shoulder en cuero de vaca rock ii metal animalprint mujer 45171423.html?cid=102005,"MESES SIN INTERESES | ZADIG & VOLTAIRE | Bolsa Shoulder en cuero de vaca Rock II Metal animalprint Mujer | $10,690.00"
El Palacio de Hierro,ZADIG & VOLTAIRE,Bolsa Crossbody en piel Sunny Vibe Medium con estoperoles Mujer,,15990,https://www.elpalaciodehierro.com/zadig voltaire bolsa shoulder en piel granulada mujer 44937168.html?cid=102005,"MESES SIN INTERESES | ZADIG & VOLTAIRE | Bolsa shoulder en piel granulada Mujer | $9,290.00"
El Palacio de Hierro,ZADIG & VOLTAIRE,Bolsa Crossbody en piel vacuna Sunny Moody Humberto estampado Mujer,,15990,https://www.elpalaciodehierro.com/zadig voltaire bolsa shoulder en piel granulada mujer 44937170.html?cid=102005,"MESES SIN INTERESES | ZADIG & VOLTAIRE | Bolsa shoulder en piel granulada Mujer | $8,790.00"
El Palacio de Hierro,ZADIG & VOLTAIRE,Bolsa Crossbody Kate Wallet Vintage Patent en Piel Mujer,,11990,https://www.elpalaciodehierro.com/zadig voltaire bolsa shoulder en piel jim lisa mujer 45155452.html?cid=102005,"MESES SIN INTERESES | ZADIG & VOLTAIRE | Bolsa shoulder en piel Jim lisa Mujer | $13,290.00"
El Palacio de Hierro,ZADIG & VOLTAIRE,Bolsa Crossbody Mujer,13290,6645,https://www.elpalaciodehierro.com/zadig voltaire bolsa shoulder en piel jim vintage lisa mujer 45155454.html?cid=102005,"MESES SIN INTERESES | ZADIG & VOLTAIRE | Bolsa shoulder en piel Jim Vintage lisa Mujer | $15,990.00"
El Palacio de Hierro,ZADIG & VOLTAIRE,Bolsa Crossbody Mujer,,13290,https://www.elpalaciodehierro.com/zadig voltaire bolsa shoulder en piel mujer 44737021.html?cid=102005,"MESES SIN INTERESES | ZADIG & VOLTAIRE | Bolsa Shoulder en Piel Mujer | $6,690.00"
El Palacio de Hierro,ZADIG & VOLTAIRE,Bolsa Crossbody Mujer,,10690,https://www.elpalaciodehierro.com/zadig voltaire bolsa shoulder en piel mujer 45155462.html?cid=102005,"MESES SIN INTERESES | ZADIG & VOLTAIRE | Bolsa Shoulder en piel Mujer | $13,290.00"
El Palacio de Hierro,ZADIG & VOLTAIRE,Bolsa Crossbody Mujer,,9290,https://www.elpalaciodehierro.com/zadig voltaire bolsa shoulder en piel rock lisa mujer 45171421.html?cid=102005,"MESES SIN INTERESES | ZADIG & VOLTAIRE | Bolsa shoulder en piel Rock lisa Mujer | $9,290.00"
El Palacio de Hierro,ZADIG & VOLTAIRE,Bolsa crossbody Rock estampado Mujer,,9290,https://www.elpalaciodehierro.com/zadig voltaire bolsa shoulder mujer 44737011.html?cid=102005,"MESES SIN INTERESES | ZADIG & VOLTAIRE | Bolsa Shoulder Mujer | $10,690.00"
El Palacio de Hierro,ZADIG & VOLTAIRE,Bolsa Crossbody Rock Graffiti en Piel Mujer,,10690,https://www.elpalaciodehierro.com/zadig voltaire bolsa shoulder rock xl en piel mujer 44281737.html?cid=102005,"MESES SIN INTERESES | ZADIG & VOLTAIRE | Bolsa Shoulder Rock XL en piel Mujer | $11,990.00"
El Palacio de Hierro,ZADIG & VOLTAIRE,Bolsa Crossbody Rock Grained en piel Mujer,,9290,https://www.elpalaciodehierro.com/zadig voltaire bolsa tote angel estampado mujer 45263492.html?cid=102005,"MESES SIN INTERESES | ZADIG & VOLTAIRE | Bolsa tote Ángel estampado Mujer | $12,790.00"
El Palacio de Hierro,ZADIG & VOLTAIRE,Bolsa crossbody Rock Nano XL en piel capitonada Mujer,,9290,https://www.elpalaciodehierro.com/zadig voltaire bolsa tote con monograma mujer 45156462.html?cid=102005,"MESES SIN INTERESES | ZADIG & VOLTAIRE | Bolsa tote con monograma Mujer | $9,290.00 | $6,503.00"
El Palacio de Hierro,ZADIG & VOLTAIRE,Bolsa crossbody Sunny en piel liso Mujer,,13290,https://www.elpalaciodehierro.com/zadig voltaire bolsa tote shopper estampada mujer 45263510.html?cid=102005,"MESES SIN INTERESES | ZADIG & VOLTAIRE | Bolsa tote shopper estampada Mujer | $9,290.00"
El Palacio de Hierro,ZADIG & VOLTAIRE,Bolsa de mano en cuero de vaca Rock Nano granulada Mujer,,6690,https://www.elpalaciodehierro.com/zadig voltaire bolso clutch en piel semigranulado mujer 44094794.html?cid=102005,"MESES SIN INTERESES | ZADIG & VOLTAIRE | Bolso Clutch en piel semigranulado Mujer | $9,290.00"
El Palacio de Hierro,ZADIG & VOLTAIRE,Bolsa Hobo en piel lisa Mujer,,18690,https://www.elpalaciodehierro.com/zadig voltaire cartera en piel vacuna kate animalprint mujer 45171409.html?cid=102005,"MESES SIN INTERESES | ZADIG & VOLTAIRE | Cartera en piel vacuna Kate animalprint Mujer | $13,290.00"
El Palacio de Hierro,ZADIG & VOLTAIRE,Bolsa Pouch en cuero Rock granulada Mujer,,9290,https://www.elpalaciodehierro.com/zadig voltaire bolsa pouch en cuero rock granulada mujer 45000690.html?cid=102005,"MESES SIN INTERESES | ZADIG & VOLTAIRE | Bolsa Pouch en cuero Rock granulada Mujer | $9,290.00"
El Palacio de Hierro,ZADIG & VOLTAIRE,Bolsa Satchel Mujer,15990,7995,https://www.elpalaciodehierro.com/zadig voltaire bolsa satchel mujer 44391078.html?cid=102005,"MESES SIN INTERESES | ZADIG & VOLTAIRE | Bolsa Satchel Mujer | $15,990.00 | $7,995.00"
El Palacio de Hierro,ZADIG & VOLTAIRE,Bolsa Shopper en cuero vacuno Sunny granulada Mujer,,14690,https://www.elpalaciodehierro.com/zadig voltaire bolsa shopper en cuero vacuno sunny granulada mujer 45171415.html?cid=102005,"MESES SIN INTERESES | ZADIG & VOLTAIRE | Bolsa Shopper en cuero vacuno Sunny granulada Mujer | $14,690.00"
El Palacio de Hierro,ZADIG & VOLTAIRE,Bolsa shoulder de cuero Le Roudoudou lisa Mujer,,9290,https://www.elpalaciodehierro.com/zadig voltaire bolsa shoulder de cuero le roudoudou lisa mujer 45155456.html?cid=102005,"MESES SIN INTERESES | ZADIG & VOLTAIRE | Bolsa shoulder de cuero Le Roudoudou lisa Mujer | $9,290.00"
El Palacio de Hierro,ZADIG & VOLTAIRE,Bolsa shoulder de cuero Rocky II con diseño fantasía Mujer,,14690,https://www.elpalaciodehierro.com/zadig voltaire bolsa shoulder de cuero rocky ii con diseno fantasia mujer 45156450.html?cid=102005,"MESES SIN INTERESES | ZADIG & VOLTAIRE | Bolsa shoulder de cuero Rocky II con diseño fantasía Mujer | $14,690.00"
El Palacio de Hierro,ZADIG & VOLTAIRE,Bolsa Shoulder en cuero de vaca Rock II Metal animalprint Mujer,,10690,https://www.elpalaciodehierro.com/zadig voltaire bolsa shoulder en cuero de vaca rock ii metal animalprint mujer 45171423.html?cid=102005,"MESES SIN INTERESES | ZADIG & VOLTAIRE | Bolsa Shoulder en cuero de vaca Rock II Metal animalprint Mujer | $10,690.00"
El Palacio de Hierro,ZADIG & VOLTAIRE,Bolsa shoulder en piel granulada Mujer,,9290,https://www.elpalaciodehierro.com/zadig voltaire bolsa shoulder en piel granulada mujer 44937168.html?cid=102005,"MESES SIN INTERESES | ZADIG & VOLTAIRE | Bolsa shoulder en piel granulada Mujer | $9,290.00"
El Palacio de Hierro,ZADIG & VOLTAIRE,Bolsa shoulder en piel granulada Mujer,,8790,https://www.elpalaciodehierro.com/zadig voltaire bolsa shoulder en piel granulada mujer 44937170.html?cid=102005,"MESES SIN INTERESES | ZADIG & VOLTAIRE | Bolsa shoulder en piel granulada Mujer | $8,790.00"
El Palacio de Hierro,ZADIG & VOLTAIRE,Bolsa shoulder en piel Jim lisa Mujer,,13290,https://www.elpalaciodehierro.com/zadig voltaire bolsa shoulder en piel jim lisa mujer 45155452.html?cid=102005,"MESES SIN INTERESES | ZADIG & VOLTAIRE | Bolsa shoulder en piel Jim lisa Mujer | $13,290.00"
El Palacio de Hierro,ZADIG & VOLTAIRE,Bolsa shoulder en piel Jim Vintage lisa Mujer,,15990,https://www.elpalaciodehierro.com/zadig voltaire bolsa shoulder en piel jim vintage lisa mujer 45155454.html?cid=102005,"MESES SIN INTERESES | ZADIG & VOLTAIRE | Bolsa shoulder en piel Jim Vintage lisa Mujer | $15,990.00"
El Palacio de Hierro,ZADIG & VOLTAIRE,Bolsa Shoulder en Piel Mujer,,6690,https://www.elpalaciodehierro.com/zadig voltaire bolsa shoulder en piel mujer 44737021.html?cid=102005,"MESES SIN INTERESES | ZADIG & VOLTAIRE | Bolsa Shoulder en Piel Mujer | $6,690.00"
El Palacio de Hierro,ZADIG & VOLTAIRE,Bolsa Shoulder en piel Mujer,,13290,https://www.elpalaciodehierro.com/zadig voltaire bolsa shoulder en piel mujer 45155462.html?cid=102005,"MESES SIN INTERESES | ZADIG & VOLTAIRE | Bolsa Shoulder en piel Mujer | $13,290.00"
El Palacio de Hierro,ZADIG & VOLTAIRE,Bolsa shoulder en piel Rock lisa Mujer,,9290,https://www.elpalaciodehierro.com/zadig voltaire bolsa shoulder en piel rock lisa mujer 45171421.html?cid=102005,"MESES SIN INTERESES | ZADIG & VOLTAIRE | Bolsa shoulder en piel Rock lisa Mujer | $9,290.00"
El Palacio de Hierro,ZADIG & VOLTAIRE,Bolsa Shoulder Mujer,,10690,https://www.elpalaciodehierro.com/zadig voltaire bolsa shoulder mujer 44737011.html?cid=102005,"MESES SIN INTERESES | ZADIG & VOLTAIRE | Bolsa Shoulder Mujer | $10,690.00"
El Palacio de Hierro,ZADIG & VOLTAIRE,Bolsa Shoulder Rock XL en piel Mujer,,11990,https://www.elpalaciodehierro.com/zadig voltaire bolsa shoulder rock xl en piel mujer 44281737.html?cid=102005,"MESES SIN INTERESES | ZADIG & VOLTAIRE | Bolsa Shoulder Rock XL en piel Mujer | $11,990.00"
El Palacio de Hierro,ZADIG & VOLTAIRE,Bolsa tote Ángel estampado Mujer,,12790,https://www.elpalaciodehierro.com/zadig voltaire bolsa tote angel estampado mujer 45263492.html?cid=102005,"MESES SIN INTERESES | ZADIG & VOLTAIRE | Bolsa tote Ángel estampado Mujer | $12,790.00"
El Palacio de Hierro,ZADIG & VOLTAIRE,Bolsa tote con monograma Mujer,9290,6503,https://www.elpalaciodehierro.com/zadig voltaire bolsa tote con monograma mujer 45156462.html?cid=102005,"MESES SIN INTERESES | ZADIG & VOLTAIRE | Bolsa tote con monograma Mujer | $9,290.00 | $6,503.00"
El Palacio de Hierro,ZADIG & VOLTAIRE,Bolsa tote shopper estampada Mujer,,9290,https://www.elpalaciodehierro.com/zadig voltaire bolsa tote shopper estampada mujer 45263510.html?cid=102005,"MESES SIN INTERESES | ZADIG & VOLTAIRE | Bolsa tote shopper estampada Mujer | $9,290.00"
El Palacio de Hierro,ZADIG & VOLTAIRE,Bolso Clutch en piel semigranulado Mujer,,9290,https://www.elpalaciodehierro.com/zadig voltaire bolso clutch en piel semigranulado mujer 44094794.html?cid=102005,"MESES SIN INTERESES | ZADIG & VOLTAIRE | Bolso Clutch en piel semigranulado Mujer | $9,290.00"
El Palacio de Hierro,ZADIG & VOLTAIRE,Cartera en piel vacuna Kate animalprint Mujer,,13290,https://www.elpalaciodehierro.com/zadig voltaire cartera en piel vacuna kate animalprint mujer 45171409.html?cid=102005,"MESES SIN INTERESES | ZADIG & VOLTAIRE | Cartera en piel vacuna Kate animalprint Mujer | $13,290.00"
Farfetch,Farfetch,ISABEL MARANT,25923,19370,https://www.farfetch.com/mx/shopping/women/isabel marant medium maia half moon shoulder bag item 34000136.aspx,"ISABEL MARANT | medium Maia half moon shoulder bag | $25,923 | $19,370 |  25%"
Farfetch,Farfetch,Jacquemus,,19609,https://www.farfetch.com/mx/shopping/women/jacquemus large bambino tote bag item 29884590.aspx,"Jacquemus | large Bambino tote bag | $19,609"
Farfetch,Farfetch,Jacquemus,,16671,https://www.farfetch.com/mx/shopping/women/jacquemus le chiquito moyen top handle bag item 16305082.aspx,"Jacquemus | Le Chiquito Moyen top handle bag | $16,671"
Farfetch,Farfetch,Jacquemus,,24436,https://www.farfetch.com/mx/shopping/women/jacquemus salon mais clutch bag item 34810436.aspx,"Jacquemus | Salon Maïs clutch bag | $24,436"
Farfetch,Farfetch,Jacquemus,,34834,https://www.farfetch.com/mx/shopping/women/jacquemus woven knot detail tote bag item 35233400.aspx,"Jacquemus | woven knot detail tote bag | $34,834"
Farfetch,Farfetch,JW Pei,,3190,https://www.farfetch.com/mx/shopping/women/jw pei lucia tote bag item 29441028.aspx,"JW Pei | Lucia tote bag | $3,190"
Farfetch,Farfetch,KHAITE,,44527,https://www.farfetch.com/mx/shopping/women/khaite medium olivia shoulder bag item 34667255.aspx,"KHAITE | medium Olivia shoulder bag | $44,527"
Liverpool,H&CO,bolsa crossbody h&co 2021 para mujer,,89900,https://www.liverpool.com.mx/tienda/pdp/bolsa crossbody h&co 2021 para mujer/1108450602?skuid=1108450602,Khaki
Liverpool,KIPLING,bolsa crossbody kipling para mujer,,214900,https://www.liverpool.com.mx/tienda/pdp/bolsa crossbody kipling para mujer/1192143604?skuid=1192143604,Khaki
Liverpool,NINE WEST,Bolsa crossbody Lyra para mujer,199900,169900,https://www.liverpool.com.mx/tienda/pdp/bolsa crossbody nine west lyra para mujer/1186995399?skuid=1186995399,Khaki
Farfetch,Farfetch,Kurt Geiger London,,5509,https://www.suburbia.com.mx/tienda/pdp/bolsa satchel gorett cristy para mujer/1179239988?skuid=1179239988,"Kurt Geiger London | crystal embellished mini Kensington bag | $5,509"
Suburbia,GORETT,Bolsa satchel Cristy para mujer,,129900,https://www.liverpool.com.mx/tienda/pdp/bolsa crossbody huser para mujer/1191044451?skuid=1191044467,Lila
Liverpool,HUSER,bolsa crossbody huser para mujer,,99900,https://www.liverpool.com.mx/tienda/pdp/bolsa hobo westies para mujer/1185777897?skuid=1185777908,Lila | Negro | Café
Lululemon,Lululemon,Llavero con dije de termo,,650,https://www.suburbia.com.mx/tienda/pdp/bolsa shoulder a%C3%A9ropostale fayette para mujer/99990590899?skuid=1186559581,Llavero con dije de termo | Mex$650 | Compra rápida
Lululemon,Lululemon,Llavero de la chamarra Define,,750,https://www.suburbia.com.mx/tienda/pdp/backpack lab.g para mujer/1132921861?skuid=1132921861,Llavero de la chamarra Define | Mex$750 | Compra rápida
Lululemon,Lululemon,Llavero de silicón,,500,https://www.suburbia.com.mx/tienda/pdp/bolsa lik%C3%ABpink para mujer/1141285587?skuid=1141285587,Llavero de silicón | Mex$500 | Compra rápida
Farfetch,Farfetch,Longchamp,,3989,https://www.liverpool.com.mx/tienda/pdp/bolsa satchel olimba para mujer/99986436041?skuid=1180360073,"Longchamp | large Le Pliage folding tote bag | $3,989"
Farfetch,Farfetch,Longchamp,,3989,https://www.suburbia.com.mx/tienda/pdp/backpack lik%C3%ABpink multipack para mujer/1156162473?skuid=1156162473,"Longchamp | large Le Pliage tote bag | $3,989"
Farfetch,Farfetch,Longchamp,,3989,https://www.suburbia.com.mx/tienda/pdp/bolsa crossbody basha alison para mujer/1123305228?skuid=1123305228,"Longchamp | Le Pliage shoulder bag | $3,989"
Farfetch,Farfetch,Longchamp,,3429,https://www.suburbia.com.mx/tienda/pdp/bolsa crossbody nicole lee best smile para mujer/1189596754?skuid=1189596754,"Longchamp | medium Le Pliage Original tote bag | $3,429"
Farfetch,Farfetch,Marc Jacobs,,4297,https://www.liverpool.com.mx/tienda/pdp/bolsa crossbody nine west gertrude para mujer/1189202071?skuid=1189202071,"Marc Jacobs | medium The Tote bag | $4,297"
Liverpool,WESTIES,Bolsa hobo para mujer,114900,114900,https://www.liverpool.com.mx/tienda/pdp/bolsa crossbody calvin klein hailey para mujer/1141550302?skuid=1141550302,Marfil | Negro
Suburbia,AÉROPOSTALE,Bolsa shoulder Fayette para mujer,109900,99900,https://www.liverpool.com.mx/tienda/pdp/bolsa crossbody tommy hilfiger im latam jacquard para mujer/1176399046?skuid=1176399046,Marfil | Rosa
Lululemon,Lululemon,Mini bolsa con tarjetero y clip Herrajes metálicos,,900,https://www.liverpool.com.mx/tienda/pdp/bolsa crossbody loading para mujer/1181872941?skuid=1181872957,Mini bolsa con tarjetero y clip Herrajes metálicos | Mex$900 | Compra rápida
Lululemon,Lululemon,Mini bolsa portatarjetas con clip,,900,https://www.liverpool.com.mx/tienda/pdp/bolsa crossbody puma pop para mujer/1190927098?skuid=1190927098,Mini bolsa portatarjetas con clip | Mex$900 | Compra rápida
Lululemon,Lululemon,Mini bolsas con correa para la muñeca,,1300,https://www.liverpool.com.mx/tienda/pdp/bolsa messenger gen%C3%A9rica para mujer/1154434913?skuid=1154434913,"Mini bolsas con correa para la muñeca | Mex$1,300 | Compra rápida"
Lululemon,Lululemon,Mini bolsas con correa para la muñeca Piel alternativa,,2100,https://www.suburbia.com.mx/tienda/pdp/bolsa messenger gen%C3%A9rica para mujer/1154434913?skuid=1154434913,"Mini bolsas con correa para la muñeca Piel alternativa | Mex$2,100 | Compra rápida"
Lululemon,Lululemon,Mini bolso City Essentials 1L,,1500,https://www.liverpool.com.mx/tienda/pdp/bolsa satchel nine west magdalina para mujer/1190551926?skuid=1190551926,"Mini bolso City Essentials 1L | Mex$1,500 | Compra rápida"
Farfetch,Farfetch,Miu Miu,,40500,https://www.liverpool.com.mx/tienda/pdp/bolsa satchel map para mujer/1183804541?skuid=1183804541,"Miu Miu | crochet tote bag | $40,500"
Farfetch,Farfetch,Miu Miu,,37700,https://www.liverpool.com.mx/tienda/pdp/bolsa shoulder xtellar para mujer/1177409266?skuid=1177409266,"Miu Miu | woven motif striped tote bag | $37,700"
Cuidado con el Perro,Cuidado con el Perro,Mochila con Pin Negra,,299,https://www.liverpool.com.mx/tienda/pdp/bolsa tote basha ba%C3%BAl bamb%C3%BA para mujer/1140301473?skuid=1140301473,Mochila con Pin Negra | $299.00
Lululemon,Lululemon,Mochila Cruiser 26L Actualizada,,3800,https://www.liverpool.com.mx/tienda/pdp/bolsa tote mickey and friends disney mickey mouse para mujer/1162073423?skuid=1162073423,"Mochila Cruiser 26L Actualizada | Mex$3,800 | Compra rápida"
Lululemon,Lululemon,Mochila Everywhere 22L,,2100,https://shasa.com/products/bolsa tote gato elegante?&fromnostocategory=true,"Mochila Everywhere 22L | Mex$2,100 | Compra rápida"
Lululemon,Lululemon,Mochila Everywhere 22L Herrajes metálicos,,2500,https://shasa.com/products/bolsa tote gato elegante?&fromnostocategory=true,"Mochila Everywhere 22L Herrajes metálicos | Mex$2,500 | Compra rápida"
Lululemon,Lululemon,Mochila Everywhere nano,,750,https://www.liverpool.com.mx/tienda/pdp/bolsa tote tommy hilfiger im latam jacquard para mujer/1176398911?skuid=1176398911,Mochila Everywhere nano | Mex$750 | Compra rápida
Lululemon,Lululemon,Mochila New Crew 22L Actualizada,,2500,https://www.liverpool.com.mx/tienda/pdp/bolsa tote basha ivana para mujer/1123305848?skuid=1123305848,"Mochila New Crew 22L Actualizada | Mex$2,500 | Compra rápida"
Lululemon,Lululemon,Mochila Wunderlust 25L,,3800,https://www.suburbia.com.mx/tienda/pdp/bolsa tote michael kors sheila de piel para mujer/1193859891?skuid=1193859891,"Mochila Wunderlust 25L | Mex$3,800 | Compra rápida"
Lululemon,Lululemon,Mochila Wunderlust Nano,,900,https://www.liverpool.com.mx/tienda/pdp/bolsa satchel guess noelle ii para mujer/1177284319?skuid=1177284323,Mochila Wunderlust Nano | Mex$900 | Compra rápida
Suburbia,LAB.G,Backpack para mujer,163643,147279,https://www.liverpool.com.mx/tienda/pdp/bolsa shoulder guess noelle ii para mujer/1177282898?skuid=1177282908,Morado
Suburbia,LIKËPINK,Bolsa para mujer,111900,69900,https://www.liverpool.com.mx/tienda/pdp/bolsa tote olimba para mujer/99985081535?skuid=1177710586,Morado
Liverpool,OLIMBA,Bolsa satchel para mujer,119900,59950,https://www.suburbia.com.mx/tienda/pdp/backpack gen%C3%A9rica de cuero para mujer/1133283176?skuid=1133283176,Morado | Azul | Negro | Café | Verde
Lululemon,Lululemon,MUJER,,,https://www.suburbia.com.mx/tienda/pdp/backpack lik%C3%ABpink fashion and life de cuero/1143115131?skuid=1143115131,MUJER | HOMBRE | ACCESORIOS | BOLSAS
Brantano,Brantano,MUJER,,,https://www.suburbia.com.mx/tienda/pdp/backpack w%C3%BCnd para mujer/1160827609?skuid=1160827609,MUJER | HOMBRE | ACCESORIOS | REBAJAS | Mi cuenta | Buscar | Carrito
Suburbia,LIKËPINK,Backpack MultiPack para mujer,117400,67400,https://www.suburbia.com.mx/tienda/pdp/backpack lab.g para mujer/1132921870?skuid=1132921870,Multicolor
Suburbia,BASHA,Bolsa crossbody Alison para mujer,129900,94900,https://www.suburbia.com.mx/tienda/pdp/bolsa backpack hpc polo para mujer/1113627791?skuid=1113627791,Multicolor
Suburbia,NICOLE LEE,Bolsa Crossbody Best Smile para mujer,131900,111900,https://shasa.com/products/bolsa baguette charol 1?&fromnostocategory=true,Multicolor
Liverpool,NINE WEST,Bolsa crossbody Gertrude para mujer,169900,144400,https://shasa.com/products/bolsa baguette charol 1?&fromnostocategory=true,Multicolor
Liverpool,CALVIN KLEIN,Bolsa crossbody Hailey para mujer,,259900,https://shasa.com/products/bolsa baguette hebilla remaches?&fromnostocategory=true,Multicolor
Liverpool,TOMMY HILFIGER,Bolsa crossbody Im Latam Jacquard para mujer,,159900,https://shasa.com/products/bolsa baguette hebilla remaches?&fromnostocategory=true,Multicolor
Liverpool,LOADING,Bolsa crossbody para mujer,,42900,https://shasa.com/products/bolsa baguette larga charol 1?&fromnostocategory=true,Multicolor
Liverpool,PUMA,Bolsa crossbody Pop para mujer,,59900,https://shasa.com/products/bolsa baguette larga charol 1?&fromnostocategory=true,Multicolor
Liverpool,Genérica,Bolsa messenger para mujer,116500,66271,https://shasa.com/products/bolsa baguette tapa asimetrica?&fromnostocategory=true,Multicolor
Suburbia,Genérica,Bolsa messenger para mujer,116500,57276,https://shasa.com/products/bolsa baguette tapa asimetrica?&fromnostocategory=true,Multicolor
Liverpool,NINE WEST,Bolsa satchel Magdalina para mujer,209900,178400,https://www.liverpool.com.mx/tienda/pdp/bolsa bandolera lik%C3%ABpink fashion and style de cuero para mujer/1145476867?skuid=1145476867,Multicolor
Liverpool,MAP,bolsa satchel map para mujer,,79900,https://www.liverpool.com.mx/tienda/pdp/bolsa bandolera adolfo dominguez para mujer/1192628811?skuid=1192628811,Multicolor
Liverpool,XTELLAR,Bolsa shoulder para mujer,219900,140827,https://www.suburbia.com.mx/tienda/pdp/bolsa bandolera gen%C3%A9rica para mujer/1155160116?skuid=1155160116,Multicolor
Liverpool,BASHA,Bolsa tote Baúl Bambú para mujer,129900,94900,https://www.liverpool.com.mx/tienda/pdp/bolsa bandolera w%C3%BCnd para mujer/1159330857?skuid=1159330857,Multicolor
Liverpool,MICKEY AND FRIENDS,Bolsa tote Disney Mickey Mouse para mujer,,39900,https://www.liverpool.com.mx/tienda/pdp/bolsa bandolera gen%C3%A9rica para mujer/1155423524?skuid=1155423524,Multicolor
Suburbia,Suburbia,Bolsa tote gato elegante,199,199,https://www.suburbia.com.mx/tienda/pdp/bolsa bandolera gen%C3%A9rica para mujer/1155423524?skuid=1155423524,Multicolor
Suburbia,Suburbia,Bolsa tote gato elegante,499,199,https://www.suburbia.com.mx/tienda/pdp/bolsa bandolera generica para mujer/1194598081?skuid=1194598081,Multicolor
Liverpool,TOMMY HILFIGER,Bolsa tote Im Latam Jacquard para mujer,,219900,https://www.suburbia.com.mx/tienda/pdp/bolsa bandolera gen%C3%A9rica para mujer/1144564959?skuid=1144564959,Multicolor
Liverpool,BASHA,Bolsa tote Ivana para mujer,139900,94900,https://www.liverpool.com.mx/tienda/pdp/bolsa bandolera w%C3%BCnd para mujer/1159330849?skuid=1159330849,Multicolor
Suburbia,MICHAEL KORS,Bolsa tote Sheila de piel para mujer,899700,377800,https://www.suburbia.com.mx/tienda/pdp/bolsa bandolera w%C3%BCnd para mujer/1159292262?skuid=1159292262,Multicolor
Liverpool,GUESS,Bolsa satchel Noelle Ii para mujer,,319000,https://www.suburbia.com.mx/tienda/pdp/bolsa bucket hpc polo para mujer/1132199031?skuid=1132199031,Multicolor | Café
Liverpool,GUESS,Bolsa shoulder Noelle Ii para mujer,,239000,https://shasa.com/products/bolsa bucket remaches tachuela grande?&fromnostocategory=true,Multicolor | Negro
Liverpool,OLIMBA,Bolsa tote para mujer,109900,49900,https://shasa.com/products/bolsa bucket remaches tachuela grande?&fromnostocategory=true,Naranja
Lululemon,Lululemon,Neceser City Essentials 4L,,1000,https://www.liverpool.com.mx/tienda/pdp/bolsa bucket that s it para mujer/1186734652?skuid=1186734668,"Neceser City Essentials 4L | Mex$1,000 | Compra rápida"
Lululemon,Lululemon,Neceser City Essentials Mini 2L,,750,https://shasa.com/products/bolsa clutch asa metal?&fromnostocategory=true,Neceser City Essentials Mini 2L | Mex$750 | Compra rápida
Lululemon,Lululemon,Neceser con doble compartimento,,1500,https://shasa.com/products/bolsa clutch asa metal?&fromnostocategory=true,"Neceser con doble compartimento | Mex$1,500 | Compra rápida"
Suburbia,Genérica,Backpack de cuero para mujer,,103808,https://shasa.com/products/bolsa crossbody baguette hebilla?&fromnostocategory=true,Negro
Suburbia,LIKËPINK,Backpack Fashion and Life de cuero,111900,48544,https://shasa.com/products/bolsa crossbody baguette hebilla?&fromnostocategory=true,Negro
Suburbia,WÜND,Backpack para mujer,143900,69789,https://www.liverpool.com.mx/tienda/pdp/bolsa crossbody mujer/1125058871?skuid=1125058899,Negro
Suburbia,LAB.G,Backpack para mujer,149700,55249,https://www.liverpool.com.mx/tienda/pdp/bolsa crossbody parfois bounce 2 para mujer/1191411364?skuid=1191411371,Negro
Suburbia,HPC POLO,Bolsa backpack para mujer,142000,69500,https://www.liverpool.com.mx/tienda/pdp/bolsa crossbody puma campus sport para mujer/1190927055?skuid=1190927055,Negro
Suburbia,Suburbia,Bolsa baguette charol,399,399,https://shasa.com/products/bolsa crossbody capitonada tapa 2?&fromnostocategory=true,Negro
Suburbia,Suburbia,Bolsa baguette charol,499,399,https://shasa.com/products/bolsa crossbody capitonada tapa 2?&fromnostocategory=true,Negro
Suburbia,Suburbia,Bolsa baguette hebilla remaches,499,499,https://www.suburbia.com.mx/tienda/pdp/bolsa crossbody hpc polo casual para mujer/1141354716?skuid=1141354716,Negro
Suburbia,Suburbia,Bolsa baguette hebilla remaches,449,499,https://www.suburbia.com.mx/tienda/pdp/bolsa crossbody hpc polo casual para mujer/1143608430?skuid=1143608430,Negro
Suburbia,Suburbia,Bolsa baguette larga charol,499,499,https://www.suburbia.com.mx/tienda/pdp/bolsa crossbody hpc polo casual para mujer/1141535567?skuid=1141535567,Negro
Suburbia,Suburbia,Bolsa baguette larga charol,499,499,https://shasa.com/products/bolsa crossbody cowboy flecos 1?&fromnostocategory=true,Negro
Suburbia,Suburbia,Bolsa baguette tapa asimétrica,449,449,https://shasa.com/products/bolsa crossbody cowboy flecos 1?&fromnostocategory=true,Negro
Suburbia,Suburbia,Bolsa baguette tapa asimétrica,599,449,https://www.liverpool.com.mx/tienda/pdp/bolsa crossbody lik%C3%ABpink cruzadas moda para mujer/1146112907?skuid=1146112907,Negro
Liverpool,LIKËPINK,Bolsa bandolera Fashion And Style de cuero para mujer,111900,92207,https://www.suburbia.com.mx/tienda/pdp/bolsa crossbody lik%C3%ABpink cruzadas moda para mujer/1146112907?skuid=1146112907,Negro
Liverpool,ADOLFO DOMINGUEZ,Bolsa bandolera para mujer,359000,287200,https://www.suburbia.com.mx/tienda/pdp/bolsa crossbody marc jacobs de cuero para mujer/1137531212?skuid=1137531212,Negro
Suburbia,Genérica,Bolsa bandolera para mujer,149800,99800,https://www.liverpool.com.mx/tienda/pdp/bolsa crossbody generica de cuero para mujer/1194607667?skuid=1194607667,Negro
Liverpool,WÜND,Bolsa bandolera para mujer,169900,96604,https://www.liverpool.com.mx/tienda/pdp/bolsa crossbody xtellar de piel para mujer/1176974679?skuid=1176974679,Negro
Liverpool,Genérica,Bolsa bandolera para mujer,104800,93161,https://www.liverpool.com.mx/tienda/pdp/bolsa crossbody kipling defea deep black para mujer/1185883252?skuid=1185883252,Negro
Suburbia,Genérica,Bolsa bandolera para mujer,104800,85074,https://www.liverpool.com.mx/tienda/pdp/bolsa crossbody nine west galilee para mujer/1190261413?skuid=1190261413,Negro
Suburbia,GENERICA,Bolsa bandolera para mujer,149900,76500,https://www.liverpool.com.mx/tienda/pdp/bolsa crossbody h&co 2021 para mujer/1108451251?skuid=1108451251,Negro
Suburbia,Genérica,Bolsa bandolera para mujer,103700,64849,https://www.liverpool.com.mx/tienda/pdp/bolsa crossbody h&co 2021 para mujer/1108450611?skuid=1108450611,Negro
Liverpool,WÜND,Bolsa bandolera para mujer,89900,59713,https://www.liverpool.com.mx/tienda/pdp/bolsa crossbody h&co kostantina para mujer/1190784167?skuid=1190784173,Negro
Suburbia,WÜND,Bolsa bandolera para mujer,121900,54948,https://www.liverpool.com.mx/tienda/pdp/bolsa crossbody puma her para mujer/1190927241?skuid=1190927241,Negro
Suburbia,HPC POLO,Bolsa bucket para mujer,109900,69700,https://www.suburbia.com.mx/tienda/pdp/bolsa crossbody kurt geiger king black on de piel para mujer/1185698030?skuid=1185698030,Negro
Suburbia,Suburbia,Bolsa bucket remaches tachuela grande,599,599,https://www.liverpool.com.mx/tienda/pdp/bolsa crossbody guess latona ii para mujer/1177283661?skuid=1177283661,Negro
Suburbia,Suburbia,Bolsa bucket remaches tachuela grande,499,599,https://www.suburbia.com.mx/tienda/pdp/bolsa crossbody angelozano lorena grabado para mujer/1101132231?skuid=1101132231,Negro
Liverpool,THAT S IT,bolsa bucket that s it para mujer,49900,34930,https://www.liverpool.com.mx/tienda/pdp/bolsa crossbody lover lov%C3%ABr para mujer/1164123703?skuid=1164123703,Negro
Suburbia,Suburbia,Bolsa clutch asa metal,599,599,https://www.suburbia.com.mx/tienda/pdp/bolsa crossbody nautica luna para mujer/99987034583?skuid=1181050205,Negro
Suburbia,Suburbia,Bolsa clutch asa metal,499,599,https://www.liverpool.com.mx/tienda/pdp/bolsa crossbody map para mujer/1188578739?skuid=1188578744,Negro
Suburbia,Suburbia,Bolsa crossbody baguette hebilla,499,499,https://www.liverpool.com.mx/tienda/pdp/bolsa crossbody mujer/1122450283?skuid=1122450283,Negro
Suburbia,Suburbia,Bolsa crossbody baguette hebilla,249,499,https://shasa.com/products/bolsa crossbody pedreria 5?&fromnostocategory=true,Negro
Liverpool,WESTIES,Bolsa crossbody bosco textil para mujer,,189900,https://shasa.com/products/bolsa crossbody pedreria 5?&fromnostocategory=true,Negro
Liverpool,PARFOIS,Bolsa crossbody Bounce 2 para mujer,,69900,https://www.liverpool.com.mx/tienda/pdp/bolsa crossbody luckyly nubia para mujer/99973620055?skuid=1160605215,Negro
Liverpool,PUMA,Bolsa crossbody Campus Sport para mujer,,89900,https://www.liverpool.com.mx/tienda/pdp/bolsa crossbody calvin klein para mujer/1184679174?skuid=1184679180,Negro
Suburbia,Suburbia,Bolsa crossbody capitonada tapa,399,399,https://www.liverpool.com.mx/tienda/pdp/bolsa crossbody nine west para mujer/99986993283?skuid=1181085424,Negro
Suburbia,Suburbia,Bolsa crossbody capitonada tapa,249,399,https://www.liverpool.com.mx/tienda/pdp/bolsa crossbody nine west para mujer/99986993272?skuid=1181083880,Negro
Suburbia,HPC POLO,Bolsa crossbody Casual para mujer,109900,71700,https://www.liverpool.com.mx/tienda/pdp/bolsa crossbody ganni para mujer/1136617873?skuid=1136617873,Negro
Suburbia,HPC POLO,Bolsa crossbody Casual para mujer,109900,68000,https://www.liverpool.com.mx/tienda/pdp/bolsa crossbody w%C3%BCnd para mujer/1159905442?skuid=1159905442,Negro
Suburbia,HPC POLO,Bolsa crossbody Casual para mujer,99900,49900,https://www.suburbia.com.mx/tienda/pdp/bolsa crossbody likepink para mujer/1165908054?skuid=1165908054,Negro
Suburbia,Suburbia,Bolsa crossbody cowboy flecos,499,499,https://www.liverpool.com.mx/tienda/pdp/bolsa crossbody xtellar para mujer/1177532441?skuid=1177532441,Negro
Suburbia,Suburbia,Bolsa crossbody cowboy flecos,449,499,https://www.suburbia.com.mx/tienda/pdp/bolsa crossbody hpc polo para mujer/1174174209?skuid=1174174209,Negro
Liverpool,LIKËPINK,Bolsa crossbody Cruzadas Moda para mujer,103500,55837,https://www.suburbia.com.mx/tienda/pdp/bolsa crossbody hpc polo para mujer/1173652697?skuid=1173652697,Negro
Suburbia,LIKËPINK,Bolsa crossbody Cruzadas Moda para mujer,111900,50588,https://www.liverpool.com.mx/tienda/pdp/bolsa crossbody lab.g para mujer/1179310259?skuid=1179310259,Negro
Suburbia,MARC JACOBS,Bolsa crossbody de cuero para mujer,1000000,299900,https://www.liverpool.com.mx/tienda/pdp/bolsa crossbody gen%C3%A9rica para mujer/1152881785?skuid=1152881785,Negro
Liverpool,GENERICA,Bolsa crossbody de cuero para mujer,189900,170909,https://www.suburbia.com.mx/tienda/pdp/bolsa crossbody hpc polo para mujer/1131840264?skuid=1131840264,Negro
Liverpool,XTELLAR,Bolsa crossbody de piel para mujer,92300,65464,https://www.liverpool.com.mx/tienda/pdp/bolsa crossbody lab.g para mujer/1182441224?skuid=1182441224,Negro
Liverpool,KIPLING,Bolsa crossbody Defea Deep Black para mujer,359900,287900,https://www.suburbia.com.mx/tienda/pdp/bolsa crossbody gen%C3%A9rica para mujer/1137077635?skuid=1137077635,Negro
Liverpool,NINE WEST,Bolsa Crossbody Galilee para mujer,199900,169900,https://www.suburbia.com.mx/tienda/pdp/bolsa crossbody hpc polo para mujer/1120992771?skuid=1120992771,Negro
Liverpool,H&CO,bolsa crossbody h&co 2021 para mujer,,89900,https://www.liverpool.com.mx/tienda/pdp/bolsa crossbody lab.g para mujer/1131026095?skuid=1131026095,Negro
Liverpool,H&CO,bolsa crossbody h&co 2021 para mujer,,89900,https://www.suburbia.com.mx/tienda/pdp/bolsa crossbody hpc polo para mujer/1120678091?skuid=1120678091,Negro
Liverpool,H&CO,bolsa crossbody h&co kostantina para mujer,,119900,https://www.suburbia.com.mx/tienda/pdp/bolsa crossbody hpc polo para mujer/1156462108?skuid=1156462108,Negro
Liverpool,PUMA,Bolsa crossbody Her para mujer,,69900,https://www.suburbia.com.mx/tienda/pdp/bolsa crossbody w%C3%BCnd para mujer/1159905442?skuid=1159905442,Negro
Suburbia,KURT GEIGER,Bolsa crossbody King Black On de piel para mujer,899000,629300,https://www.suburbia.com.mx/tienda/pdp/bolsa crossbody hpc polo para mujer/1174169621?skuid=1174169621,Negro
Liverpool,GUESS,Bolsa crossbody Latona Ii para mujer,,249000,https://www.liverpool.com.mx/tienda/pdp/bolsa crossbody lab.g para mujer/1184152661?skuid=1184152661,Negro
Suburbia,ANGELOZANO,Bolsa crossbody Lorena Grabado para mujer,253100,151800,https://www.suburbia.com.mx/tienda/pdp/bolsa crossbody perry ellis kyle para mujer/1187274059?skuid=1187274059,Negro
Liverpool,LOVER,Bolsa crossbody Lovër para mujer,109900,62900,https://www.suburbia.com.mx/tienda/pdp/bolsa crossbody zadig & voltaire rock ii para mujer/1192281063?skuid=1192281063,Negro
Suburbia,NAUTICA,Bolsa crossbody Luna para mujer,149900,119900,https://www.suburbia.com.mx/tienda/pdp/bolsa crossbody enso soft weave para mujer/1188908418?skuid=1188908418,Negro
Liverpool,MAP,bolsa crossbody map para mujer,,89900,https://www.liverpool.com.mx/tienda/pdp/bolsa crossbody steve madden spring para mujer/1116529391?skuid=1116529391,Negro
Liverpool,STEVE MADDEN,bolsa crossbody mujer,,199900,https://shasa.com/products/bolsa crossbody suave cierres?&fromnostocategory=true,Negro
Suburbia,Suburbia,bolsa crossbody multi studs,299,299,https://shasa.com/products/bolsa crossbody suave cierres?&fromnostocategory=true,Negro
Suburbia,Suburbia,bolsa crossbody multi studs,399,299,https://www.suburbia.com.mx/tienda/pdp/bolsa crossbody coach teri de piel para mujer/1193937141?skuid=1193937141,Negro
Liverpool,LUCKYLY,Bolsa crossbody Nubia para mujer,99900,59900,https://www.liverpool.com.mx/tienda/pdp/bolsa crossbody that s it para mujer/1190000417?skuid=1190001225,Negro
Liverpool,CALVIN KLEIN,Bolsa crossbody para mujer,364900,182450,https://www.liverpool.com.mx/tienda/pdp/bolsa crossbody that s it para mujer/1173893710?skuid=1173895425,Negro
Liverpool,NINE WEST,Bolsa crossbody para mujer,189900,161400,https://www.liverpool.com.mx/tienda/pdp/bolsa crossbody gen%C3%A9rica universal de cuero para mujer/1150478070?skuid=1150478070,Negro
Liverpool,NINE WEST,Bolsa crossbody para mujer,169900,144400,https://www.suburbia.com.mx/tienda/pdp/bolsa crossbody gen%C3%A9rica universal de cuero para mujer/1150478070?skuid=1150478070,Negro
Liverpool,GANNI,Bolsa crossbody para mujer,142900,114320,https://shasa.com/products/bolsa estructurada cuadrada textura?&fromnostocategory=true,Negro
Liverpool,WÜND,Bolsa crossbody para mujer,108800,96912,https://shasa.com/products/bolsa estructurada cuadrada textura?&fromnostocategory=true,Negro
Suburbia,LIKEPINK,Bolsa crossbody para mujer,138400,96542,https://www.suburbia.com.mx/tienda/pdp/bolsa flap w%C3%BCnd de cuero para mujer/1157030422?skuid=1157030422,Negro
Liverpool,XTELLAR,Bolsa crossbody para mujer,139000,92617,https://www.suburbia.com.mx/tienda/pdp/bolsa flap weekend para mujer/sb5014073583?skuid=sb5014073592,Negro
Suburbia,HPC POLO,Bolsa crossbody para mujer,99900,76100,https://www.liverpool.com.mx/tienda/pdp/bolsa flap w%C3%BCnd para mujer/1159287901?skuid=1159287901,Negro
Suburbia,HPC POLO,Bolsa crossbody para mujer,109900,74000,https://shasa.com/products/bolsa grande croco panuelo?&fromnostocategory=true,Negro
Liverpool,LAB.G,Bolsa crossbody para mujer,,70417,https://shasa.com/products/bolsa grande croco panuelo?&fromnostocategory=true,Negro
Liverpool,GENÉRICA,Bolsa crossbody para mujer,94700,66203,https://shasa.com/products/bolsa grande tote pu 1?&fromnostocategory=true,Negro
Suburbia,HPC POLO,Bolsa crossbody para mujer,109900,55000,https://shasa.com/products/bolsa grande tote pu 1?&fromnostocategory=true,Negro
Liverpool,LAB.G,Bolsa crossbody para mujer,102200,54954,https://www.liverpool.com.mx/tienda/pdp/bolsa hobo abbacino para mujer/1180832016?skuid=1180833125,Negro
Suburbia,Genérica,Bolsa crossbody para mujer,239900,53662,https://www.suburbia.com.mx/tienda/pdp/bolsa hobo huser para mujer/sb5014233289?skuid=sb5014233298,Negro
Suburbia,HPC POLO,Bolsa crossbody para mujer,69900,51500,https://www.suburbia.com.mx/tienda/pdp/bolsa hobo weekend para mujer/sb5014025490?skuid=sb5014025504,Negro
Liverpool,LAB.G,Bolsa crossbody para mujer,89900,51361,https://www.suburbia.com.mx/tienda/pdp/bolsa hobo weekend para mujer/sb5014025571?skuid=sb5014025580,Negro
Suburbia,HPC POLO,Bolsa crossbody para mujer,69900,49900,https://www.liverpool.com.mx/tienda/pdp/bolsa hobo olimba para mujer/99990935983?skuid=1187426801,Negro
Suburbia,HPC POLO,Bolsa crossbody para mujer,99900,49900,https://shasa.com/products/bolsa hobo slouchy gamucina?&fromnostocategory=true,Negro
Suburbia,WÜND,Bolsa crossbody para mujer,79900,48581,https://shasa.com/products/bolsa hobo slouchy gamucina?&fromnostocategory=true,Negro
Suburbia,HPC POLO,Bolsa crossbody para mujer,79900,42900,https://shasa.com/products/bolsa hobo suave tachuelas?&fromnostocategory=true,Negro
Liverpool,LAB.G,Bolsa crossbody para mujer,100000,40998,https://shasa.com/products/bolsa hobo suave tachuelas?&fromnostocategory=true,Negro
Suburbia,PERRY ELLIS,Bolsa crossbody Perry Ellis Kyle para mujer,139900,119900,https://shasa.com/products/bolsa hombro croco broche?&fromnostocategory=true,Negro
Suburbia,ZADIG & VOLTAIRE,Bolsa crossbody Rock II para mujer,929000,743200,https://shasa.com/products/bolsa hombro croco broche?&fromnostocategory=true,Negro
Suburbia,ENSO,Bolsa crossbody Soft Weave para mujer,119900,59900,https://shasa.com/products/bolsa mega tote nylon capitonada?&fromnostocategory=true,Negro
Liverpool,STEVE MADDEN,bolsa crossbody steve madden spring para mujer,,239900,https://shasa.com/products/bolsa mega tote nylon capitonada?&fromnostocategory=true,Negro
Suburbia,Suburbia,Bolsa crossbody suave cierres,449,449,https://www.suburbia.com.mx/tienda/pdp/bolsa messenger gen%C3%A9rica universal de cuero para mujer/1150394887?skuid=1150394887,Negro
Suburbia,Suburbia,Bolsa crossbody suave cierres,599,449,https://www.suburbia.com.mx/tienda/pdp/bolsa huser para mujer/sb5014233513?skuid=sb5014233522,Negro
Suburbia,COACH,Bolsa crossbody Teri de piel para mujer,629900,440900,https://www.suburbia.com.mx/tienda/pdp/bolsa hpc polo para mujer/1173353436?skuid=1173353436,Negro
Liverpool,THAT S IT,bolsa crossbody that s it para mujer,,69900,https://www.suburbia.com.mx/tienda/pdp/bolsa hpc polo para mujer/1131757588?skuid=1131757588,Negro
Liverpool,THAT S IT,bolsa crossbody that s it para mujer,49900,34930,https://www.suburbia.com.mx/tienda/pdp/bolsa hpc polo para mujer/1174174306?skuid=1174174306,Negro
Liverpool,Genérica,Bolsa crossbody Universal de cuero para mujer,179900,92776,https://www.suburbia.com.mx/tienda/pdp/backpack hpc polo para mujer/1131645836?skuid=1131645836,Negro
Suburbia,Genérica,Bolsa crossbody Universal de cuero para mujer,179900,92701,https://www.liverpool.com.mx/tienda/pdp/bolsa satchel guess dea para mujer/1182632526?skuid=1182632526,Negro
Suburbia,Suburbia,Bolsa estructurada cuadrada textura,499,499,https://www.liverpool.com.mx/tienda/pdp/bolsa satchel nine west donella para mujer/1177390280?skuid=1177390280,Negro
Suburbia,Suburbia,Bolsa estructurada cuadrada textura,499,499,https://www.liverpool.com.mx/tienda/pdp/bolsa satchel h&co 2021 para mujer/1108450599?skuid=1108450599,Negro
Suburbia,WÜND,Bolsa flap de cuero para mujer,179000,129000,https://www.liverpool.com.mx/tienda/pdp/bolsa satchel h&co susana para mujer/1187383586?skuid=1187383591,Negro
Suburbia,WEEKEND,Bolsa flap para mujer,39900,39900,https://www.liverpool.com.mx/tienda/pdp/bolsa satchel westies killua para mujer/1183780599?skuid=1183780600,Negro
Liverpool,WÜND,Bolsa flap para mujer,101900,91627,https://www.liverpool.com.mx/tienda/pdp/bolsa satchel nine west lilibet para mujer/99993984420?skuid=1192689593,Negro
Suburbia,Suburbia,Bolsa grande croco pañuelo,599,599,https://www.liverpool.com.mx/tienda/pdp/bolsa satchel madden girl para mujer/1189062695?skuid=1189062695,Negro
Suburbia,Suburbia,Bolsa grande croco pañuelo,499,599,https://www.liverpool.com.mx/tienda/pdp/bolsa satchel westies mikasa para mujer/1185777994?skuid=1185779528,Negro
Suburbia,Suburbia,Bolsa grande tote PU,599,599,https://www.liverpool.com.mx/tienda/pdp/bolsa satchel lover nacional para mujer/1187057848?skuid=1187057848,Negro
Suburbia,Suburbia,Bolsa grande tote PU,499,599,https://www.liverpool.com.mx/tienda/pdp/bolsa satchel guess noelle ii para mujer/1187936035?skuid=1187936035,Negro
Liverpool,ABBACINO,bolsa hobo abbacino para mujer,,319900,https://www.liverpool.com.mx/tienda/pdp/bolsa satchel guess noelle ii para mujer/1185067285?skuid=1185067285,Negro
Suburbia,HUSER,Bolsa hobo para mujer,79900,79900,https://www.liverpool.com.mx/tienda/pdp/bolsa satchel dkny para mujer/1190927349?skuid=1190927349,Negro
Suburbia,WEEKEND,Bolsa hobo para mujer,49900,49900,https://www.suburbia.com.mx/tienda/pdp/bolsa satchel westies para mujer/99993111351?skuid=1191097323,Negro
Suburbia,WEEKEND,Bolsa hobo para mujer,39900,39900,https://www.liverpool.com.mx/tienda/pdp/bolsa satchel westies para mujer/99993111351?skuid=1191097323,Negro
Liverpool,OLIMBA,Bolsa hobo para mujer,129900,64950,https://www.suburbia.com.mx/tienda/pdp/bolsa satchel westies para mujer/1137679341?skuid=1137679341,Negro
Suburbia,Suburbia,Bolsa hobo slouchy gamucina,499,499,https://www.suburbia.com.mx/tienda/pdp/bolsa satchel lover para mujer/1196643539?skuid=1196643539,Negro
Suburbia,Suburbia,Bolsa hobo slouchy gamucina,499,499,https://www.liverpool.com.mx/tienda/pdp/bolsa satchel steve madden bevelyn para mujer/1155069858?skuid=1155069887,Negro
Suburbia,Suburbia,Bolsa hobo suave tachuelas,599,599,https://www.suburbia.com.mx/tienda/pdp/bolsa satchel marc jacobs the j marc chain de cuero para mujer/99963235427?skuid=1142282514,Negro
Suburbia,Suburbia,Bolsa hobo suave tachuelas,599,599,https://www.liverpool.com.mx/tienda/pdp/bolsa shopper totto sicilia para mujer/1194975445?skuid=1194975445,Negro
Suburbia,Suburbia,Bolsa hombro croco broche,399,399,https://shasa.com/products/bolsa shoulder charm boho?&fromnostocategory=true,Negro
Suburbia,Suburbia,Bolsa hombro croco broche,149,399,https://shasa.com/products/bolsa shoulder charm boho?&fromnostocategory=true,Negro
Suburbia,Suburbia,Bolsa mega tote nylon capitonada,499,499,https://shasa.com/products/bolsa shoulder estructurada hebilla larga?&fromnostocategory=true,Negro
Suburbia,Suburbia,Bolsa mega tote nylon capitonada,249,499,https://shasa.com/products/bolsa shoulder estructurada hebilla larga?&fromnostocategory=true,Negro
Suburbia,Genérica,Bolsa messenger Universal de cuero para mujer,169900,119904,https://www.liverpool.com.mx/tienda/pdp/bolsa shoulder lik%C3%ABpink india trivu de cuero para mujer/1146202850?skuid=1146202850,Negro
Suburbia,HUSER,Bolsa para mujer,79900,79900,https://www.suburbia.com.mx/tienda/pdp/bolsa shoulder lik%C3%ABpink india trivu de cuero para mujer/1146202850?skuid=1146202850,Negro
Suburbia,HPC POLO,Bolsa para mujer,119900,89500,https://www.liverpool.com.mx/tienda/pdp/bolsa shoulder map para mujer/1183807940?skuid=1183807940,Negro
Suburbia,HPC POLO,Bolsa para mujer,119900,88900,https://shasa.com/products/bolsa shoulder metalica?&fromnostocategory=true,Negro
Suburbia,HPC POLO,Bolsa para mujer,119900,79700,https://shasa.com/products/bolsa shoulder metalica?&fromnostocategory=true,Negro
Suburbia,HPC POLO,Bolsa para mujer,119900,59900,https://www.liverpool.com.mx/tienda/pdp/bolsa shoulder calvin klein para mujer/1147068383?skuid=1147068383,Negro
Liverpool,GUESS,Bolsa satchel Dea para mujer,217900,152530,https://www.suburbia.com.mx/tienda/pdp/bolsa shoulder hpc polo para mujer/1156460768?skuid=1156460768,Negro
Liverpool,NINE WEST,Bolsa satchel Donella para mujer,209900,178400,https://www.suburbia.com.mx/tienda/pdp/bolsa shoulder bluelander para mujer/1125997569?skuid=1125997569,Negro
Liverpool,H&CO,bolsa satchel h&co 2021 para mujer,,149900,https://www.liverpool.com.mx/tienda/pdp/bolsa shoulder steve madden fall para mujer/1125232228?skuid=1125232228,Negro
Liverpool,H&CO,bolsa satchel h&co susana para mujer,,149900,https://www.liverpool.com.mx/tienda/pdp/bolsa shoulder steve madden holiday para mujer/1186666689?skuid=1186666689,Negro
Liverpool,WESTIES,Bolsa satchel Killua para mujer,149900,127400,https://www.liverpool.com.mx/tienda/pdp/bolsa shoulder that s it para mujer/1169803065?skuid=1169803079,Negro
Liverpool,NINE WEST,Bolsa satchel Lilibet para mujer,209900,178400,https://www.liverpool.com.mx/tienda/pdp/bolsa tote gen%C3%A9rica bolsa broche coraz%C3%B3n para mujer/1143440181?skuid=1143440181,Negro
Liverpool,MADDEN GIRL,bolsa satchel madden girl para mujer,,179900,https://www.liverpool.com.mx/tienda/pdp/bolsa tote parfois bounce 2 para mujer/1191411470?skuid=1191411486,Negro
Liverpool,WESTIES,Bolsa satchel Mikasa para mujer,169900,144400,https://www.suburbia.com.mx/tienda/pdp/bolsa tote lik%C3%ABpink chic elegance para mujer/1148612770?skuid=1148612770,Negro
Liverpool,LOVER,Bolsa satchel Nacional para mujer,119900,64900,https://shasa.com/products/bolsa tote corazones?&fromnostocategory=true,Negro
Liverpool,GUESS,Bolsa satchel Noelle II para mujer,,319000,https://shasa.com/products/bolsa tote corazones?&fromnostocategory=true,Negro
Liverpool,GUESS,Bolsa satchel Noelle Ii para mujer,,319000,https://www.liverpool.com.mx/tienda/pdp/bolsa tote lauren ralph lauren de piel para mujer/1191749004?skuid=1191749011,Negro
Liverpool,DKNY,Bolsa satchel para mujer,,269900,https://www.liverpool.com.mx/tienda/pdp/bolsa tote guess eco gemma para mujer/1169796579?skuid=1169796579,Negro
Suburbia,WESTIES,Bolsa satchel para mujer,,169900,https://www.suburbia.com.mx/tienda/pdp/bolsa tote tory burch ella chain para mujer/1145418794?skuid=1145418794,Negro
Liverpool,WESTIES,Bolsa satchel para mujer,169900,144400,https://shasa.com/products/bolsa tote estructura asa 2?&fromnostocategory=true,Negro
Suburbia,WESTIES,Bolsa satchel para mujer,169900,85000,https://shasa.com/products/bolsa tote estructura asa 2?&fromnostocategory=true,Negro
Suburbia,LOVER,Bolsa satchel para mujer,109900,65900,https://www.suburbia.com.mx/tienda/pdp/bolsa tote lik%C3%ABpink fashion glow para mujer/1157031691?skuid=1157031691,Negro
Liverpool,STEVE MADDEN,bolsa satchel steve madden bevelyn para mujer,,169900,https://www.suburbia.com.mx/tienda/pdp/bolsa tote angelozano graciela de piel para mujer/99985082770?skuid=1177628421,Negro
Suburbia,MARC JACOBS,Bolsa satchel The J Marc Chain de cuero para mujer,780000,614900,https://www.liverpool.com.mx/tienda/pdp/bolsa tote cloe gritylia para mujer/1180118038?skuid=1180118043,Negro
Liverpool,TOTTO,Bolsa shopper Sicilia para mujer,120900,95900,https://www.liverpool.com.mx/tienda/pdp/bolsa tote jaime ibiza mujer/1077080309?skuid=1077080313,Negro
Suburbia,Suburbia,Bolsa shoulder charm boho,399,399,https://www.liverpool.com.mx/tienda/pdp/bolsa tote fossil jessie de piel para mujer/1177391545?skuid=1177391545,Negro
Suburbia,Suburbia,Bolsa shoulder charm boho,499,399,https://www.liverpool.com.mx/tienda/pdp/bolsa tote westies killua para mujer/1183792945?skuid=1183792951,Negro
Suburbia,Suburbia,Bolsa shoulder estructurada hebilla larga,499,499,https://www.liverpool.com.mx/tienda/pdp/bolsa tote guess latona ii para mujer/1182632054?skuid=1182632054,Negro
Suburbia,Suburbia,Bolsa shoulder estructurada hebilla larga,449,499,https://www.suburbia.com.mx/tienda/pdp/bolsa tote totto madrid para mujer/1194354696?skuid=1194354696,Negro
Liverpool,LIKËPINK,Bolsa shoulder India Trivu de cuero para mujer,,65942,https://www.liverpool.com.mx/tienda/pdp/bolsa tote guess meridian ii para mujer/1182632062?skuid=1182632062,Negro
Suburbia,LIKËPINK,Bolsa shoulder India Trivu de cuero para mujer,103500,63163,https://www.suburbia.com.mx/tienda/pdp/bolsa tote angelozano mazatl%C3%A1n tipo charol grabado negro/1100768956?skuid=1100768956,Negro
Liverpool,MAP,bolsa shoulder map para mujer,,89900,https://www.suburbia.com.mx/tienda/pdp/bolsa tote jaime ibiza mommy bags para mujer/99984748386?skuid=1176997679,Negro
Suburbia,Suburbia,Bolsa shoulder metalica,499,499,https://www.liverpool.com.mx/tienda/pdp/bolsa tote nine west almae para mujer/1188385086?skuid=1188385105,Negro
Suburbia,Suburbia,Bolsa shoulder metalica,199,499,https://www.liverpool.com.mx/tienda/pdp/bolsa tote nine west katniss para mujer/1195472684?skuid=1195472684,Negro
Liverpool,CALVIN KLEIN,Bolsa shoulder para mujer,,299900,https://www.liverpool.com.mx/tienda/pdp/bolsa tote guess noelle ii para mujer/1182632666?skuid=1182632666,Negro
Suburbia,HPC POLO,Bolsa shoulder para mujer,109900,77000,https://www.suburbia.com.mx/tienda/pdp/bolsa tote lab.g para mujer/1179807757?skuid=1179807757,Negro
Suburbia,BLUELANDER,Bolsa shoulder para mujer,81900,48900,https://www.suburbia.com.mx/tienda/pdp/bolsa tote gen%C3%A9rica para mujer/1155327835?skuid=1155327835,Negro
Liverpool,STEVE MADDEN,bolsa shoulder steve madden fall para mujer,,199900,https://www.suburbia.com.mx/tienda/pdp/bolsa tote w%C3%BCnd para mujer/1158328522?skuid=1158328522,Negro
Liverpool,STEVE MADDEN,bolsa shoulder steve madden holiday para mujer,,249900,https://www.liverpool.com.mx/tienda/pdp/bolsa tote w%C3%BCnd para mujer/1157668915?skuid=1157668915,Negro
Liverpool,THAT S IT,bolsa shoulder that s it para mujer,,59900,https://www.suburbia.com.mx/tienda/pdp/set/bolsa tote dorothy gaynor sin familia no aplica de sint%C3%A9tico para (si aplica) mujer/9991117256?skuid=1197600191,Negro
Liverpool,Genérica,Bolsa tote Bolsa Broche Corazón para mujer,,78960,https://www.liverpool.com.mx/tienda/pdp/bolsa tote generica para mujer/1194599575?skuid=1194599575,Negro
Liverpool,PARFOIS,Bolsa tote Bounce 2 para mujer,,79900,https://www.suburbia.com.mx/tienda/pdp/bolsa tote generica para mujer/1194599575?skuid=1194599575,Negro
Suburbia,LIKËPINK,Bolsa tote Chic Elegance para mujer,167000,117000,https://www.liverpool.com.mx/tienda/pdp/bolsa tote generica para mujer/1194782949?skuid=1194782949,Negro
Suburbia,Suburbia,Bolsa tote corazones,149,149,https://www.suburbia.com.mx/tienda/pdp/bolsa tote w%C3%BCnd para mujer/1158253697?skuid=1158253697,Negro
Suburbia,Suburbia,Bolsa tote corazones,249,149,https://www.liverpool.com.mx/tienda/pdp/bolsa tote generica para mujer/1194607691?skuid=1194607691,Negro
Liverpool,LAUREN RALPH LAUREN,Bolsa tote de piel para mujer,,479000,https://www.suburbia.com.mx/tienda/pdp/bolsa tote generica para mujer/1194598030?skuid=1194598030,Negro
Liverpool,GUESS,Bolsa tote Eco Gemma para mujer,,329000,https://www.liverpool.com.mx/tienda/pdp/bolsa tote generica para mujer/1194598030?skuid=1194598030,Negro
Suburbia,TORY BURCH,Bolsa tote Ella Chain para mujer,849900,594900,https://www.liverpool.com.mx/tienda/pdp/bolsa tote nine west pauline para mujer/1186035522?skuid=1186035522,Negro
Suburbia,Suburbia,bolsa tote estructura asa,499,499,https://www.liverpool.com.mx/tienda/pdp/bolsa tote westies sabo para mujer/99993984426?skuid=1192681266,Negro
Suburbia,Suburbia,bolsa tote estructura asa,599,499,https://www.suburbia.com.mx/tienda/pdp/bolsa tote peanuts snoopy para mujer/sb5014578881?skuid=sb5014578881,Negro
Suburbia,LIKËPINK,Bolsa tote Fashion Glow para mujer,150000,135000,https://www.liverpool.com.mx/tienda/pdp/bolsa tote steve madden para mujer/1109275936?skuid=1109275936,Negro
Suburbia,ANGELOZANO,Bolsa tote Graciela de piel para mujer,299000,179400,https://shasa.com/products/bolsa tote suave grande?&fromnostocategory=true,Negro
Liverpool,CLOE,Bolsa tote Gritylia para mujer,,139900,https://shasa.com/products/bolsa tote suave grande?&fromnostocategory=true,Negro
Liverpool,JAIME IBIZA,bolsa tote jaime ibiza mujer,,232000,https://www.suburbia.com.mx/tienda/pdp/bolsa tote fnc collezioni teddy bag de piel para mujer/1192784154?skuid=1192784154,Negro
Liverpool,FOSSIL,Bolsa tote Jessie de piel para mujer,1077050,828500,https://www.suburbia.com.mx/tienda/pdp/bolsa tote marc jacobs tote bag mini unisex/99964417701?skuid=1144225577,Negro
Liverpool,WESTIES,Bolsa tote Killua para mujer,169900,144400,https://www.liverpool.com.mx/tienda/pdp/bolsa tote westies haruhi para mujer/1183788077?skuid=1183788091,Negro
Liverpool,GUESS,Bolsa tote Latona Ii para mujer,,249000,https://www.liverpool.com.mx/tienda/pdp/bolsa tote westies tabyna para mujer/1183630112?skuid=1183630128,Negro
Suburbia,TOTTO,Bolsa tote Madrid para mujer,120900,95900,https://shasa.com/products/cartera croco corazon?&fromnostocategory=true,Negro
Liverpool,GUESS,Bolsa tote Meridian Ii para mujer,,299000,https://shasa.com/products/cartera croco corazon?&fromnostocategory=true,Negro
Suburbia,ANGELOZANO,Bolsa tote México Querido para mujer,249400,149600,https://shasa.com/products/cartera midi placa metalica 1?&fromnostocategory=true,Negro
Suburbia,JAIME IBIZA,Bolsa tote Mommy Bags para mujer,349900,209940,https://shasa.com/products/cartera midi placa metalica 1?&fromnostocategory=true,Negro
Liverpool,NINE WEST,bolsa tote nine west almae para mujer,,249900,https://shasa.com/products/cartera mini capitonada 4?&fromnostocategory=true,Negro
Liverpool,Patrocinado,bolsa tote nine west katniss para mujer,,229900,https://shasa.com/products/cartera mini capitonada 4?&fromnostocategory=true,Negro
Liverpool,GUESS,Bolsa tote Noelle Ii para mujer,,289000,https://www.suburbia.com.mx/tienda/pdp/cartera hpc polo para mujer/1125436265?skuid=1125436265,Negro
Suburbia,LAB.G,Bolsa tote para mujer,209900,159900,https://www.suburbia.com.mx/tienda/pdp/cartera peanuts snoopy para mujer/sb5014083202?skuid=sb5014083202,Negro
Suburbia,Genérica,Bolsa tote para mujer,143900,129510,https://www.suburbia.com.mx/tienda/pdp/mochila casual lab.g impermeable para mujer/1182447303?skuid=1182447303,Negro
Suburbia,WÜND,Bolsa tote para mujer,275900,94692,https://www.suburbia.com.mx/tienda/pdp/mochila para viaje gen%C3%A9rica unisex/1150796888?skuid=1150796888,Negro
Liverpool,WÜND,Bolsa tote para mujer,229900,94673,https://www.liverpool.com.mx/tienda/pdp/set/bolsa crossbody gen%C3%A9rica no aplica no aplica de mezcla de materiales para (si aplica) mujer/9991032809?skuid=1197614940,Negro
Suburbia,DOROTHY GAYNOR,Bolsa tote para mujer,,93900,https://www.suburbia.com.mx/tienda/pdp/bolsa satchel weekend para mujer/sb5014025325?skuid=sb5014025334,Negro
Liverpool,GENERICA,Bolsa tote para mujer,99900,89910,https://www.liverpool.com.mx/tienda/pdp/bolsa tote cloe aloys i para mujer/1186388894?skuid=1186388905,Negro
Suburbia,GENERICA,Bolsa tote para mujer,105000,89900,https://www.liverpool.com.mx/tienda/pdp/bolsa tote h&co para mujer/1193079456?skuid=1193079462,Negro
Liverpool,GENERICA,Bolsa tote para mujer,90000,80999,https://www.liverpool.com.mx/tienda/pdp/bolsa tote westies para mujer/99987085717?skuid=1181085459,Negro
Suburbia,WÜND,Bolsa tote para mujer,90900,78208,https://www.liverpool.com.mx/tienda/pdp/set de bolsas crossbody h&co audrey para mujer/1187304309?skuid=1187304314,Negro
Liverpool,GENERICA,Bolsa tote para mujer,129900,69900,https://www.liverpool.com.mx/tienda/pdp/set de bolsas h&co delia para mujer/1192113774?skuid=1192113781,Negro
Suburbia,GENERICA,Bolsa tote para mujer,109900,55775,https://www.liverpool.com.mx/tienda/pdp/bolsa hobo olimba para mujer/99993527840?skuid=1192248449,Negro
Liverpool,GENERICA,Bolsa tote para mujer,109900,55000,https://www.liverpool.com.mx/tienda/pdp/bolsa crossbody cloe/1098177611?skuid=1098177724,Negro
Liverpool,NINE WEST,Bolsa tote Pauline para mujer,229900,195400,https://www.liverpool.com.mx/tienda/pdp/bolsa satchel cloe sirlania i para mujer/1192112794?skuid=1192112806,Negro
Liverpool,WESTIES,Bolsa tote Sabo para mujer,189900,161400,https://www.liverpool.com.mx/tienda/pdp/bolsa satchel cloe sirlania i para mujer/1192112751?skuid=1192112768,Negro
Suburbia,PEANUTS,Bolsa tote Snoopy para mujer,59900,59900,https://www.suburbia.com.mx/tienda/pdp/set de bolsas olimba para mujer/99995147126?skuid=1195092920,Negro
Liverpool,STEVE MADDEN,bolsa tote steve madden para mujer,,249900,https://www.suburbia.com.mx/tienda/pdp/bolsa tote olimba mujer/99994469163?skuid=1194018254,Negro
Suburbia,Suburbia,Bolsa tote suave grande,599,599,https://www.liverpool.com.mx/tienda/pdp/bolsa crossbody hpc polo para mujer/99982932862?skuid=1173500323,Negro
Suburbia,Suburbia,Bolsa tote suave grande,499,599,https://www.suburbia.com.mx/tienda/pdp/bolsa hobo olimba para mujer/99994908348?skuid=1194990380,Negro
Suburbia,FNC COLLEZIONI,Bolsa tote Teddy Bag de piel para mujer,,699900,https://www.liverpool.com.mx/tienda/pdp/bolsa tote olimba para mujer/99992007541?skuid=1189201431,Negro
Suburbia,MARC JACOBS,Bolsa tote Tote Bag Mini unisex,775000,389900,https://www.liverpool.com.mx/tienda/pdp/bolsa tote westies seiya para mujer/1185780251?skuid=1185780267,Negro
Liverpool,WESTIES,bolsa tote westies haruhi para mujer,102900,72030,https://www.suburbia.com.mx/tienda/pdp/set bolsa tote olimba para mujer/99993527857?skuid=1192310861,Negro
Liverpool,WESTIES,bolsa tote westies tabyna para mujer,,169900,https://www.liverpool.com.mx/tienda/pdp/bolsa tote olimba para mujer/99992007545?skuid=1189201547,Negro
Suburbia,Suburbia,Cartera croco corazon,249,249,https://www.suburbia.com.mx/tienda/pdp/bolsa satchel olimba para mujer/99995223466?skuid=1195238169,Negro
Suburbia,Suburbia,Cartera croco corazon,249,249,https://www.liverpool.com.mx/tienda/pdp/bolsa hobo olimba para mujer/99993527884?skuid=1192931009,Negro
Suburbia,Suburbia,Cartera Midi Placa Metálica,199,199,https://www.liverpool.com.mx/tienda/pdp/bolsa tote olimba para mujer/99993047018?skuid=1191322581,Negro
Suburbia,Suburbia,Cartera Midi Placa Metálica,499,199,https://www.suburbia.com.mx/tienda/pdp/bolsa tote olimba para mujer/99993527846?skuid=1192931556,Negro
Suburbia,Suburbia,Cartera Mini Capitonada,149,149,https://www.liverpool.com.mx/tienda/pdp/bolsa crossbody olimba para mujer/99993527828?skuid=1192931343,Negro
Suburbia,Suburbia,Cartera Mini Capitonada,199,149,https://www.liverpool.com.mx/tienda/pdp/bolsa tote olimba para mujer/99990935976?skuid=1187293258,Negro
Suburbia,HPC POLO,Cartera para mujer,59900,36900,https://www.liverpool.com.mx/tienda/pdp/bolsa hobo olimba para mujer/99990935974?skuid=1187287681,Negro
Suburbia,PEANUTS,Cartera snoopy para mujer,24900,24900,https://www.suburbia.com.mx/tienda/pdp/bolsa crossbody 1818 para mujer/99994033019?skuid=1192739337,Negro
Suburbia,LAB.G,Mochila casual impermeable para mujer,99900,59091,https://www.liverpool.com.mx/tienda/pdp/bolsa tote uthentic de piel para mujer/99961159305?skuid=1139718085,Negro
Suburbia,GENÉRICA,Mochila para viaje unisex,155900,55722,https://www.liverpool.com.mx/tienda/pdp/bolsa crossbody h&co arina para mujer/1192164395?skuid=1192164407,Negro
Liverpool,GENÉRICA,Set de bolsas Genérica para mujer,99900,60000,https://www.liverpool.com.mx/tienda/pdp/bolsa crossbody that s it para mujer/1186740440?skuid=1186740455,Negro
Suburbia,WEEKEND,Bolsa satchel para mujer,49900,49900,https://www.liverpool.com.mx/tienda/pdp/bolsa hobo westies para mujer/1190627975?skuid=1190627981,Negro | Azul
Liverpool,CLOE,bolsa tote cloe aloys i para mujer,,189900,https://www.liverpool.com.mx/tienda/pdp/bolsa tote westies para mujer/99987085706?skuid=1181085432,Negro | Azul
Liverpool,H&CO,bolsa tote h&co para mujer,,159900,https://www.liverpool.com.mx/tienda/pdp/bolsa tote olimba para mujer/99992007537?skuid=1189201342,Negro | Azul
Liverpool,WESTIES,Bolsa tote para mujer,159900,159900,https://www.liverpool.com.mx/tienda/pdp/bolsa tote guess valla para mujer/1182639515?skuid=1182639521,Negro | Azul
Liverpool,H&CO,set de bolsas crossbody h&co audrey para mujer,,139900,https://www.liverpool.com.mx/tienda/pdp/bolsa satchel h&co margarita para mujer/1190746231?skuid=1190746247,Negro | Azul
Liverpool,H&CO,set de bolsas h&co delia para mujer,,179900,https://www.liverpool.com.mx/tienda/pdp/bolsa satchel h&co sophia para mujer/1190746371?skuid=1190746387,Negro | Azul
Liverpool,OLIMBA,Bolsa hobo para mujer,129900,64900,https://www.liverpool.com.mx/tienda/pdp/bolsa tote h&co margarita para mujer/1190746630?skuid=1190746646,Negro | Azul | Amarillo
Liverpool,CLOE,bolsa crossbody cloe,,129900,https://www.liverpool.com.mx/tienda/pdp/bolsa tote h&co promo para mujer/1182345562?skuid=1182345578,Negro | Azul | Amarillo | Rosa
Liverpool,CLOE,bolsa satchel cloe sirlania i para mujer,,219900,https://www.liverpool.com.mx/tienda/pdp/set de bolsas huser para mujer/1187535602?skuid=1187535618,Negro | Azul | Beige
Liverpool,CLOE,bolsa satchel cloe sirlania i para mujer,,199900,https://www.liverpool.com.mx/tienda/pdp/set de bolsas h&co para mujer/1193080608?skuid=1193080614,Negro | Azul | Beige
Suburbia,OLIMBA,Set de bolsas para mujer,159900,85000,https://www.liverpool.com.mx/tienda/pdp/bolsa crossbody motola crossbody caim%C3%A1n para mujer/99979285985?skuid=1168442544,Negro | Azul | Beige
Suburbia,OLIMBA,Bolsa tote mujer,149900,74900,https://www.liverpool.com.mx/tienda/pdp/bolsa satchel h&co alexa para mujer/1190580111?skuid=1190581728,Negro | Azul | Beige | Café
Liverpool,HPC POLO,Bolsa crossbody para mujer,69900,44900,https://www.liverpool.com.mx/tienda/pdp/bolsa crossbody huser para mujer/1191045031?skuid=1191045048,Negro | Azul | Beige | Rosa
Suburbia,OLIMBA,Bolsa hobo para mujer,139900,70000,https://www.suburbia.com.mx/tienda/pdp/bolsa crossbody hpc polo para mujer/99982932862?skuid=1173500323,Negro | Azul | Café
Liverpool,OLIMBA,Bolsa tote para mujer,129900,64950,https://www.liverpool.com.mx/tienda/pdp/bolsa bucket yoiko para mujer/99991305377?skuid=1187988981,Negro | Azul | Café
Liverpool,WESTIES,bolsa tote westies seiya para mujer,,169900,https://www.liverpool.com.mx/tienda/pdp/bolsa hobo olimba para mujer/99990935987?skuid=1187428196,Negro | Azul | Café
Suburbia,OLIMBA,Set bolsa tote para mujer,139900,70000,https://www.liverpool.com.mx/tienda/pdp/bolsa shoulder guess isobel para mujer/1191010084?skuid=1191010091,Negro | Azul | Café | Amarillo
Liverpool,OLIMBA,Bolsa tote para mujer,129900,64950,https://www.liverpool.com.mx/tienda/pdp/bolsa tote h&co aurora para mujer/1190598207?skuid=1190598213,Negro | Azul | Café | Lila | Gris
Suburbia,OLIMBA,Bolsa satchel para mujer,129900,64900,https://www.liverpool.com.mx/tienda/pdp/bolsa crossbody h&co marisha para mujer/1190780048?skuid=1190780054,Negro | Azul | Café | Rojo
Liverpool,OLIMBA,Bolsa hobo para mujer,139900,69900,https://www.liverpool.com.mx/tienda/pdp/bolsa satchel h&co marisha para mujer/1190780196?skuid=1190780208,Negro | Azul | Café | Verde
Liverpool,OLIMBA,Bolsa tote para mujer,129900,64900,https://www.suburbia.com.mx/tienda/pdp/bolsa shoulder coach juliet 25 para mujer/99995532353?skuid=1195639121,Negro | Azul | Café | Verde | Morado
Suburbia,OLIMBA,Bolsa tote para mujer,139900,69900,https://www.suburbia.com.mx/tienda/pdp/bolsa crossbody peanuts blanco & negro snoopy para mujer/1168439403?skuid=1168439403,Negro | Azul | Rojo
Liverpool,OLIMBA,Bolsa crossbody para mujer,139900,69900,https://www.liverpool.com.mx/tienda/pdp/bolsa crossbody h&co penelope para mujer/1192164352?skuid=1192164369,Negro | Azul | Rosa | Café
Liverpool,OLIMBA,Bolsa tote para mujer,129800 129900,64950,https://www.suburbia.com.mx/tienda/pdp/bolsa tote yoiko nira para mujer/99991610522?skuid=1188471907,Negro | Azul | Rosa | Café | Rojo
Liverpool,OLIMBA,Bolsa hobo para mujer,129800,64950,https://www.liverpool.com.mx/tienda/pdp/bolsa tote olimba para mujer/99990935984?skuid=1187427416,Negro | Azul | Rosa | Café | Verde | Rojo
Suburbia,1818,Bolsa crossbody para mujer,,69900,https://www.liverpool.com.mx/tienda/pdp/bolsa bowler h&co aurora para mujer/1190580570?skuid=1190580586,Negro | Azul | Rosa | Verde | Lila
Liverpool,UTHENTIC,Bolsa tote de piel para mujer,320000,320000,https://www.liverpool.com.mx/tienda/pdp/set de bolsas h&co promo para mujer/1193079049?skuid=1193079055,Negro | Azul | Verde
Liverpool,H&CO,bolsa crossbody h&co arina para mujer,,119900,https://www.liverpool.com.mx/tienda/pdp/bolsa crossbody h&co maria para mujer/1190745757?skuid=1190745763,Negro | Beige
Liverpool,THAT S IT,bolsa crossbody that s it para mujer,57900,40530,https://www.liverpool.com.mx/tienda/pdp/backpack olimba para mujer/99977108494?skuid=1165966623,Negro | Beige
Liverpool,WESTIES,bolsa hobo westies para mujer,,169900,https://www.liverpool.com.mx/tienda/pdp/bolsa crossbody lover lover para mujer/9944375252?skuid=1125903483,Negro | Beige
Liverpool,WESTIES,Bolsa tote para mujer,189900,161400,https://www.liverpool.com.mx/tienda/pdp/bolsa crossbody lover para mujer/29167119?skuid=1110270832,Negro | Beige
Liverpool,OLIMBA,Bolsa tote para mujer,129900,44900,https://www.liverpool.com.mx/tienda/pdp/bolsa satchel cloe para mujer/1100955276?skuid=1100955292,Negro | Beige
Liverpool,GUESS,Bolsa tote Valla para mujer,232900,163030,https://www.liverpool.com.mx/tienda/pdp/bolsa satchel lauren ralph lauren de piel para mujer/1173193700?skuid=1173193714,Negro | Beige
Liverpool,H&CO,bolsa satchel h&co margarita para mujer,,139900,https://www.liverpool.com.mx/tienda/pdp/bolsa satchel guess noelle ii para mujer/1187936046?skuid=1187936051,Negro | Beige | Azul
Liverpool,H&CO,bolsa satchel h&co sophia para mujer,,149900,https://www.suburbia.com.mx/tienda/pdp/bolsa satchel huser para mujer/sb5014606191?skuid=sb5014606205,Negro | Beige | Azul
Liverpool,H&CO,bolsa tote h&co margarita para mujer,,159900,https://www.liverpool.com.mx/tienda/pdp/bolsa satchel nine west para mujer/99990056781?skuid=1185558602,Negro | Beige | Azul
Liverpool,H&CO,bolsa tote h&co promo para mujer,,159900,https://www.liverpool.com.mx/tienda/pdp/bolsa tote cloe para mujer/1050588663?skuid=1050588684,Negro | Beige | Azul
Liverpool,HUSER,set de bolsas huser para mujer,,149900,https://www.liverpool.com.mx/tienda/pdp/bolsa tote gen%C3%A9rica para mujer/99967519142?skuid=1149284156,Negro | Beige | Café
Liverpool,H&CO,set de bolsas h&co para mujer,,159900,https://www.liverpool.com.mx/tienda/pdp/bolsa tote gen%C3%A9rica para mujer/99967518104?skuid=1149278491,Negro | Beige | Gris
Liverpool,MOTOLA,Bolsa crossbody Crossbody Caimán para mujer,186000,186000,https://www.liverpool.com.mx/tienda/pdp/bolsa tote guess power play ii para mujer/1182640980?skuid=1182640995,Negro | Beige | Rojo
Liverpool,H&CO,bolsa satchel h&co alexa para mujer,,159900,https://www.liverpool.com.mx/tienda/pdp/bolsa tote guess victtoria para mujer/1183788611?skuid=1183789526,Negro | Beige | Rojo
Liverpool,HUSER,bolsa crossbody huser para mujer,,99900,https://www.liverpool.com.mx/tienda/pdp/bolsa crossbody huser basics para mujer/1191137068?skuid=1191137074,Negro | Beige | Rosa
Suburbia,HPC POLO,Bolsa crossbody para mujer,69900,44900,https://www.liverpool.com.mx/tienda/pdp/bolsa satchel guess libby para mujer/1191004408?skuid=1191004414,Negro | Beige | Rosa
Liverpool,YOIKO,Bolsa bucket para mujer,184900,93900,https://www.suburbia.com.mx/tienda/pdp/bolsa tote olimba para mujer/99974681762?skuid=1161693924,Negro | Blanco
Liverpool,OLIMBA,Bolsa hobo para mujer,129900,64950,https://www.liverpool.com.mx/tienda/pdp/bolsa crossbody parfois frani para mujer/1192829800?skuid=1192829816,Negro | Blanco
Liverpool,GUESS,Bolsa shoulder Isobel para mujer,,199000,https://www.liverpool.com.mx/tienda/pdp/bolsa tote huser basics para mujer/1189808193?skuid=1189808204,Negro | Blanco
Liverpool,H&CO,bolsa tote h&co aurora para mujer,,159900,https://www.liverpool.com.mx/tienda/pdp/bolsa crossbody huser para mujer/1190959722?skuid=1190959739,Negro | Blanco
Liverpool,H&CO,bolsa crossbody h&co marisha para mujer,,129900,https://www.liverpool.com.mx/tienda/pdp/bolsa crossbody h&co athena para mujer/1192164425?skuid=1192164431,Negro | Blanco | Azul
Liverpool,H&CO,bolsa satchel h&co marisha para mujer,,159900,https://www.liverpool.com.mx/tienda/pdp/bolsa tote huser basics para mujer/1191137351?skuid=1191137368,Negro | Blanco | Azul
Suburbia,COACH,Bolsa shoulder Juliet 25 para mujer,975000 976000,682500,https://www.liverpool.com.mx/tienda/pdp/bolsa satchel olimba para mujer/99986436033?skuid=1180001731,Negro | Blanco | Azul
Suburbia,PEANUTS,Bolsa crossbody Blanco & Negro Snoopy para mujer,,89900,https://www.liverpool.com.mx/tienda/pdp/bolsa satchel huser basics para mujer/1191985093?skuid=1191985105,Negro | Blanco | Beige
Liverpool,H&CO,bolsa crossbody h&co penelope para mujer,,119900,https://www.liverpool.com.mx/tienda/pdp/bolsa tote cloe dotali para mujer/1186393758?skuid=1186393763,Negro | Blanco | Beige
Suburbia,YOIKO,Bolsa tote Nira para mujer,148900,94900,https://www.liverpool.com.mx/tienda/pdp/bolsa tote huser basics para mujer/1191985727?skuid=1191985733,Negro | Blanco | Café | Amarillo
Liverpool,OLIMBA,Bolsa tote para mujer,129900,64950,https://www.liverpool.com.mx/tienda/pdp/bolsa tote lover para mujer/99981816917?skuid=1171812701,Negro | Blanco | Café | Lila | Gris
Liverpool,H&CO,bolsa bowler h&co aurora para mujer,,149900,https://www.suburbia.com.mx/tienda/pdp/bolsa tote lover para mujer/99981816917?skuid=1171812701,Negro | Blanco | Rojo
Liverpool,H&CO,set de bolsas h&co promo para mujer,,159900,https://www.liverpool.com.mx/tienda/pdp/bolsa bucket h&co violetta para mujer/1187308720?skuid=1187308735,Negro | Blanco | Rojo
Liverpool,H&CO,bolsa crossbody h&co maria para mujer,,139900,https://www.liverpool.com.mx/tienda/pdp/set de bolsas tote h&co para mujer/1192114380?skuid=1192114396,Negro | Blanco | Rosa
Liverpool,OLIMBA,Backpack para mujer,109900,44900,https://www.liverpool.com.mx/tienda/pdp/bolsa satchel cloe rimilia para mujer/1192115157?skuid=1192115163,Negro | Café
Liverpool,LOVER,Bolsa crossbody Lover para mujer,99900,59900,https://www.liverpool.com.mx/tienda/pdp/bolsa satchel cloe briliani para mujer/1192113618?skuid=1192115121,Negro | Café
Liverpool,LOVER,Bolsa crossbody para mujer,109900,60900,https://www.liverpool.com.mx/tienda/pdp/bolsa satchel h&co carolina para mujer/1187383551?skuid=1187383567,Negro | Café
Liverpool,CLOE,bolsa satchel cloe para mujer,,209900,https://www.liverpool.com.mx/tienda/pdp/bolsa crossbody h&co beatrice para mujer/1189009061?skuid=1189009077,Negro | Café
Liverpool,LAUREN RALPH LAUREN,Bolsa satchel de piel para mujer,,629000,https://www.suburbia.com.mx/tienda/pdp/bolsa satchel a%C3%A9ropostale para mujer/99990723955?skuid=1186853853,Negro | Café
Liverpool,GUESS,Bolsa satchel Noelle II para mujer,,259000,https://www.liverpool.com.mx/tienda/pdp/bolsa clutch huser para mujer/1191984259?skuid=1191984265,Negro | Café
Suburbia,HUSER,Bolsa satchel para mujer,79900,79900,https://www.liverpool.com.mx/tienda/pdp/bolsa tote huser para mujer/1187536846?skuid=1187536851,Negro | Café
Liverpool,NINE WEST,Bolsa satchel para mujer,209900,178400,https://www.suburbia.com.mx/tienda/pdp/mochila casual luckyly para mujer/99970543139?skuid=1155086374,Negro | Café
Liverpool,CLOE,bolsa tote cloe para mujer,,179900,https://www.liverpool.com.mx/tienda/pdp/bolsa crossbody huser basics para mujer/1189806042?skuid=1189806058,Negro | Café
Liverpool,Genérica,Bolsa tote para mujer,79900,79900,https://www.liverpool.com.mx/tienda/pdp/bolsa tote cloe taenia para mujer/1192162961?skuid=1192162978,Negro | Café
Liverpool,Genérica,Bolsa tote para mujer,127700,127700,https://www.liverpool.com.mx/tienda/pdp/bolsa crossbody cloe nailani para mujer/1192113227?skuid=1192113233,Negro | Café
Liverpool,GUESS,Bolsa tote Power Play Ii para mujer,,339000,https://shasa.com/products/bolsa de mano pu?&fromnostocategory=true,Negro | Café
Liverpool,GUESS,Bolsa tote Victtoria para mujer,,289000,https://shasa.com/products/bolsa de mano pu?&fromnostocategory=true,Negro | Café
Liverpool,HUSER BASICS,bolsa crossbody huser basics para mujer,,79900,https://shasa.com/products/bolsa shoulder charol cadena 2?&fromnostocategory=true,Negro | Café | Azul
Liverpool,GUESS,Bolsa satchel Libby para mujer,,319000,https://shasa.com/products/bolsa shoulder charol cadena 2?&fromnostocategory=true,Negro | Café | Blanco
Suburbia,OLIMBA,Bolsa tote para mujer,109900,40000,https://www.liverpool.com.mx/tienda/pdp/bolsa tote h&co thea para mujer/1190745196?skuid=1190745208,Negro | Café | Gris
Liverpool,PARFOIS,Bolsa crossbody Frani para mujer,,79900,https://www.liverpool.com.mx/tienda/pdp/bolsa tote cloe gigroli para mujer/1186389203?skuid=1186389219,Negro | Café | Multicolor
Liverpool,HUSER BASICS,bolsa tote huser basics para mujer,,79900,https://www.liverpool.com.mx/tienda/pdp/bolsa crossbody guess noelle ii para mujer/1182640475?skuid=1182640481,Negro | Café | Rojo | Gris
Liverpool,HUSER,bolsa crossbody huser para mujer,,129900,https://www.liverpool.com.mx/tienda/pdp/bolsa tote vek l%C3%ADnea 24 para mujer/99964762055?skuid=1144755762,Negro | Café | Rosa
Liverpool,H&CO,bolsa crossbody h&co athena para mujer,,149900,https://shasa.com/products/cartera cierre mono?&fromnostocategory=true,Negro | Café | Verde
Liverpool,HUSER BASICS,bolsa tote huser basics para mujer,,79900,https://shasa.com/products/cartera cierre mono?&fromnostocategory=true,Negro | Café | Verde
Liverpool,OLIMBA,Bolsa satchel para mujer,99900,44900,https://shasa.com/products/cartera mini pu textura?&fromnostocategory=true,Negro | Café | Verde | Azul | Morado
Liverpool,HUSER BASICS,bolsa satchel huser basics para mujer,,79900,https://shasa.com/products/cartera mini pu textura?&fromnostocategory=true,Negro | Camel
Liverpool,CLOE,bolsa tote cloe dotali para mujer,,199900,https://shasa.com/products/cartera pu textura corazones?&fromnostocategory=true,Negro | Camel
Liverpool,HUSER BASICS,bolsa tote huser basics para mujer,,89900,https://shasa.com/products/cartera pu textura corazones?&fromnostocategory=true,Negro | Camel
Liverpool,LOVER,Bolsa tote para mujer,119900,68900,https://www.liverpool.com.mx/tienda/pdp/bolsa crossbody olimba para mujer/99990343519?skuid=1186376800,Negro | Camel
Suburbia,LOVER,Bolsa tote para mujer,119900,68900,https://www.liverpool.com.mx/tienda/pdp/bolsa tote steve madden para mujer/1194575813?skuid=1194576621,Negro | Camel
Liverpool,H&CO,bolsa bucket h&co violetta para mujer,,129900,https://www.liverpool.com.mx/tienda/pdp/bolsa tote jennyfer jennyfer para mujer/9942902810?skuid=1125168651,Negro | Camel | Azul
Liverpool,H&CO,set de bolsas tote h&co para mujer,,179900,https://www.suburbia.com.mx/tienda/pdp/bolsa tote jennyfer jennyfer para mujer/9942902810?skuid=1125168651,Negro | Camel | Blanco
Liverpool,CLOE,bolsa satchel cloe rimilia para mujer,,219900,https://www.liverpool.com.mx/tienda/pdp/bolsa crossbody calvin klein de mujer/1189791665?skuid=1189791671,Negro | Camel | Rosa
Liverpool,CLOE,bolsa satchel cloe briliani para mujer,,209900,https://www.suburbia.com.mx/tienda/pdp/set de bolsas tote gen%C3%A9rica artesanal para mujer/99963822214?skuid=1143297213,Negro | Camel | Verde
Liverpool,H&CO,bolsa satchel h&co carolina para mujer,,149900,https://www.liverpool.com.mx/tienda/pdp/bolsa satchel olimba para mujer/99993047026?skuid=1191321894,Negro | Dorado
Liverpool,H&CO,bolsa crossbody h&co beatrice para mujer,,119900,https://www.liverpool.com.mx/tienda/pdp/bolsa tote 1818 para mujer/99994448980?skuid=1193609186,Negro | Gris
Suburbia,AÉROPOSTALE,Bolsa satchel para mujer,149900,149900,https://www.liverpool.com.mx/tienda/pdp/bolsa shoulder generica para mujer/99994937383?skuid=1194923372,Negro | Gris
Liverpool,HUSER,bolsa clutch huser para mujer,,69900,https://www.liverpool.com.mx/tienda/pdp/bolsa crossbody bubba victoria para mujer/99988992591?skuid=1184241893,Negro | Gris | Dorado | Plateado | Azul
Liverpool,HUSER,bolsa tote huser para mujer,,139900,https://www.suburbia.com.mx/tienda/pdp/bolsa satchel angelozano de piel para mujer/99994074039?skuid=1193385288,Negro | Lila | Beige
Suburbia,LUCKYLY,Mochila casual para mujer,149900,98900,https://www.liverpool.com.mx/tienda/pdp/bolsa satchel h&co tiffany para mujer/1191009451?skuid=1191009467,Negro | Morado
Liverpool,HUSER BASICS,bolsa crossbody huser basics para mujer,,79900,https://shasa.com/products/bolsa shoulder deslavada?&fromnostocategory=true,Negro | Morado | Beige | Gris
Liverpool,CLOE,bolsa tote cloe taenia para mujer,,249900,https://shasa.com/products/bolsa shoulder deslavada?&fromnostocategory=true,Negro | Multicolor
Liverpool,CLOE,bolsa crossbody cloe nailani para mujer,,169900,https://shasa.com/products/bolsa shoulder hebilla?&fromnostocategory=true,Negro | Naranja | Beige
Suburbia,Suburbia,Bolsa de mano pu,499,499,https://shasa.com/products/bolsa shoulder hebilla?&fromnostocategory=true,Negro | Rojo
Suburbia,Suburbia,Bolsa de mano pu,399,499,https://www.liverpool.com.mx/tienda/pdp/bolsa tote nine west para mujer/99986778396?skuid=1180534225,Negro | Rojo
Suburbia,Suburbia,Bolsa shoulder charol cadena,499,499,https://www.liverpool.com.mx/tienda/pdp/bolsa tote olimba para mujer/99993527862?skuid=1192931971,Negro | Rojo
Suburbia,Suburbia,Bolsa shoulder charol cadena,399,499,https://www.suburbia.com.mx/tienda/pdp/bolsa tote olimba para mujer/99993527862?skuid=1192931971,Negro | Rojo
Liverpool,H&CO,bolsa tote h&co thea para mujer,,169900,https://www.liverpool.com.mx/tienda/pdp/bolsa shoulder h&co katherine para mujer/1192114029?skuid=1192114035,Negro | Rojo
Liverpool,CLOE,bolsa tote cloe gigroli para mujer,,169900,https://www.liverpool.com.mx/tienda/pdp/bolsa tote olimba para mujer/99994908336?skuid=1194991548,Negro | Rojo | Beige
Liverpool,GUESS,Bolsa crossbody Noelle Ii para mujer,,229000,https://www.suburbia.com.mx/tienda/pdp/bolsa shoulder weekend para mujer/sb5013922153?skuid=sb5013922162,Negro | Rojo | Café
Liverpool,VEK,Bolsa tote Línea 24 para mujer,118600,88950,https://www.suburbia.com.mx/tienda/pdp/bolsa crossbody lik%C3%ABpink de cuero para mujer/1145557077?skuid=1145557077,Negro | Rojo | Verde | Azul | Gris
Suburbia,Suburbia,Cartera cierre moño,249,249,https://www.suburbia.com.mx/tienda/pdp/bolsa crossbody weekend para mujer/sb5012044128?skuid=sb5012044137,Negro | Rosa
Suburbia,Suburbia,Cartera cierre moño,199,249,https://www.liverpool.com.mx/tienda/pdp/bolsa crossbody gen%C3%A9rica para mujer/1156058111?skuid=1156058111,Negro | Rosa
Suburbia,Suburbia,Cartera mini pu textura,249,249,https://www.suburbia.com.mx/tienda/pdp/bolsa crossbody gen%C3%A9rica para mujer/1149669899?skuid=1149669899,Negro | Rosa
Suburbia,Suburbia,Cartera mini pu textura,599,249,https://www.suburbia.com.mx/tienda/pdp/bolsa crossbody hpc polo para mujer/1120725196?skuid=1120725196,Negro | Rosa
Suburbia,Suburbia,Cartera PU textura corazones,249,249,https://www.liverpool.com.mx/tienda/pdp/bolsa crossbody olimba para mujer/99975355424?skuid=1162842711,Negro | Rosa
Suburbia,Suburbia,Cartera PU textura corazones,599,249,https://www.liverpool.com.mx/tienda/pdp/bolsa flap jaime ibiza proeza para mujer/1187536293?skuid=1187536304,Negro | Rosa
Liverpool,OLIMBA,Bolsa crossbody para mujer,119900,59950,https://shasa.com/products/bolsa hombro charol glossy 1?&fromnostocategory=true,Negro | Rosa | Azul | Naranja | Gris | Rojo
Liverpool,STEVE MADDEN,bolsa tote steve madden para mujer,,169900,https://shasa.com/products/bolsa hombro charol glossy 1?&fromnostocategory=true,Negro | Rosa | Beige
Liverpool,JENNYFER,Bolsa tote Jennyfer para mujer,119900,66900,https://www.liverpool.com.mx/tienda/pdp/bolsa olimba para mujer/99974239147?skuid=1160537996,Negro | Rosa | Blanco
Suburbia,JENNYFER,Bolsa tote Jennyfer para mujer,119900,66900,https://www.liverpool.com.mx/tienda/pdp/bolsa satchel lab.g para mujer/1183936057?skuid=1183936057,Negro | Rosa | Blanco
Liverpool,CALVIN KLEIN,Bolsa crossbody de mujer,,269900,https://www.suburbia.com.mx/tienda/pdp/bolsa shoulder w%C3%BCnd para mujer/1159964597?skuid=1159964597,Negro | Rosa | Café
Suburbia,Genérica,Set de bolsas tote Artesanal para mujer,127700,127700,https://www.suburbia.com.mx/tienda/pdp/bolsa tote lab.g para mujer/1155972064?skuid=1155972064,Negro | Rosa | Café
Liverpool,OLIMBA,Bolsa satchel para mujer,129900,64900,https://shasa.com/products/bolsa tote print conchas?&fromnostocategory=true,Negro | Rosa | Café | Amarillo
Liverpool,1818,Bolsa tote para mujer,,59900,https://shasa.com/products/bolsa tote print conchas?&fromnostocategory=true,Negro | Rosa | Lila | Verde
Liverpool,GENERICA,Bolsa shoulder para mujer,45000,38700,https://www.suburbia.com.mx/tienda/pdp/bolsa tote peanuts snoopy para mujer/sb5014578953?skuid=sb5014578953,Negro | Rosa | Plateado
Liverpool,BUBBA,Bolsa crossbody Victoria para mujer,119900,65945,https://www.suburbia.com.mx/tienda/pdp/bolsa tote marc jacobs the jacquard small tote para mujer/9959497867?skuid=1137531174,Negro | Verde
Suburbia,ANGELOZANO,Bolsa satchel de piel para mujer,212900,127700,https://www.suburbia.com.mx/tienda/pdp/cartera hpc polo para mujer/1125517443?skuid=1125517443,Negro | Verde
Liverpool,H&CO,bolsa satchel h&co tiffany para mujer,,159900,https://www.suburbia.com.mx/tienda/pdp/cartera hpc polo para mujer/1122777916?skuid=1122777916,Negro | Verde
Suburbia,Suburbia,Bolsa shoulder deslavada,399,399,https://shasa.com/products/cartera mediana cierres boton 1?&fromnostocategory=true,Negro | Verde
Suburbia,Suburbia,Bolsa shoulder deslavada,199,399,https://shasa.com/products/cartera mediana cierres boton 1?&fromnostocategory=true,Negro | Verde
Suburbia,Suburbia,Bolsa shoulder hebilla,449,449,https://www.suburbia.com.mx/tienda/pdp/cartera lik%C3%ABpink para mujer/1145379080?skuid=1145379080,Negro | Verde
Suburbia,Suburbia,Bolsa shoulder hebilla,269,449,https://www.suburbia.com.mx/tienda/pdp/cartera peanuts snoopy para mujer/sb5015278678?skuid=sb5015278678,Negro | Verde
Liverpool,NINE WEST,Bolsa tote para mujer,179900,152900,https://www.suburbia.com.mx/tienda/pdp/cartera peanuts snoopy para mujer/sb5015278651?skuid=sb5015278651,Negro | Verde
Liverpool,OLIMBA,Bolsa tote para mujer,139900,69900,https://www.suburbia.com.mx/tienda/pdp/cartera peanuts snoopy para mujer/sb5014083105?skuid=sb5014083105,Negro | Verde
Suburbia,OLIMBA,Bolsa tote para mujer,139900,69900,https://www.liverpool.com.mx/tienda/pdp/bolsa crossbody olimba para mujer/99985081527?skuid=1177710071,Negro | Verde
Liverpool,H&CO,bolsa shoulder h&co katherine para mujer,,99900,https://www.liverpool.com.mx/tienda/pdp/bolsa crossbody huser mkpl2022 para mujer/9951546406?skuid=1130282675,Negro | Verde | Café
Liverpool,OLIMBA,Bolsa tote para mujer,139900,70000,https://www.liverpool.com.mx/tienda/pdp/bolsa tote cloe lildania para mujer/1180888046?skuid=1180888060,Negro | Verde | Café | Rojo
Cuidado con el Perro,Cuidado con el Perro,bolsa de pana kuromi lila ,183.2,229,https://www.suburbia.com.mx/tienda/pdp/bolsa tote ted lapidus para mujer/sb5014576631?skuid=sb5014576641,NEW |  20% | Bolsa de Pana Kuromi Lila | $183.20 | $229.00
Cuidado con el Perro,Cuidado con el Perro,bolsa tote hello kitty rosa ,141.75,189,https://www.liverpool.com.mx/tienda/pdp/bolsa tote huser basics para mujer/1187992850?skuid=1187992873,NEW |  25% | AGOTADO | Bolsa Tote Hello Kitty Rosa | $141.75 | $189.00
Cuidado con el Perro,Cuidado con el Perro,bolsa con corazon negra ,171.75,229,https://www.suburbia.com.mx/tienda/pdp/bolsa shoulder weekend para mujer/sb5014025406?skuid=sb5014025415,NEW |  25% | Bolsa con Corazón Negra | $171.75 | $229.00
Cuidado con el Perro,Cuidado con el Perro,bolsa con corazon rosa ,171.75,229,https://www.liverpool.com.mx/tienda/pdp/bolsa tote huser mkpl2022 para mujer/9951130312?skuid=1130005523,NEW |  25% | Bolsa con Corazón Rosa | $171.75 | $229.00
Cuidado con el Perro,Cuidado con el Perro,bolsa doble mini con asa blanca ,209.25,279,https://www.liverpool.com.mx/tienda/pdp/bolsa crossbody guess anise para mujer/1191004807?skuid=1191004813,NEW |  25% | Bolsa Doble Mini con Asa Blanca | $209.25 | $279.00
Cuidado con el Perro,Cuidado con el Perro,bolsa efecto brilloso con hebillas negra ,171.75,229,https://www.suburbia.com.mx/tienda/pdp/backpack casual w capsule colecci%C3%B3n bts/1196673781?skuid=1196673781,NEW |  25% | Bolsa Efecto Brilloso con Hebillas Negra | $171.75 | $229.00
Cuidado con el Perro,Cuidado con el Perro,bolsa con broche rosa ,139.3,199,https://www.liverpool.com.mx/tienda/pdp/bolsa crossbody gen%C3%A9rica de cuero para mujer/1155325301?skuid=1155325301,NEW |  30% | Bolsa con Broche Rosa | $139.30 | $199.00
Cuidado con el Perro,Cuidado con el Perro,bolsa con cierres negra ,181.3,259,https://www.liverpool.com.mx/tienda/pdp/bolsa crossbody h&co 2022 para mujer/1118990249?skuid=1118990249,NEW |  30% | Bolsa con Cierres Negra | $181.30 | $259.00
Cuidado con el Perro,Cuidado con el Perro,bolsa con detalles a tono negra ,209.3,299,https://www.liverpool.com.mx/tienda/pdp/bolsa crossbody calvin klein para mujer/1184590545?skuid=1184590545,NEW |  30% | Bolsa con Detalles a Tono Negra | $209.30 | $299.00
Cuidado con el Perro,Cuidado con el Perro,bolsa con doble cierre frontal negra ,209.3,299,https://www.liverpool.com.mx/tienda/pdp/bolsa crossbody moon & self para mujer/99993665489?skuid=1192280903,NEW |  30% | Bolsa con Doble Cierre Frontal Negra | $209.30 | $299.00
Cuidado con el Perro,Cuidado con el Perro,bolsa con jaladeras negra ,209.3,299,https://www.liverpool.com.mx/tienda/pdp/bolsa satchel westies aether para mujer/99992631180?skuid=1190390442,NEW |  30% | Bolsa con Jaladeras Negra | $209.30 | $299.00
Cuidado con el Perro,Cuidado con el Perro,bolsa cuadrada con osito negra ,209.3,299,https://www.liverpool.com.mx/tienda/pdp/bolsa satchel h&co para mujer/1119765311?skuid=1119765311,NEW |  30% | Bolsa Cuadrada con Osito Negra | $209.30 | $299.00
Cuidado con el Perro,Cuidado con el Perro,bolsa de doble bolsillo con monedero beige ,209.3,299,https://www.suburbia.com.mx/tienda/pdp/bolsa satchel weekend para mujer/sb5011844058?skuid=sb5011844067,NEW |  30% | Bolsa de Doble Bolsillo con Monedero Beige | $209.30 | $299.00
Cuidado con el Perro,Cuidado con el Perro,bolsa para gym leopardo ,195.3,279,https://www.liverpool.com.mx/tienda/pdp/bolsa satchel xtellar para mujer/1179817621?skuid=1179817621,NEW |  30% | Bolsa para Gym Leopardo | $195.30 | $279.00
Cuidado con el Perro,Cuidado con el Perro,bolsa cilindro con estoperoles negra ,168.35,259,https://www.suburbia.com.mx/tienda/pdp/bolsa satchel xtellar para mujer/1179817621?skuid=1179817621,NEW |  35% | Bolsa Cilindro con Estoperoles Negra | $168.35 | $259.00
Cuidado con el Perro,Cuidado con el Perro,bolsa con colgante en asa negra ,226.85,349,https://www.liverpool.com.mx/tienda/pdp/bolsa satchel k swiss trendy para mujer/99993783549?skuid=1192726880,NEW |  35% | Bolsa con Colgante en Asa Negra | $226.85 | $349.00
Cuidado con el Perro,Cuidado con el Perro,bolsa cuadrada con bolsillo frontal negra ,168.35,259,https://www.liverpool.com.mx/tienda/pdp/bolsa shoulder that s it para mujer/1186740750?skuid=1186740773,NEW |  35% | Bolsa Cuadrada con Bolsillo Frontal Negra | $168.35 | $259.00
Cuidado con el Perro,Cuidado con el Perro,bolsa de asas largas con corazon negra ,226.85,349,https://www.liverpool.com.mx/tienda/pdp/bolsa tote lik%C3%ABpink chic elegance para mujer/1148607814?skuid=1148607814,NEW |  35% | Bolsa de Asas Largas con Corazón Negra | $226.85 | $349.00
Cuidado con el Perro,Cuidado con el Perro,bolsa semi rectangular negra ,181.35,279,https://www.suburbia.com.mx/tienda/pdp/bolsa tote lik%C3%ABpink chic elegance para mujer/1148607814?skuid=1148607814,NEW |  35% | Bolsa Semi Rectangular Negra | $181.35 | $279.00
Cuidado con el Perro,Cuidado con el Perro,bolsa al hombro beige ,155.4,259,https://www.liverpool.com.mx/tienda/pdp/bolsa tote h&co 2022 para mujer/1118990231?skuid=1118990231,NEW |  40% | Bolsa al Hombro Beige | $155.40 | $259.00
Cuidado con el Perro,Cuidado con el Perro,bolsa al hombro negra ,155.4,259,https://www.suburbia.com.mx/tienda/pdp/bolsa tote lover para mujer/1187065841?skuid=1187065841,NEW |  40% | Bolsa al Hombro Negra | $155.40 | $259.00
Cuidado con el Perro,Cuidado con el Perro,bolsa con detalles a tono beige ,179.4,299,https://shasa.com/products/bolsa tote ondas?&fromnostocategory=true,NEW |  40% | Bolsa con Detalles a Tono Beige | $179.40 | $299.00
Cuidado con el Perro,Cuidado con el Perro,bolsa con flecos negra ,155.4,259,https://shasa.com/products/bolsa tote ondas?&fromnostocategory=true,NEW |  40% | Bolsa con Flecos Negra | $155.40 | $259.00
Cuidado con el Perro,Cuidado con el Perro,bolsa con hebilla blanca ,209.4,349,https://www.liverpool.com.mx/tienda/pdp/bolsa tote gen%C3%A9rica para mujer/1137292285?skuid=1137292285,NEW |  40% | Bolsa con Hebilla Blanca | $209.40 | $349.00
Cuidado con el Perro,Cuidado con el Perro,bolsa con hebilla negra ,209.4,349,https://www.liverpool.com.mx/tienda/pdp/bolsa tote merendola para mujer/1147706754?skuid=1147706754,NEW |  40% | Bolsa con Hebilla Negra | $209.40 | $349.00
Cuidado con el Perro,Cuidado con el Perro,bolsa cuadrada con bolsillo frontal beige ,155.4,259,https://www.liverpool.com.mx/tienda/pdp/bolsa tote likepink pinkysport para mujer/1160930035?skuid=1160930035,NEW |  40% | Bolsa Cuadrada con Bolsillo Frontal Beige | $155.40 | $259.00
Cuidado con el Perro,Cuidado con el Perro,bolsa de gamuza con colgante cafe ,167.4,279,https://shasa.com/products/cartera pequena textura corazones 2?&fromnostocategory=true,NEW |  40% | Bolsa de Gamuza con Colgante Café | $167.40 | $279.00
Cuidado con el Perro,Cuidado con el Perro,bolsa de pelo negra ,155.4,259,https://shasa.com/products/cartera pequena textura corazones 2?&fromnostocategory=true,NEW |  40% | Bolsa de Pelo Negra | $155.40 | $259.00
Cuidado con el Perro,Cuidado con el Perro,bolsa a rayas beige y asas grandes ,,349,https://www.suburbia.com.mx/tienda/pdp/cosmetiquera lab.g para mujer/1180029865?skuid=1180029865,NEW | Bolsa a Rayas Beige y Asas Grandes | $349.00
Cuidado con el Perro,Cuidado con el Perro,bolsa asa con cadena negra ,,259,https://www.suburbia.com.mx/tienda/pdp/cosmetiquera lab.g para mujer/1180029865?skuid=1180029865,NEW | Bolsa Asa con Cadena Negra | $259.00
Cuidado con el Perro,Cuidado con el Perro,bolsa basica con placa beige ,,229,https://www.suburbia.com.mx/tienda/pdp/mochila casual w%C3%BCnd impermeable unisex/1157671134?skuid=1157671134,NEW | Bolsa Básica con Placa Beige | $229.00
Cuidado con el Perro,Cuidado con el Perro,bolsa blanca con mascada ,,279,https://www.suburbia.com.mx/tienda/pdp/neceser lab.g para mujer/1179999834?skuid=1179999834,NEW | Bolsa Blanca con Mascada | $279.00
Cuidado con el Perro,Cuidado con el Perro,bolsa bordada new jersey blanca ,,279,https://www.liverpool.com.mx/tienda/pdp/set de bolsas h&co delia para mujer/1190746770?skuid=1190746794,NEW | Bolsa Bordada New Jersey Blanca | $279.00
Cuidado con el Perro,Cuidado con el Perro,bolsa con asa metalica negra ,,299,https://www.suburbia.com.mx/tienda/pdp/bolsa satchel olimba para mujer/99993047026?skuid=1191321908,NEW | Bolsa con Asa Metálica Negra | $299.00
Cuidado con el Perro,Cuidado con el Perro,bolsa con borla blanca ,,279,https://www.liverpool.com.mx/tienda/pdp/bolsa satchel olimba para mujer/99986436038?skuid=1180360502,NEW | Bolsa con Borla Blanca | $279.00
Cuidado con el Perro,Cuidado con el Perro,bolsa con doble cierre frontal beige ,,299,https://www.suburbia.com.mx/tienda/pdp/bolsa tote monica wanatabe para mujer/99985384969?skuid=1178153494,NEW | Bolsa con Doble Cierre Frontal Beige | $299.00
Cuidado con el Perro,Cuidado con el Perro,bolsa con lentejuelas negra ,,229,https://www.liverpool.com.mx/tienda/pdp/bolsa tote angelozano set soraya de piel para mujer/99975316219?skuid=1162386375,NEW | Bolsa con Lentejuelas Negra | $229.00
Cuidado con el Perro,Cuidado con el Perro,bolsa con monograma beige ,,249,https://www.liverpool.com.mx/tienda/pdp/bolsa tote westies montu para mujer/1191002774?skuid=1191002781,NEW | Bolsa con Monograma Beige | $249.00
Cuidado con el Perro,Cuidado con el Perro,bolsa con solapa y asa negra ,,329,https://www.liverpool.com.mx/tienda/pdp/bolsa satchel olimba para mujer/99986436036?skuid=1180360774,NEW | Bolsa con Solapa y Asa Negra | $329.00
Cuidado con el Perro,Cuidado con el Perro,bolsa cuadrada animal print ,,329,https://www.liverpool.com.mx/tienda/pdp/bolsa satchel westies yardang para mujer/1078248661?skuid=1078248676,NEW | Bolsa Cuadrada Animal Print | $329.00
Cuidado con el Perro,Cuidado con el Perro,bolsa de hombro tipo ante cafe oscuro ,,359,https://www.suburbia.com.mx/tienda/pdp/bolsa tote olimba para mujer/99985081541?skuid=1177710292,NEW | Bolsa de Hombro Tipo Ante Café Oscuro | $359.00
Cuidado con el Perro,Cuidado con el Perro,bolsa doble asa trenzada blanca ,,349,https://www.liverpool.com.mx/tienda/pdp/bolsa crossbody bubba canvas para mujer/99988992509?skuid=1184223062,NEW | Bolsa Doble Asa Trenzada Blanca | $349.00
Cuidado con el Perro,Cuidado con el Perro,bolsa sanchel doble asa negra ,,329,https://www.liverpool.com.mx/tienda/pdp/bolsa crossbody lover para mujer/99984776185?skuid=1177039311,NEW | Bolsa Sanchel doble Asa Negra | $329.00
Cuidado con el Perro,Cuidado con el Perro,bolsa tipo cocodrilo negra ,,299,https://www.suburbia.com.mx/tienda/pdp/bolsa crossbody lover para mujer/99984776185?skuid=1177039311,NEW | Bolsa Tipo Cocodrilo Negra | $299.00
Cuidado con el Perro,Cuidado con el Perro,bolsa tipo luna azul ,,259,https://www.liverpool.com.mx/tienda/pdp/bolsa tote lover para mujer/99984772975?skuid=1177035773,NEW | Bolsa Tipo Luna Azul | $259.00
Cuidado con el Perro,Cuidado con el Perro,bolsa tote texturizado beige ,,299,https://www.liverpool.com.mx/tienda/pdp/bolsa satchel cloe yelynia para mujer/1193551139?skuid=1193551145,NEW | Bolsa Tote Texturizado Beige | $299.00
Cuidado con el Perro,Cuidado con el Perro,bolsa trenzada negra ,,299,https://www.liverpool.com.mx/tienda/pdp/bolsa tote huser para mujer/1189806301?skuid=1189806317,NEW | Bolsa Trenzada Negra | $299.00
Cuidado con el Perro,Cuidado con el Perro,mochila estampada flores blanca ,,349,https://www.suburbia.com.mx/tienda/pdp/bolsa crossbody weekend para mujer/sb5013997102?skuid=sb5013997111,NEW | Mochila Estampada Flores Blanca | $349.00
Lululemon,Lululemon,On My Level tote bag pequeña 5L,,2100,https://www.liverpool.com.mx/tienda/pdp/bolsa crossbody moon & self de cuero para mujer/99995228151?skuid=1195257635,"On My Level tote bag pequeña 5L | Mex$2,100 | Compra rápida"
Lululemon,Lululemon,Organizador para trayectos diarios con clip,,900,https://www.liverpool.com.mx/tienda/pdp/bolsa crossbody luckyly luxe para mujer/99990092290?skuid=1185672821,Organizador para trayectos diarios con clip | Mex$900 | Compra rápida
Brantano,Brantano,PIEL NATURAL,2949,799,https://shasa.com/products/bolsa crossbody monocromatica?&fromnostocategory=true,"PIEL NATURAL | NEW IN | BOLSA HOBO PIEL LATTE FLECOS | BOLSA HOBO PIEL LATTE FLECOS | $ 2,949.00 | "
Suburbia,WEEKEND,Bolsa shoulder para mujer,39900,39900,https://shasa.com/products/bolsa crossbody monocromatica?&fromnostocategory=true,Plateado | Rosa | Negro
Farfetch,Farfetch,Prada,,58500,https://www.liverpool.com.mx/tienda/pdp/bolsa crossbody hpc polo para mujer/99983039970?skuid=1173651097,"Prada | mini Bonnie leather tote bag | $58,500"
Huser,Huser,Precio,,,https://www.liverpool.com.mx/tienda/pdp/bolsa tote para mujer/1188524485?skuid=1188524491,Precio | Material | Color | Familia
Huser,Huser,Precio,7250,5890,https://www.suburbia.com.mx/tienda/pdp/bolsa crossbody ted lapidus para mujer/sb5015063638?skuid=sb5015063647,"Precio | Material | Color | Familia | Bolsa Crossbody Coach Jonie | $7,250.00 | "
Farfetch,Farfetch,Pre Owned,6688905,6020039,https://www.suburbia.com.mx/tienda/pdp/backpack lik%C3%ABpink para mujer/1141278190?skuid=1141278190,"Pre Owned | CHANEL Pre Owned | 1989 Classic Flap elongated clutch bag | $6,688,905 | $6,020,039 |  10%"
Farfetch,Farfetch,Pre Owned,,22320,https://www.liverpool.com.mx/tienda/pdp/bolsa parfois animal print para mujer/1192625686?skuid=1192625692,"Pre Owned | Christian Dior Pre Owned | 2002 Mini Diorissimo Canvas Saddle Pochette shoulder bag | $22,320"
Farfetch,Farfetch,Pre Owned,,61770,https://www.suburbia.com.mx/tienda/pdp/backpack crossbody hpc polo para mujer/1170603822?skuid=1170603822,"Pre Owned | Fendi Pre Owned | Baguette NM Bag Zucca Embroidered Denim Medium shoulder bag | $61,770"
Farfetch,Farfetch,Pre Owned,,51100,https://www.suburbia.com.mx/tienda/pdp/bolsa crossbody weekend para mujer/sb5014083082?skuid=sb5014085400,"Pre Owned | Fendi Pre Owned | Peekaboo ISeeU Bag Leather East West satchel | $51,100"
Farfetch,Farfetch,Pre Owned,9056,7278,https://shasa.com/products/bolsa luna snoopy?&fromnostocategory=true,"Pre Owned | Gucci Pre Owned | 2000s Swing leather tote bag | $9,056 | $7,278 |  20%"
Farfetch,Farfetch,Pre Owned,,282494,https://shasa.com/products/bolsa luna snoopy?&fromnostocategory=true,"Pre Owned | Hermès Pre Owned | 2012 Togo Kelly II Retourne 32 satchel | $282,494"
Farfetch,Farfetch,Pre Owned,,154898,https://shasa.com/products/bolsa rigida rafia rayas?&fromnostocategory=true,"Pre Owned | Hermès Pre Owned | 2025 Epsom Kelly To Go Wallet crossbody bag | $154,898"
Farfetch,Farfetch,Pre Owned,,19469,https://shasa.com/products/bolsa rigida rafia rayas?&fromnostocategory=true,"Pre Owned | Loewe Pre Owned | 2021 Nano Canvas Amazona satchel | $19,469"
Farfetch,Farfetch,Pre Owned,,28593,https://shasa.com/products/bolsa rigida tejida print playa?&fromnostocategory=true,"Pre Owned | Loewe Pre Owned | Amazona NM Bag Denim 28 shoulder bag | $28,593"
Farfetch,Farfetch,Proenza Schouler,,29700,https://shasa.com/products/bolsa rigida tejida print playa?&fromnostocategory=true,"Proenza Schouler | Days mesh tote bag | $29,700"
Farfetch,Farfetch,Rabanne,,39127,https://www.liverpool.com.mx/tienda/pdp/bolsa satchel h&co amori para mujer/1189009886?skuid=1189009905,"Rabanne | nano 1969 shoulder bag | $39,127"
Suburbia,LIKËPINK,Bolsa crossbody de cuero para mujer,179900,69931,https://www.liverpool.com.mx/tienda/pdp/bolsa tote cool capital fuji para mujer/9999632784?skuid=1187705432,Rojo
Suburbia,WEEKEND,Bolsa crossbody para mujer,49900,49900,https://www.suburbia.com.mx/tienda/pdp/bolsa tote marc jacobs para mujer/1165115461?skuid=1165115461,Rojo
Liverpool,Genérica,Bolsa crossbody para mujer,,79875,https://www.liverpool.com.mx/tienda/pdp/bolsa tote olimba para mujer/99993527830?skuid=1193001935,Rojo
Suburbia,Genérica,Bolsa crossbody para mujer,,68750,https://www.liverpool.com.mx/tienda/pdp/bolsa crossbody luckyly amara para mujer/99990105267?skuid=1185672847,Rojo
Suburbia,HPC POLO,Bolsa crossbody para mujer,69900,51500,https://www.liverpool.com.mx/tienda/pdp/bolsa crossbody guess evie para mujer/1187375176?skuid=1187375181,Rojo
Liverpool,OLIMBA,Bolsa crossbody para mujer,89900,40000,https://shasa.com/products/monedero pu doble cierre 2?&fromnostocategory=true,Rojo
Liverpool,JAIME IBIZA,bolsa flap jaime ibiza proeza para mujer,,249000,https://shasa.com/products/monedero pu doble cierre 2?&fromnostocategory=true,Rojo
Suburbia,Suburbia,Bolsa hombro charol glossy,499,499,https://www.liverpool.com.mx/tienda/pdp/bolsa crossbody lover 2022 para mujer/9948858652?skuid=1128543186,Rojo
Suburbia,Suburbia,Bolsa hombro charol glossy,249,499,https://www.suburbia.com.mx/tienda/pdp/bolsa tote bubba zoe para mujer/99991915128?skuid=1189053319,Rojo
Liverpool,OLIMBA,Bolsa para mujer,139900,44900,https://www.suburbia.com.mx/tienda/pdp/bolsa crossbody marc jacobs de cuero para mujer/9959437832?skuid=1137498053,Rojo
Liverpool,LAB.G,Bolsa satchel para mujer,99900,41616,https://www.suburbia.com.mx/tienda/pdp/bolsa bandolera gen%C3%A9rica de cuero para mujer/1149310866?skuid=1149310866,Rojo
Suburbia,WÜND,Bolsa shoulder para mujer,124700,90000,https://www.liverpool.com.mx/tienda/pdp/bolsa bandolera punt roma para mujer/1191542035?skuid=1191542041,Rojo
Suburbia,LAB.G,Bolsa tote para mujer,109100,99821,https://shasa.com/products/bolsa bucket lentejuelas?&fromnostocategory=true,Rojo
Suburbia,Suburbia,BOLSA TOTE PRINT CONCHAS,349,349,https://shasa.com/products/bolsa bucket lentejuelas?&fromnostocategory=true,Rojo
Suburbia,Suburbia,BOLSA TOTE PRINT CONCHAS,399,349,https://www.liverpool.com.mx/tienda/pdp/bolsa clutch call it spring para mujer/1175120301?skuid=1175123322,Rojo
Suburbia,PEANUTS,Bolsa tote Snoopy para mujer,49900,49900,https://shasa.com/products/bolsa crossbody estructura broche 1?&fromnostocategory=true,Rojo
Suburbia,MARC JACOBS,Bolsa tote The Jacquard Small Tote para mujer,789900,389900,https://shasa.com/products/bolsa crossbody estructura broche 1?&fromnostocategory=true,Rojo
Suburbia,HPC POLO,Cartera Hpc Polo para mujer,59900,36900,https://www.suburbia.com.mx/tienda/pdp/bolsa crossbody weekend para mujer/sb5013035424?skuid=sb5013035441,Rojo
Suburbia,HPC POLO,Cartera Hpc Polo para mujer,64900,36900,https://www.suburbia.com.mx/tienda/pdp/bolsa crossbody lab.g para mujer/1179822683?skuid=1179822683,Rojo
Suburbia,Suburbia,Cartera mediana cierres boton,249,249,https://www.suburbia.com.mx/tienda/pdp/bolsa crossbody hpc polo para mujer/1174168411?skuid=1174168411,Rojo
Suburbia,Suburbia,Cartera mediana cierres boton,449,249,https://www.liverpool.com.mx/tienda/pdp/bolsa crossbody that s it para mujer/1186741829?skuid=1186741842,Rojo
Suburbia,LIKËPINK,Cartera para mujer,79900,50022,https://www.liverpool.com.mx/tienda/pdp/bolsa crossbody parfois zippers para mujer/1193263257?skuid=1193263263,Rojo
Suburbia,PEANUTS,Cartera Snoopy para mujer,24900,24900,https://www.liverpool.com.mx/tienda/pdp/bolsa lik%C3%ABpink de cuero para mujer/1143810166?skuid=1143810166,Rojo
Suburbia,PEANUTS,Cartera Snoopy para mujer,19900,19900,https://www.suburbia.com.mx/tienda/pdp/bolsa lik%C3%ABpink de cuero para mujer/1143810166?skuid=1143810166,Rojo
Suburbia,PEANUTS,Cartera snoopy para mujer,19900,19900,https://www.suburbia.com.mx/tienda/pdp/bolsa hobo hj hinojosa bolsas de piel de cuero para mujer/1129473386?skuid=1129473386,Rojo
Liverpool,OLIMBA,Bolsa crossbody para mujer,109900,49900,https://www.liverpool.com.mx/tienda/pdp/bolsa hobo hj hinojosa de piel para mujer/1110496474?skuid=1110496474,Rojo | Amarillo | Azul | Rosa | Café
Liverpool,HUSER,Bolsa crossbody MKPL2022 para mujer,90870,55900,https://www.suburbia.com.mx/tienda/pdp/bolsa hpc polo para mujer/1173353444?skuid=1173353444,Rojo | Azul | Rosa | Café | Negro
Liverpool,CLOE,bolsa tote cloe lildania para mujer,,219900,https://www.suburbia.com.mx/tienda/pdp/bolsa hpc polo para mujer/1174163649?skuid=1174163649,Rojo | Blanco
Suburbia,TED LAPIDUS,Bolsa tote para mujer,59900,59900,https://shasa.com/products/bolsa rigida globo estrella?&fromnostocategory=true,Rojo | Blanco | Azul
Liverpool,HUSER BASICS,bolsa tote huser basics para mujer,,79900,https://shasa.com/products/bolsa rigida globo estrella?&fromnostocategory=true,Rojo | Café | Beige
Suburbia,WEEKEND,Bolsa shoulder para mujer,39900,39900,https://shasa.com/products/bolsa rigida metalica 1?&fromnostocategory=true,Rojo | Negro
Liverpool,HUSER,Bolsa tote MKPL2022 para mujer,90870,55900,https://shasa.com/products/bolsa rigida metalica 1?&fromnostocategory=true,Rojo | Negro | Café
Liverpool,GUESS,Bolsa crossbody Anise para mujer,,229000,https://www.liverpool.com.mx/tienda/pdp/bolsa satchel westies houtarou para mujer/1185779351?skuid=1185779374,Rojo | Negro | Verde
Suburbia,W CAPSULE,Backpack casual Colección BTS,,189900,https://shasa.com/products/bolsa sobre cadena brillos?&fromnostocategory=true,Rosa
Liverpool,Genérica,Bolsa crossbody de cuero para mujer,112600,66807,https://shasa.com/products/bolsa sobre cadena brillos?&fromnostocategory=true,Rosa
Liverpool,H&CO,bolsa crossbody h&co 2022 para mujer,,89900,https://www.suburbia.com.mx/tienda/pdp/bolsa tote weekend para mujer/sb5012387483?skuid=sb5012387492,Rosa
Liverpool,CALVIN KLEIN,Bolsa crossbody para mujer,,289900,https://www.suburbia.com.mx/tienda/pdp/bolsa tote huser para mujer/sb5014233319?skuid=sb5014233336,Rosa
Liverpool,MOON & SELF,Bolsa crossbody para mujer,99900,69900,https://www.liverpool.com.mx/tienda/pdp/bolsa tote xtellar para mujer/1188713421?skuid=1188713421,Rosa
Liverpool,WESTIES,Bolsa satchel Aether para mujer,169900,144400,https://www.suburbia.com.mx/tienda/pdp/bolsa tote xtellar para mujer/1188713421?skuid=1188713421,Rosa
Liverpool,H&CO,bolsa satchel h&co para mujer,,149900,https://www.suburbia.com.mx/tienda/pdp/bolsa tote olivia nemi plussa de cuero unisex/99990957189?skuid=1187416996,Rosa
Suburbia,WEEKEND,Bolsa satchel para mujer,39900,39900,https://www.liverpool.com.mx/tienda/pdp/bolsa tote westies houtarou para mujer/1185780146?skuid=1185780160,Rosa
Liverpool,XTELLAR,Bolsa satchel para mujer,,58654,https://shasa.com/products/bolso tote capitonado cremalleras 1?&fromnostocategory=true,Rosa
Suburbia,XTELLAR,Bolsa satchel para mujer,112000,58608,https://shasa.com/products/bolso tote capitonado cremalleras 1?&fromnostocategory=true,Rosa
Liverpool,K SWISS,Bolsa satchel Trendy para mujer,142300,94724,https://shasa.com/products/cartera charm cerezas 1?&fromnostocategory=true,Rosa
Liverpool,THAT S IT,bolsa shoulder that s it para mujer,57900,40530,https://shasa.com/products/cartera charm cerezas 1?&fromnostocategory=true,Rosa
Liverpool,LIKËPINK,Bolsa tote Chic Elegance para mujer,,71200,https://shasa.com/products/cartera midi broches laterales 4?&fromnostocategory=true,Rosa
Suburbia,LIKËPINK,Bolsa tote Chic Elegance para mujer,131900,61796,https://shasa.com/products/cartera midi broches laterales 4?&fromnostocategory=true,Rosa
Liverpool,H&CO,bolsa tote h&co 2022 para mujer,,149900,https://shasa.com/products/cartera pequena jaladera 1?&fromnostocategory=true,Rosa
Suburbia,LOVER,Bolsa tote Lover para mujer,129900,67900,https://shasa.com/products/cartera pequena jaladera 1?&fromnostocategory=true,Rosa
Suburbia,Suburbia,Bolsa tote ondas,199,199,https://shasa.com/products/bolsa tote ondas?&fromnostocategory=true,Rosa
Suburbia,Suburbia,Bolsa tote ondas,499,199,https://shasa.com/products/bolsa tote ondas?&fromnostocategory=true,Rosa
Liverpool,Genérica,Bolsa tote para mujer,,61169,https://www.liverpool.com.mx/tienda/pdp/bolsa tote gen%C3%A9rica para mujer/1137292285?skuid=1137292285,Rosa
Liverpool,MERENDOLA,Bolsa tote para mujer,,9900,https://www.liverpool.com.mx/tienda/pdp/bolsa tote merendola para mujer/1147706754?skuid=1147706754,Rosa
Liverpool,LIKEPINK,Bolsa tote Pinkysport para mujer,131900,117321,https://www.liverpool.com.mx/tienda/pdp/bolsa tote likepink pinkysport para mujer/1160930035?skuid=1160930035,Rosa
Suburbia,Suburbia,Cartera pequeña textura corazones,249,249,https://shasa.com/products/cartera pequena textura corazones 2?&fromnostocategory=true,Rosa
Suburbia,Suburbia,Cartera pequeña textura corazones,399,249,https://shasa.com/products/cartera pequena textura corazones 2?&fromnostocategory=true,Rosa
Suburbia,LAB.G,Cosmetiquera para mujer,150800,89553,https://www.suburbia.com.mx/tienda/pdp/cosmetiquera lab.g para mujer/1180029865?skuid=1180029865,Rosa
Suburbia,LAB.G,Cosmetiquera para mujer,,88799,https://www.suburbia.com.mx/tienda/pdp/cosmetiquera lab.g para mujer/1180029865?skuid=1180029865,Rosa
Suburbia,WÜND,Mochila casual impermeable unisex,131900,47184,https://www.suburbia.com.mx/tienda/pdp/mochila casual w%C3%BCnd impermeable unisex/1157671134?skuid=1157671134,Rosa
Suburbia,LAB.G,Neceser para mujer,172000,122000,https://www.suburbia.com.mx/tienda/pdp/neceser lab.g para mujer/1179999834?skuid=1179999834,Rosa
Liverpool,H&CO,set de bolsas h&co delia para mujer,,179900,https://www.liverpool.com.mx/tienda/pdp/set de bolsas h&co delia para mujer/1190746770?skuid=1190746794,Rosa
Suburbia,OLIMBA,Bolsa satchel para mujer,129900,64900,https://www.suburbia.com.mx/tienda/pdp/bolsa satchel olimba para mujer/99993047026?skuid=1191321908,Rosa | Amarillo
Liverpool,OLIMBA,Bolsa satchel para mujer,109900,54950,https://www.liverpool.com.mx/tienda/pdp/bolsa satchel olimba para mujer/99986436038?skuid=1180360502,Rosa | Amarillo | Azul | Negro
Suburbia,MONICA WANATABE,Bolsa tote para mujer,99900,80000,https://www.suburbia.com.mx/tienda/pdp/bolsa tote monica wanatabe para mujer/99985384969?skuid=1178153494,Rosa | Azul | Multicolor
Liverpool,ANGELOZANO,Bolsa tote Set Soraya de piel para mujer,518100,310800,https://www.liverpool.com.mx/tienda/pdp/bolsa tote angelozano set soraya de piel para mujer/99975316219?skuid=1162386375,Rosa | Azul | Rojo | Negro
Liverpool,WESTIES,bolsa tote westies montu para mujer,149900,149900,https://www.liverpool.com.mx/tienda/pdp/bolsa tote westies montu para mujer/1191002774?skuid=1191002781,Rosa | Blanco | Negro
Liverpool,OLIMBA,Bolsa satchel para mujer,109900,49900,https://www.liverpool.com.mx/tienda/pdp/bolsa satchel olimba para mujer/99986436036?skuid=1180360774,Rosa | Café | Azul | Negro
Liverpool,WESTIES,bolsa satchel westies yardang para mujer,,169900,https://www.liverpool.com.mx/tienda/pdp/bolsa satchel westies yardang para mujer/1078248661?skuid=1078248676,Rosa | Café | Beige | Azul | Blanco
Suburbia,OLIMBA,Bolsa tote para mujer,109900,59900,https://www.suburbia.com.mx/tienda/pdp/bolsa tote olimba para mujer/99985081541?skuid=1177710292,Rosa | Café | Verde | Azul | Gris | Rojo
Liverpool,BUBBA,Bolsa crossbody Canvas para mujer,64900,51920,https://www.liverpool.com.mx/tienda/pdp/bolsa crossbody bubba canvas para mujer/99988992509?skuid=1184223062,Rosa | Camel
Liverpool,LOVER,Bolsa crossbody para mujer,89900,65900,https://www.liverpool.com.mx/tienda/pdp/bolsa crossbody lover para mujer/99984776185?skuid=1177039311,Rosa | Camel
Suburbia,LOVER,Bolsa crossbody para mujer,89900,65900,https://www.suburbia.com.mx/tienda/pdp/bolsa crossbody lover para mujer/99984776185?skuid=1177039311,Rosa | Camel
Liverpool,LOVER,Bolsa tote para mujer,119900,69900,https://www.liverpool.com.mx/tienda/pdp/bolsa tote lover para mujer/99984772975?skuid=1177035773,Rosa | Camel
Liverpool,CLOE,bolsa satchel cloe yelynia para mujer,,209900,https://www.liverpool.com.mx/tienda/pdp/bolsa satchel cloe yelynia para mujer/1193551139?skuid=1193551145,Rosa | Camel | Amarillo
Liverpool,HUSER,bolsa tote huser para mujer,,169900,https://www.liverpool.com.mx/tienda/pdp/bolsa tote huser para mujer/1189806301?skuid=1189806317,Rosa | Camel | Verde
Suburbia,WEEKEND,Bolsa crossbody para mujer,39900,39900,https://www.suburbia.com.mx/tienda/pdp/bolsa crossbody weekend para mujer/sb5013997102?skuid=sb5013997111,Rosa | Khaki | Azul | Negro
Liverpool,MOON & SELF,Backpack para mujer,119900,84900,https://www.liverpool.com.mx/tienda/pdp/bolsa crossbody moon & self de cuero para mujer/99995228151?skuid=1195257635,Rosa | Negro
Liverpool,LUCKYLY,Bolsa crossbody Luxe para mujer,92900,67900,https://www.liverpool.com.mx/tienda/pdp/bolsa crossbody luckyly luxe para mujer/99990092290?skuid=1185672821,Rosa | Negro
Suburbia,Suburbia,Bolsa crossbody monocromática,399,399,https://shasa.com/products/bolsa crossbody monocromatica?&fromnostocategory=true,Rosa | Verde
Suburbia,Suburbia,Bolsa crossbody monocromática,399,399,https://shasa.com/products/bolsa crossbody monocromatica?&fromnostocategory=true,Rosa | Verde
Liverpool,HPC POLO,Bolsa crossbody para mujer,109900,74300,https://www.liverpool.com.mx/tienda/pdp/bolsa crossbody hpc polo para mujer/99983039970?skuid=1173651097,Rosa | Verde
Liverpool,GAP,Bolsa tote para mujer,149900,127415,https://www.liverpool.com.mx/tienda/pdp/bolsa tote para mujer/1188524485?skuid=1188524491,Rosa | Verde | Azul
Suburbia,TED LAPIDUS,Bolsa crossbody para mujer,39900,39900,https://www.suburbia.com.mx/tienda/pdp/bolsa crossbody ted lapidus para mujer/sb5015063638?skuid=sb5015063647,Rosa | Verde | Negro
Farfetch,Farfetch,Runway,,42320,https://www.farfetch.com/mx/shopping/women/ami paris small mimi nubuck leather shoulder bag item 33115742.aspx,"Runway | AMI Paris | small Mimi nubuck leather shoulder bag | $42,320"
Farfetch,Farfetch,Runway,,48650,https://www.farfetch.com/mx/shopping/women/valentino garavani antibes small embroidered denim shopping bag item 34057167.aspx,"Runway | Valentino Garavani | Antibes small embroidered denim shopping bag | $48,650"
Farfetch,Farfetch,Saint Laurent,,18547,https://www.farfetch.com/mx/shopping/women/saint laurent cassandre leather crossbody bag item 28444334.aspx,"Saint Laurent | Cassandre leather crossbody bag | $18,547"
Farfetch,Farfetch,Saint Laurent,,23378,https://www.farfetch.com/mx/shopping/women/saint laurent chevron chain clutch bag item 32438807.aspx,"Saint Laurent | chevron chain clutch bag | $23,378"
Farfetch,Farfetch,Saint Laurent,,22895,https://www.farfetch.com/mx/shopping/women/saint laurent chevron chain shoulder bag item 32633645.aspx,"Saint Laurent | Chevron chain shoulder bag | $22,895"
Farfetch,Farfetch,Saint Laurent,,92585,https://www.farfetch.com/mx/shopping/women/saint laurent quilted logo leather shopping tote bag item 33383532.aspx,"Saint Laurent | quilted logo leather shopping tote bag | $92,585"
Farfetch,Farfetch,Sprayground,,3392,https://www.farfetch.com/mx/shopping/women/sprayground checkered shark print backpack item 35741072.aspx,"Sprayground | checkered shark print backpack | $3,392"
Farfetch,Farfetch,Stella McCartney,,10134,https://www.farfetch.com/mx/shopping/women/stella mccartney falabella shoulder bag item 34559260.aspx,"Stella McCartney | Falabella shoulder bag | $10,134"
Farfetch,Farfetch,Stella McCartney,,15914,https://www.farfetch.com/mx/shopping/women/stella mccartney falabella tiny chain handle tote bag item 34558918.aspx,"Stella McCartney | Falabella Tiny chain handle tote bag | $15,914"
Farfetch,Farfetch,Stella McCartney,,17445,https://www.farfetch.com/mx/shopping/women/stella mccartney tiny falabella tote bag item 17994272.aspx,"Stella McCartney | tiny Falabella tote bag | $17,445"
Lululemon,Lululemon,Tarjetero con clip,,750,https://www.lululemon.mx/es mx/p/tarjetero con clip/gynffozgf6.html?dwvar_gynffozgf6_color=073537,Tarjetero con clip | Mex$750 | Compra rápida
Farfetch,Farfetch,The Attico,,41303,https://www.farfetch.com/mx/shopping/women/the attico la passeggiata top handle mini tote bag item 32705467.aspx,"The Attico | La Passeggiata top handle mini tote bag | $41,303"
Cuidado con el Perro,Cuidado con el Perro,Tote Bag Croissant Hueso,,99.9,https://www.cuidadoconelperro.com.mx/tote bag croissant hueso 601260261010011,Tote Bag Croissant Hueso | $99.90
Lululemon,Lululemon,Tote bag On My Level 20L,,3300,https://www.lululemon.mx/es mx/p/tote bag on my level 20l/prod11871686.html?dwvar_prod11871686_color=3385,"Tote bag On My Level 20L | Mex$3,300 | Compra rápida"
Cuidado con el Perro,Cuidado con el Perro,Tote Bag Ramen Hueso,,99.9,https://www.cuidadoconelperro.com.mx/tote bag ramen hueso 601260261010014,Tote Bag Ramen Hueso | $99.90
Suburbia,LIKËPINK,Backpack para mujer,111900,51617,https://www.suburbia.com.mx/tienda/pdp/backpack lik%C3%ABpink para mujer/1141278190?skuid=1141278190,Verde
Liverpool,PARFOIS,Bolsa Animal Print para mujer,,79900,https://www.liverpool.com.mx/tienda/pdp/bolsa parfois animal print para mujer/1192625686?skuid=1192625692,Verde
Suburbia,HPC POLO,Bolsa crossbody Ninguna para mujer,99900,59900,https://www.suburbia.com.mx/tienda/pdp/backpack crossbody hpc polo para mujer/1170603822?skuid=1170603822,Verde
Suburbia,WEEKEND,Bolsa crossbody para mujer,39900,39900,https://www.suburbia.com.mx/tienda/pdp/bolsa crossbody weekend para mujer/sb5014083082?skuid=sb5014085400,Verde
Suburbia,Suburbia,Bolsa luna Snoopy,299,299,https://shasa.com/products/bolsa luna snoopy?&fromnostocategory=true,Verde
Suburbia,Suburbia,Bolsa luna Snoopy,599,299,https://shasa.com/products/bolsa luna snoopy?&fromnostocategory=true,Verde
Suburbia,Suburbia,BOLSA RIGIDA RAFIA RAYAS,599,599,https://shasa.com/products/bolsa rigida rafia rayas?&fromnostocategory=true,Verde
Suburbia,Suburbia,BOLSA RIGIDA RAFIA RAYAS,499,599,https://shasa.com/products/bolsa rigida rafia rayas?&fromnostocategory=true,Verde
Suburbia,Suburbia,BOLSA RIGIDA TEJIDA PRINT PLAYA,599,599,https://shasa.com/products/bolsa rigida tejida print playa?&fromnostocategory=true,Verde
Suburbia,Suburbia,BOLSA RIGIDA TEJIDA PRINT PLAYA,199,599,https://shasa.com/products/bolsa rigida tejida print playa?&fromnostocategory=true,Verde
Liverpool,H&CO,bolsa satchel h&co amori para mujer,,149900,https://www.liverpool.com.mx/tienda/pdp/bolsa satchel h&co amori para mujer/1189009886?skuid=1189009905,Verde
Liverpool,COOL CAPITAL,Bolsa tote Cool Capital Fuji para mujer,99900,66900,https://www.liverpool.com.mx/tienda/pdp/bolsa tote cool capital fuji para mujer/9999632784?skuid=1187705432,Verde
Suburbia,MARC JACOBS,Bolsa tote para mujer,279900,229900,https://www.suburbia.com.mx/tienda/pdp/bolsa tote marc jacobs para mujer/1165115461?skuid=1165115461,Verde
Liverpool,OLIMBA,Bolsa tote para mujer,139900,69900,https://www.liverpool.com.mx/tienda/pdp/bolsa tote olimba para mujer/99993527830?skuid=1193001935,Verde
Liverpool,LUCKYLY,Bolsa crossbody Amara para mujer,91900,67900,https://www.liverpool.com.mx/tienda/pdp/bolsa crossbody luckyly amara para mujer/99990105267?skuid=1185672847,Verde | Beige | Negro
Liverpool,GUESS,Bolsa crossbody Evie para mujer,,249000,https://www.liverpool.com.mx/tienda/pdp/bolsa crossbody guess evie para mujer/1187375176?skuid=1187375181,Verde | Café | Negro
Suburbia,Suburbia,Monedero pu doble cierre,269,269,https://shasa.com/products/monedero pu doble cierre 2?&fromnostocategory=true,Verde | Negro
Suburbia,Suburbia,Monedero pu doble cierre,149,269,https://shasa.com/products/monedero pu doble cierre 2?&fromnostocategory=true,Verde | Negro
Liverpool,LOVER,Bolsa crossbody 2022 para mujer,99900,59900,https://www.liverpool.com.mx/tienda/pdp/bolsa crossbody lover 2022 para mujer/9948858652?skuid=1128543186,Verde | Negro | Azul
Suburbia,BUBBA,Bolsa tote Zoe para mujer,,109900,https://www.suburbia.com.mx/tienda/pdp/bolsa tote bubba zoe para mujer/99991915128?skuid=1189053319,Verde | Rojo | Negro
Suburbia,MARC JACOBS,Bolsa crossbody de cuero para mujer,799900,799900,https://www.suburbia.com.mx/tienda/pdp/bolsa crossbody marc jacobs de cuero para mujer/9959437832?skuid=1137498053,Verde | Rosa
Lululemon,Lululemon,"Wristlet con dos minibolsas, Stack",,1300,https://www.lululemon.mx/es mx/p/wristlet con dos minibolsas stack/f5d9ewfv8x.html,"Wristlet con dos minibolsas, Stack | Mex$1,300 | Compra rápida"
Farfetch,Farfetch,Zadig&Voltaire,,7266,https://www.farfetch.com/mx/shopping/women/zadigvoltaire mini rock clutch bag item 29686327.aspx,"Zadig&Voltaire | mini Rock clutch bag | $7,266"
Farfetch,Farfetch,Zadig&Voltaire,9290,7823,https://www.farfetch.com/mx/shopping/women/zadigvoltaire rock leather crossbody bag item 21270854.aspx,"Zadig&Voltaire | Rock leather crossbody bag | $9,290 | $7,823 |  15%"
Farfetch,Farfetch,Zadig&Voltaire,,9290,https://www.farfetch.com/mx/shopping/women/zadigvoltaire rock leather shoulder bag item 34698144.aspx,"Zadig&Voltaire | Rock leather shoulder bag | $9,290"
Farfetch,Farfetch,Zadig&Voltaire,,7050,https://www.farfetch.com/mx/shopping/women/zadigvoltaire rock nano shoulder bag item 28310794.aspx,"Zadig&Voltaire | Rock Nano shoulder bag | $7,050"
Lululemon,Lululemon,Backpack de piel,1000,1000,https://www.lululemon.mx/es mx/c/accesorios,
Suburbia,Genérica,Bolsa bandolera de cuero para mujer,104000,60116,https://www.suburbia.com.mx/tienda/pdp/bolsa bandolera gen%C3%A9rica de cuero para mujer/1149310866?skuid=1149310866,Bolsa bandolera de cuero para mujer
Liverpool,PUNT ROMA,Bolsa bandolera para mujer,89900,76415,https://www.liverpool.com.mx/tienda/pdp/bolsa bandolera punt roma para mujer/1191542035?skuid=1191542041,Bolsa bandolera para mujer
Suburbia,Suburbia,Bolsa bucket lentejuelas,449,449,https://shasa.com/products/bolsa bucket lentejuelas?&fromnostocategory=true,Bolsa bucket lentejuelas
Suburbia,Suburbia,Bolsa bucket lentejuelas,249,449,https://shasa.com/products/bolsa bucket lentejuelas?&fromnostocategory=true,Bolsa bucket lentejuelas
Liverpool,CALL IT SPRING,bolsa clutch call it spring para mujer,62900,31450,https://www.liverpool.com.mx/tienda/pdp/bolsa clutch call it spring para mujer/1175120301?skuid=1175123322,bolsa clutch call it spring para mujer
Suburbia,Suburbia,Bolsa crossbody estructura broche,499,499,https://shasa.com/products/bolsa crossbody estructura broche 1?&fromnostocategory=true,Bolsa crossbody estructura broche
Suburbia,Suburbia,Bolsa crossbody estructura broche,199,499,https://shasa.com/products/bolsa crossbody estructura broche 1?&fromnostocategory=true,Bolsa crossbody estructura broche
Suburbia,WEEKEND,Bolsa crossbody para mujer,29900,29900,https://www.suburbia.com.mx/tienda/pdp/bolsa crossbody weekend para mujer/sb5013035424?skuid=sb5013035441,Bolsa crossbody para mujer
Suburbia,LAB.G,Bolsa crossbody para mujer,86800,78058,https://www.suburbia.com.mx/tienda/pdp/bolsa crossbody lab.g para mujer/1179822683?skuid=1179822683,Bolsa crossbody para mujer
Suburbia,HPC POLO,Bolsa crossbody para mujer,79900,42900,https://www.suburbia.com.mx/tienda/pdp/bolsa crossbody hpc polo para mujer/1174168411?skuid=1174168411,Bolsa crossbody para mujer
Liverpool,THAT S IT,bolsa crossbody that s it para mujer,49900,34930,https://www.liverpool.com.mx/tienda/pdp/bolsa crossbody that s it para mujer/1186741829?skuid=1186741842,bolsa crossbody that s it para mujer
Liverpool,PARFOIS,Bolsa crossbody Zippers para mujer,,69900,https://www.liverpool.com.mx/tienda/pdp/bolsa crossbody parfois zippers para mujer/1193263257?skuid=1193263263,Bolsa crossbody Zippers para mujer
Liverpool,LIKËPINK,Bolsa de cuero para mujer,113400,63542,https://www.liverpool.com.mx/tienda/pdp/bolsa lik%C3%ABpink de cuero para mujer/1143810166?skuid=1143810166,Bolsa de cuero para mujer
Suburbia,LIKËPINK,Bolsa de cuero para mujer,113400,58216,https://www.suburbia.com.mx/tienda/pdp/bolsa lik%C3%ABpink de cuero para mujer/1143810166?skuid=1143810166,Bolsa de cuero para mujer
Suburbia,HJ HINOJOSA,Bolsa hobo Bolsas de piel de cuero para mujer,219900,169900,https://www.suburbia.com.mx/tienda/pdp/bolsa hobo hj hinojosa bolsas de piel de cuero para mujer/1129473386?skuid=1129473386,Bolsa hobo Bolsas de piel de cuero para mujer
Liverpool,HJ HINOJOSA,Bolsa hobo de piel para mujer,249900,189900,https://www.liverpool.com.mx/tienda/pdp/bolsa hobo hj hinojosa de piel para mujer/1110496474?skuid=1110496474,Bolsa hobo de piel para mujer
Suburbia,HPC POLO,Bolsa para mujer,119900,89500,https://www.suburbia.com.mx/tienda/pdp/bolsa hpc polo para mujer/1173353444?skuid=1173353444,Bolsa para mujer
Suburbia,HPC POLO,Bolsa para mujer,119900,79700,https://www.suburbia.com.mx/tienda/pdp/bolsa hpc polo para mujer/1174163649?skuid=1174163649,Bolsa para mujer
Suburbia,Suburbia,Bolsa rigida globo estrella,399,399,https://shasa.com/products/bolsa rigida globo estrella?&fromnostocategory=true,Bolsa rigida globo estrella
Suburbia,Suburbia,Bolsa rigida globo estrella,349,399,https://shasa.com/products/bolsa rigida globo estrella?&fromnostocategory=true,Bolsa rigida globo estrella
Suburbia,Suburbia,Bolsa rigida metalica,499,499,https://shasa.com/products/bolsa rigida metalica 1?&fromnostocategory=true,Bolsa rigida metalica
Suburbia,Suburbia,Bolsa rigida metalica,499,499,https://shasa.com/products/bolsa rigida metalica 1?&fromnostocategory=true,Bolsa rigida metalica
Liverpool,WESTIES,bolsa satchel westies houtarou para mujer,189900,132930,https://www.liverpool.com.mx/tienda/pdp/bolsa satchel westies houtarou para mujer/1185779351?skuid=1185779374,bolsa satchel westies houtarou para mujer
Suburbia,Suburbia,Bolsa Sobre Cadena Brillos,499,499,https://shasa.com/products/bolsa sobre cadena brillos?&fromnostocategory=true,Bolsa Sobre Cadena Brillos
Suburbia,Suburbia,Bolsa Sobre Cadena Brillos,199,499,https://shasa.com/products/bolsa sobre cadena brillos?&fromnostocategory=true,Bolsa Sobre Cadena Brillos
Suburbia,WEEKEND,Bolsa tote para mujer,49900,49900,https://www.suburbia.com.mx/tienda/pdp/bolsa tote weekend para mujer/sb5012387483?skuid=sb5012387492,Bolsa tote para mujer
Suburbia,HUSER,Bolsa tote para mujer,79900,79900,https://www.suburbia.com.mx/tienda/pdp/bolsa tote huser para mujer/sb5014233319?skuid=sb5014233336,Bolsa tote para mujer
Liverpool,XTELLAR,Bolsa tote para mujer,123500,78937,https://www.liverpool.com.mx/tienda/pdp/bolsa tote xtellar para mujer/1188713421?skuid=1188713421,Bolsa tote para mujer
Suburbia,XTELLAR,Bolsa tote para mujer,123500,78874,https://www.suburbia.com.mx/tienda/pdp/bolsa tote xtellar para mujer/1188713421?skuid=1188713421,Bolsa tote para mujer
Suburbia,OLIVIA NEMI,Bolsa tote Plussa de cuero unisex,,300000,https://www.suburbia.com.mx/tienda/pdp/bolsa tote olivia nemi plussa de cuero unisex/99990957189?skuid=1187416996,Bolsa tote Plussa de cuero unisex
Liverpool,WESTIES,bolsa tote westies houtarou para mujer,147900,103530,https://www.liverpool.com.mx/tienda/pdp/bolsa tote westies houtarou para mujer/1185780146?skuid=1185780160,bolsa tote westies houtarou para mujer
Suburbia,Suburbia,Bolso Tote Capitonado Cremalleras,499,499,https://shasa.com/products/bolso tote capitonado cremalleras 1?&fromnostocategory=true,Bolso Tote Capitonado Cremalleras
Suburbia,Suburbia,Bolso Tote Capitonado Cremalleras,499,499,https://shasa.com/products/bolso tote capitonado cremalleras 1?&fromnostocategory=true,Bolso Tote Capitonado Cremalleras
Suburbia,Suburbia,Cartera charm cerezas,249,249,https://shasa.com/products/cartera charm cerezas 1?&fromnostocategory=true,Cartera charm cerezas
Suburbia,Suburbia,Cartera charm cerezas,249,249,https://shasa.com/products/cartera charm cerezas 1?&fromnostocategory=true,Cartera charm cerezas
Suburbia,Suburbia,cartera midi simple,199,199,https://shasa.com/products/cartera midi broches laterales 4?&fromnostocategory=true,cartera midi simple
Suburbia,Suburbia,cartera midi simple,499,199,https://shasa.com/products/cartera midi broches laterales 4?&fromnostocategory=true,cartera midi simple
Suburbia,Suburbia,Cartera pequeña jaladera,199,199,https://shasa.com/products/cartera pequena jaladera 1?&fromnostocategory=true,Cartera pequeña jaladera
Suburbia,Suburbia,Cartera pequeña jaladera,599,199,https://shasa.com/products/cartera pequena jaladera 1?&fromnostocategory=true,Cartera pequeña jaladera
