Pagina,Marca,Producto,Precio anterior,Precio actual,Reseñas / Rating,Colores,Link,Texto completo
2,1818,Bolsa tote para mujer,,59900,,Negro | Rosa | Lila | Verde,https://www.liverpool.com.mx/tienda/pdp/bolsa tote 1818 para mujer/99994448980?skuid=1193609186,1818 | Bolsa tote para mujer | $59900
6,ADIDAS ORIGINALS,Bolsa shoulder W L Ess Pouch para mujer,,44900,,Café,https://www.liverpool.com.mx/tienda/pdp/bolsa shoulder adidas originals w l ess pouch para mujer/1192111133?skuid=1192111133,ADIDAS ORIGINALS | Bolsa shoulder W L Ess Pouch para mujer | $44900
9,ADOLFO DOMINGUEZ,Bolsa bandolera para mujer,359000,287200,,Negro,https://www.liverpool.com.mx/tienda/pdp/bolsa bandolera adolfo dominguez para mujer/1192628811?skuid=1192628811,"ADOLFO DOMINGUEZ | Bolsa bandolera para mujer | $3,59000 | $2,87200"
6,ADORN,Bolsa tote para mujer,49400,42956,1,Beige,https://www.liverpool.com.mx/tienda/pdp/bolsa tote adorn para mujer/1176288597?skuid=1176288597,ADORN | Bolsa tote para mujer | $49400 | $42956 | (1)
10,ANGELOZANO,Bolsa tote Set Soraya de piel para mujer,518100,310800,,Rosa | Azul | Rojo | Negro,https://www.liverpool.com.mx/tienda/pdp/bolsa tote angelozano set soraya de piel para mujer/99975316219?skuid=1162386375,"ANGELOZANO | Bolsa tote Set Soraya de piel para mujer | $5,18100 | $3,10800"
7,BASHA,Bolsa tote Ivana para mujer,139900,94900,18,Multicolor,https://www.liverpool.com.mx/tienda/pdp/bolsa tote basha ivana para mujer/1123305848?skuid=1123305848,"BASHA | Bolsa tote Ivana para mujer | $1,39900 | $94900 | (18)"
7,BASHA,Bolsa tote Baúl Bambú para mujer,129900,94900,6,Multicolor,https://www.liverpool.com.mx/tienda/pdp/bolsa tote basha ba%C3%BAl bamb%C3%BA para mujer/1140301473?skuid=1140301473,"BASHA | Bolsa tote Baúl Bambú para mujer | $1,29900 | $94900 | (6)"
4,BUBBA,Bolsa crossbody Victoria para mujer,119900,65945,,Negro | Verde,https://www.liverpool.com.mx/tienda/pdp/bolsa crossbody bubba victoria para mujer/99988992591?skuid=1184241893,"BUBBA | Bolsa crossbody Victoria para mujer | $1,19900 | $65945"
4,BUBBA,Bolsa tote para mujer,,109900,,Amarillo | Gris | Rosa,https://www.liverpool.com.mx/tienda/pdp/bolsa tote bubba para mujer/99994701587?skuid=1194254497,"BUBBA | Bolsa tote para mujer | $1,09900"
7,BUBBA,Bolsa crossbody Canvas para mujer,64900,51920,1,Rosa | Camel,https://www.liverpool.com.mx/tienda/pdp/bolsa crossbody bubba canvas para mujer/99988992509?skuid=1184223062,BUBBA | Bolsa crossbody Canvas para mujer | $64900 | $51920 | (1)
10,BY MEXICO,Bolsa tote Totebag México para mujer,42000,38000,,Beige,https://www.liverpool.com.mx/tienda/pdp/bolsa tote by mexico totebag m%C3%A9xico para mujer/1153843275?skuid=1153843275,BY MEXICO | Bolsa tote Totebag México para mujer | $42000 | $38000
2,CALVIN KLEIN,Bolsa crossbody para mujer,364900,182450,,Negro,https://www.liverpool.com.mx/tienda/pdp/bolsa crossbody calvin klein para mujer/1184679174?skuid=1184679180,"CALVIN KLEIN | Bolsa crossbody para mujer | $3,64900 | $1,82450"
5,CALVIN KLEIN,Bolsa tote para mujer,,299900,,Beige,https://www.liverpool.com.mx/tienda/pdp/bolsa tote calvin klein para mujer/1190036274?skuid=1190036274,"CALVIN KLEIN | Bolsa tote para mujer | $2,99900"
7,CALVIN KLEIN,Bolsa crossbody Hailey para mujer,,259900,29,Multicolor,https://www.liverpool.com.mx/tienda/pdp/bolsa crossbody calvin klein hailey para mujer/1141550302?skuid=1141550302,"CALVIN KLEIN | Bolsa crossbody Hailey para mujer | $2,59900 | (29)"
7,CALVIN KLEIN,Bolsa crossbody de mujer,,269900,1,Negro | Rosa | Café,https://www.liverpool.com.mx/tienda/pdp/bolsa crossbody calvin klein de mujer/1189791665?skuid=1189791671,"CALVIN KLEIN | Bolsa crossbody de mujer | $2,69900 | (1)"
7,CALVIN KLEIN,Bolsa shoulder para mujer,,259900,1,Dorado,https://www.liverpool.com.mx/tienda/pdp/bolsa shoulder calvin klein para mujer/1188658392?skuid=1188658403,"CALVIN KLEIN | Bolsa shoulder para mujer | $2,59900 | (1)"
7,CALVIN KLEIN,Bolsa crossbody para mujer,,289900,,Rosa,https://www.liverpool.com.mx/tienda/pdp/bolsa crossbody calvin klein para mujer/1184590545?skuid=1184590545,"CALVIN KLEIN | Bolsa crossbody para mujer | $2,89900"
9,CALVIN KLEIN,Bolsa crossbody para mujer,,314900,,Blanco | Negro,https://www.liverpool.com.mx/tienda/pdp/bolsa crossbody calvin klein para mujer/1189791631?skuid=1189791646,"CALVIN KLEIN | Bolsa crossbody para mujer | $3,14900"
10,CALVIN KLEIN,Bolsa crossbody para mujer,157900,110530 157900,1,Beige | Negro,https://www.liverpool.com.mx/tienda/pdp/bolsa crossbody calvin klein para mujer/1184679255?skuid=1184679261,"CALVIN KLEIN | Bolsa crossbody para mujer | $1,57900 | $1,10530   $1,57900 | (1)"
10,CALVIN KLEIN,Bolsa shoulder para mujer,,299900,2,Negro,https://www.liverpool.com.mx/tienda/pdp/bolsa shoulder calvin klein para mujer/1147068383?skuid=1147068383,"CALVIN KLEIN | Bolsa shoulder para mujer | $2,99900 | (2)"
1,CLOE,Bolsa tote Gritylia para mujer,,139900,6,Negro,https://www.liverpool.com.mx/tienda/pdp/bolsa tote cloe gritylia para mujer/1180118038?skuid=1180118043,"CLOE | Bolsa tote Gritylia para mujer | $1,39900 | (6)"
3,CLOE,Bolsa tote Gritylia para mujer,,119900,7,Café,https://www.liverpool.com.mx/tienda/pdp/bolsa tote cloe gritylia para mujer/1180117996?skuid=1180118019,"CLOE | Bolsa tote Gritylia para mujer | $1,19900 | (7)"
4,COOL CAPITAL,Bolsa tote Cool Capital Fuji para mujer,99900,66900,1,Verde,https://www.liverpool.com.mx/tienda/pdp/bolsa tote cool capital fuji para mujer/9999632784?skuid=1187705432,COOL CAPITAL | Bolsa tote Cool Capital Fuji para mujer | $99900 | $66900 | (1)
5,COOL CAPITAL,Bolsa crossbody Kora para mujer,49900,36900,,Café,https://www.liverpool.com.mx/tienda/pdp/bolsa crossbody cool capital kora para mujer/1185806592?skuid=1185806592,COOL CAPITAL | Bolsa crossbody Kora para mujer | $49900 | $36900
10,DKNY,Bolsa satchel para mujer,,269900,1,Negro,https://www.liverpool.com.mx/tienda/pdp/bolsa satchel dkny para mujer/1190927349?skuid=1190927349,"DKNY | Bolsa satchel para mujer | $2,69900 | (1)"
8,FOSSIL,Bolsa tote Jessie de piel para mujer,1077050,828500,,Negro,https://www.liverpool.com.mx/tienda/pdp/bolsa tote fossil jessie de piel para mujer/1177391545?skuid=1177391545,"FOSSIL | Bolsa tote Jessie de piel para mujer | $10,77050 | $8,28500"
8,GANNI,Bolsa crossbody para mujer,142900,114320,,Negro,https://www.liverpool.com.mx/tienda/pdp/bolsa crossbody ganni para mujer/1136617873?skuid=1136617873,"GANNI | Bolsa crossbody para mujer | $1,42900 | $1,14320"
2,GAP,Bolsa tote para mujer,149900,127415,,Rosa | Verde | Azul,https://www.liverpool.com.mx/tienda/pdp/bolsa tote para mujer/1188524485?skuid=1188524491,"GAP | Bolsa tote para mujer | $1,49900 | $1,27415"
1,GENERICA,Bolsa tote para mujer,109900,55000,,Negro,https://www.liverpool.com.mx/tienda/pdp/bolsa tote generica para mujer/1194598030?skuid=1194598030,"GENERICA | Bolsa tote para mujer | $1,09900 | $55000"
2,GENERICA,Bolsa tote para mujer,99900,89910,,Negro,https://www.liverpool.com.mx/tienda/pdp/bolsa tote generica para mujer/1194599575?skuid=1194599575,GENERICA | Bolsa tote para mujer | $99900 | $89910
3,GENERICA,Bolsa shoulder para mujer,45000,38700,,Negro | Rosa | Plateado,https://www.liverpool.com.mx/tienda/pdp/bolsa shoulder generica para mujer/99994937383?skuid=1194923372,GENERICA | Bolsa shoulder para mujer | $45000 | $38700
4,GENERICA,Bolsa tote para mujer,129900,69900,,Negro,https://www.liverpool.com.mx/tienda/pdp/bolsa tote generica para mujer/1194607691?skuid=1194607691,"GENERICA | Bolsa tote para mujer | $1,29900 | $69900"
7,GENERICA,Bolsa crossbody de cuero para mujer,189900,170909,1,Negro,https://www.liverpool.com.mx/tienda/pdp/bolsa crossbody generica de cuero para mujer/1194607667?skuid=1194607667,"GENERICA | Bolsa crossbody de cuero para mujer | $1,89900 | $1,70909 | (1)"
8,GENERICA,Bolsa tote para mujer,90000,80999,,Negro,https://www.liverpool.com.mx/tienda/pdp/bolsa tote generica para mujer/1194782949?skuid=1194782949,GENERICA | Bolsa tote para mujer | $90000 | $80999
1,GENÉRICA,Set de bolsas Genérica para mujer,99900,60000,,Negro,https://www.liverpool.com.mx/tienda/pdp/set/bolsa crossbody gen%C3%A9rica no aplica no aplica de mezcla de materiales para (si aplica) mujer/9991032809?skuid=1197614940,GENÉRICA | Set de bolsas Genérica para mujer | $99900 | $60000
2,Genérica,Bolsa tote de cuero para mujer,,66313,7,Azul,https://www.liverpool.com.mx/tienda/pdp/bolsa tote gen%C3%A9rica de cuero para mujer/1153517700?skuid=1153517700,Genérica | Bolsa tote de cuero para mujer | $66313 | (7)
2,Genérica,Bolsa tote para mujer,79900 179900,69182 139909,1,Negro | Café,https://www.liverpool.com.mx/tienda/pdp/bolsa tote gen%C3%A9rica para mujer/99967519142?skuid=1149284156,"Genérica | Bolsa tote para mujer | $79900   $1,79900 | $69182   $1,39909 | (1)"
3,GENÉRICA,Bolsa crossbody para mujer,88300,56014,12,Azul,https://www.liverpool.com.mx/tienda/pdp/bolsa crossbody gen%C3%A9rica para mujer/1153284209?skuid=1153284209,GENÉRICA | Bolsa crossbody para mujer | $88300 | $56014 | (12)
3,Genérica,Bolsa messenger para mujer,116500,66271,33,Multicolor,https://www.liverpool.com.mx/tienda/pdp/bolsa messenger gen%C3%A9rica para mujer/1154434913?skuid=1154434913,"Genérica | Bolsa messenger para mujer | $1,16500 | $66271 | (33)"
4,Genérica,Bolsa bandolera para mujer,104800,93161,4,Negro,https://www.liverpool.com.mx/tienda/pdp/bolsa bandolera gen%C3%A9rica para mujer/1155423524?skuid=1155423524,"Genérica | Bolsa bandolera para mujer | $1,04800 | $93161 | (4)"
4,Genérica,Bolsa tote para mujer,120000 166400,108000 149760,3,Negro | Café,https://www.liverpool.com.mx/tienda/pdp/bolsa tote gen%C3%A9rica para mujer/99967518104?skuid=1149278491,"Genérica | Bolsa tote para mujer | $1,20000   $1,66400 | $1,08000   $1,49760 | (3)"
4,Genérica,Bolsa crossbody Universal de cuero para mujer,179900,92776,23,Negro,https://www.liverpool.com.mx/tienda/pdp/bolsa crossbody gen%C3%A9rica universal de cuero para mujer/1150478070?skuid=1150478070,"Genérica | Bolsa crossbody Universal de cuero para mujer | $1,79900 | $92776 | (23)"
4,Genérica,Bolsa crossbody de cuero para mujer,112600,66807,3,Rosa,https://www.liverpool.com.mx/tienda/pdp/bolsa crossbody gen%C3%A9rica de cuero para mujer/1155325301?skuid=1155325301,"Genérica | Bolsa crossbody de cuero para mujer | $1,12600 | $66807 | (3)"
4,Genérica,Bolsa crossbody Bolsa Con Broche De Mariposa para mujer,,56191,20,Blanco,https://www.liverpool.com.mx/tienda/pdp/bolsa crossbody gen%C3%A9rica bolsa con broche de mariposa para mujer/1149309566?skuid=1149309566,Genérica | Bolsa crossbody Bolsa Con Broche De Mariposa para mujer | $56191 | (20)
5,Genérica,Bolsa tote para mujer,,61169,38,Rosa,https://www.liverpool.com.mx/tienda/pdp/bolsa tote gen%C3%A9rica para mujer/1137292285?skuid=1137292285,Genérica | Bolsa tote para mujer | $61169 | (38)
7,Genérica,Bolsa tote Bolsa Broche Corazón para mujer,,78960,30,Negro,https://www.liverpool.com.mx/tienda/pdp/bolsa tote gen%C3%A9rica bolsa broche coraz%C3%B3n para mujer/1143440181?skuid=1143440181,Genérica | Bolsa tote Bolsa Broche Corazón para mujer | $78960 | (30)
7,Genérica,Bolsa tote Kit Moda Casual para mujer,129900 150000,109912 126648,1,Blanco | Café,https://www.liverpool.com.mx/tienda/pdp/bolsa tote gen%C3%A9rica kit moda casual para mujer/99960932343?skuid=1139587401,"Genérica | Bolsa tote Kit Moda Casual para mujer | $1,29900   $1,50000 | $1,09912   $1,26648 | (1)"
9,GENÉRICA,Bolsa crossbody para mujer,94700,66203,4,Negro,https://www.liverpool.com.mx/tienda/pdp/bolsa crossbody gen%C3%A9rica para mujer/1152881785?skuid=1152881785,GENÉRICA | Bolsa crossbody para mujer | $94700 | $66203 | (4)
9,Genérica,Bolsa crossbody para mujer,,79875,4,Rojo,https://www.liverpool.com.mx/tienda/pdp/bolsa crossbody gen%C3%A9rica para mujer/1156058111?skuid=1156058111,Genérica | Bolsa crossbody para mujer | $79875 | (4)
10,Genérica,Bolsa crossbody para mujer,229900,137779,6,Café,https://www.liverpool.com.mx/tienda/pdp/bolsa crossbody gen%C3%A9rica para mujer/1150206665?skuid=1150206665,"Genérica | Bolsa crossbody para mujer | $2,29900 | $1,37779 | (6)"
1,GUESS,Bolsa crossbody Sunetra para mujer,137900,96530,3,Amarillo,https://www.liverpool.com.mx/tienda/pdp/bolsa crossbody guess sunetra para mujer/1183178015?skuid=1183178543,"GUESS | Bolsa crossbody Sunetra para mujer | $1,37900 | $96530 | (3)"
1,GUESS,Bolsa satchel Noelle II para mujer,,259000,4,Negro | Café,https://www.liverpool.com.mx/tienda/pdp/bolsa satchel guess noelle ii para mujer/1187936046?skuid=1187936051,"GUESS | Bolsa satchel Noelle II para mujer | $2,59000 | (4)"
1,GUESS,Bolsa satchel Noelle II para mujer,,259000,1,Beige | Azul,https://www.liverpool.com.mx/tienda/pdp/bolsa satchel guess noelle ii para mujer/1191296115?skuid=1191296121,"GUESS | Bolsa satchel Noelle II para mujer | $2,59000 | (1)"
1,GUESS,Bolsa shoulder Noelle II para mujer,,239000,,Blanco,https://www.liverpool.com.mx/tienda/pdp/bolsa shoulder guess noelle ii para mujer/1191129152?skuid=1191129152,"GUESS | Bolsa shoulder Noelle II para mujer | $2,39000"
1,GUESS,Bolsa tote Meridian Ii para mujer,,299000,3,Negro,https://www.liverpool.com.mx/tienda/pdp/bolsa tote guess meridian ii para mujer/1182632062?skuid=1182632062,"GUESS | Bolsa tote Meridian Ii para mujer | $2,99000 | (3)"
1,GUESS,Bolsa tote Jane para mujer,217900,152530,,Café,https://www.liverpool.com.mx/tienda/pdp/bolsa tote guess jane para mujer/1182637300?skuid=1182637625,"GUESS | Bolsa tote Jane para mujer | $2,17900 | $1,52530"
2,GUESS,Bolsa shoulder Lyndi para mujer,,199000,1,Café | Negro,https://www.liverpool.com.mx/tienda/pdp/bolsa shoulder guess lyndi para mujer/1191010009?skuid=1191010015,"GUESS | Bolsa shoulder Lyndi para mujer | $1,99000 | (1)"
2,GUESS,Bolsa tote Valla para mujer,232900,163030,,Negro | Beige,https://www.liverpool.com.mx/tienda/pdp/bolsa tote guess valla para mujer/1182639515?skuid=1182639521,"GUESS | Bolsa tote Valla para mujer | $2,32900 | $1,63030"
3,GUESS,Bolsa crossbody Noelle Ii para mujer,,229000,2,Negro | Rojo | Café,https://www.liverpool.com.mx/tienda/pdp/bolsa crossbody guess noelle ii para mujer/1182640475?skuid=1182640481,"GUESS | Bolsa crossbody Noelle Ii para mujer | $2,29000 | (2)"
3,GUESS,Bolsa tote Noelle Ii para mujer,,289000,2,Negro,https://www.liverpool.com.mx/tienda/pdp/bolsa tote guess noelle ii para mujer/1182632666?skuid=1182632666,"GUESS | Bolsa tote Noelle Ii para mujer | $2,89000 | (2)"
3,GUESS,Bolsa shoulder Noelle Ii para mujer,,239000,6,Café | Negro,https://www.liverpool.com.mx/tienda/pdp/bolsa shoulder guess noelle ii para mujer/1182638314?skuid=1182639326,"GUESS | Bolsa shoulder Noelle Ii para mujer | $2,39000 | (6)"
3,GUESS,Bolsa shoulder Isobel para mujer,,199000,,Negro | Blanco,https://www.liverpool.com.mx/tienda/pdp/bolsa shoulder guess isobel para mujer/1191010084?skuid=1191010091,"GUESS | Bolsa shoulder Isobel para mujer | $1,99000"
3,GUESS,Bolsa tote Victtoria para mujer,,289000,,Negro | Café,https://www.liverpool.com.mx/tienda/pdp/bolsa tote guess victtoria para mujer/1183788611?skuid=1183789526,"GUESS | Bolsa tote Victtoria para mujer | $2,89000"
3,GUESS,Bolsa satchel para mujer,,289000,1,Café | Negro | Rosa | Beige,https://www.liverpool.com.mx/tienda/pdp/bolsa satchel guess para mujer/1191008764?skuid=1191008771,"GUESS | Bolsa satchel para mujer | $2,89000 | (1)"
4,GUESS,Set de bolsas Latona II para mujer,,249000,1,Café,https://www.liverpool.com.mx/tienda/pdp/set de bolsas guess latona ii para mujer/1187374860?skuid=1187374860,"GUESS | Set de bolsas Latona II para mujer | $2,49000 | (1)"
4,GUESS,Bolsa satchel Noelle II para mujer,,259000,,Blanco,https://www.liverpool.com.mx/tienda/pdp/bolsa satchel guess noelle ii para mujer/1191296156?skuid=1191296156,"GUESS | Bolsa satchel Noelle II para mujer | $2,59000"
4,GUESS,Bolsa satchel Dea para mujer,217900,152530,1,Negro,https://www.liverpool.com.mx/tienda/pdp/bolsa satchel guess dea para mujer/1182632526?skuid=1182632526,"GUESS | Bolsa satchel Dea para mujer | $2,17900 | $1,52530 | (1)"
4,GUESS,Bolsa tote Latona Ii para mujer,,249000,5,Negro,https://www.liverpool.com.mx/tienda/pdp/bolsa tote guess latona ii para mujer/1182632054?skuid=1182632054,"GUESS | Bolsa tote Latona Ii para mujer | $2,49000 | (5)"
5,GUESS,Bolsa crossbody Evie para mujer,,249000,1,Verde | Café | Negro,https://www.liverpool.com.mx/tienda/pdp/bolsa crossbody guess evie para mujer/1187375176?skuid=1187375181,"GUESS | Bolsa crossbody Evie para mujer | $2,49000 | (1)"
5,GUESS,Bolsa tote Isola para mujer,,299000,6,Café | Negro,https://www.liverpool.com.mx/tienda/pdp/bolsa tote guess isola para mujer/1187375044?skuid=1187375068,"GUESS | Bolsa tote Isola para mujer | $2,99000 | (6)"
5,GUESS,Bolsa satchel Noelle Ii para mujer,,319000,1,Multicolor | Café,https://www.liverpool.com.mx/tienda/pdp/bolsa satchel guess noelle ii para mujer/1177284319?skuid=1177284323,"GUESS | Bolsa satchel Noelle Ii para mujer | $3,19000 | (1)"
6,GUESS,Bolsa tote Eco Gemma para mujer,,329000,4,Negro,https://www.liverpool.com.mx/tienda/pdp/bolsa tote guess eco gemma para mujer/1169796579?skuid=1169796579,"GUESS | Bolsa tote Eco Gemma para mujer | $3,29000 | (4)"
7,GUESS,Bolsa tote Power Play Ii para mujer,,339000,1,Negro | Café,https://www.liverpool.com.mx/tienda/pdp/bolsa tote guess power play ii para mujer/1182640980?skuid=1182640995,"GUESS | Bolsa tote Power Play Ii para mujer | $3,39000 | (1)"
7,GUESS,Bolsa crossbody Atabey para mujer,,269000,,Blanco | Verde | Negro,https://www.liverpool.com.mx/tienda/pdp/bolsa crossbody guess atabey para mujer/1187360993?skuid=1187361008,"GUESS | Bolsa crossbody Atabey para mujer | $2,69000"
7,GUESS,Bolsa satchel Noelle II para mujer,,319000,,Café | Negro,https://www.liverpool.com.mx/tienda/pdp/bolsa satchel guess noelle ii para mujer/1191009604?skuid=1191009611,"GUESS | Bolsa satchel Noelle II para mujer | $3,19000"
8,GUESS,Bolsa satchel Melinda para mujer,,349000,,Café,https://www.liverpool.com.mx/tienda/pdp/bolsa satchel guess melinda para mujer/1186399969?skuid=1186399982,"GUESS | Bolsa satchel Melinda para mujer | $3,49000"
8,GUESS,Bolsa satchel Leona Logo para mujer,,309000,,Café | Negro,https://www.liverpool.com.mx/tienda/pdp/bolsa satchel guess leona logo para mujer/1191005030?skuid=1191005046,"GUESS | Bolsa satchel Leona Logo para mujer | $3,09000"
9,GUESS,Bolsa satchel Brenton para mujer,,299000,13,Beige,https://www.liverpool.com.mx/tienda/pdp/bolsa satchel guess brenton para mujer/1169795828?skuid=1169795858,"GUESS | Bolsa satchel Brenton para mujer | $2,99000 | (13)"
9,GUESS,Bolsa shoulder Noelle Ii para mujer,,239000,4,Multicolor | Negro,https://www.liverpool.com.mx/tienda/pdp/bolsa shoulder guess noelle ii para mujer/1177282898?skuid=1177282908,"GUESS | Bolsa shoulder Noelle Ii para mujer | $2,39000 | (4)"
9,GUESS,Bolsa satchel Libby para mujer,,319000,,Negro | Café | Blanco,https://www.liverpool.com.mx/tienda/pdp/bolsa satchel guess libby para mujer/1191004408?skuid=1191004414,"GUESS | Bolsa satchel Libby para mujer | $3,19000"
10,GUESS,Bolsa hobo Darcy para mujer,,309000,,Café | Beige,https://www.liverpool.com.mx/tienda/pdp/bolsa hobo guess darcy para mujer/1191043241?skuid=1191043258,"GUESS | Bolsa hobo Darcy para mujer | $3,09000"
10,GUESS,Bolsa satchel Lyndi para mujer,,269000,,Beige,https://www.liverpool.com.mx/tienda/pdp/bolsa satchel guess lyndi para mujer/1191009726?skuid=1191009726,"GUESS | Bolsa satchel Lyndi para mujer | $2,69000"
10,GUESS,Bolsa crossbody Anise para mujer,,229000,,Rojo | Negro | Verde,https://www.liverpool.com.mx/tienda/pdp/bolsa crossbody guess anise para mujer/1191004807?skuid=1191004813,"GUESS | Bolsa crossbody Anise para mujer | $2,29000"
10,GUESS,Bolsa satchel Noelle II para mujer,,319000,1,Negro,https://www.liverpool.com.mx/tienda/pdp/bolsa satchel guess noelle ii para mujer/1187936035?skuid=1187936035,"GUESS | Bolsa satchel Noelle II para mujer | $3,19000 | (1)"
10,GUESS,Bolsa satchel Noelle Ii para mujer,,319000,2,Negro,https://www.liverpool.com.mx/tienda/pdp/bolsa satchel guess noelle ii para mujer/1185067285?skuid=1185067285,"GUESS | Bolsa satchel Noelle Ii para mujer | $3,19000 | (2)"
10,GUESS,Bolsa crossbody Noelle II para mujer,,269000,,Café | Azul | Negro,https://www.liverpool.com.mx/tienda/pdp/bolsa crossbody guess noelle ii para mujer/1191004700?skuid=1191004716,"GUESS | Bolsa crossbody Noelle II para mujer | $2,69000"
10,GUESS,Bolsa crossbody Latona Ii para mujer,,249000,2,Negro,https://www.liverpool.com.mx/tienda/pdp/bolsa crossbody guess latona ii para mujer/1177283661?skuid=1177283661,"GUESS | Bolsa crossbody Latona Ii para mujer | $2,49000 | (2)"
7,HJ HINOJOSA,Bolsa hobo de piel para mujer,249900,189900,3,,https://www.liverpool.com.mx/tienda/pdp/bolsa hobo hj hinojosa de piel para mujer/1110496474?skuid=1110496474,"HJ HINOJOSA | Bolsa hobo de piel para mujer | $2,49900 | $1,89900 | (3)"
1,HPC POLO,Bolsa crossbody para mujer,69900,44900,,Negro | Azul | Beige | Rosa,https://www.liverpool.com.mx/tienda/pdp/bolsa crossbody hpc polo para mujer/99982932862?skuid=1173500323,HPC POLO | Bolsa crossbody para mujer | $69900 | $44900
1,HPC POLO,Bolsa crossbody para mujer,99900,49900,1,Blanco,https://www.liverpool.com.mx/tienda/pdp/bolsa crossbody hpc polo para mujer/1156460814?skuid=1156460814,HPC POLO | Bolsa crossbody para mujer | $99900 | $49900 | (1)
9,HPC POLO,Bolsa crossbody para mujer,109900,74300,1,Rosa | Verde,https://www.liverpool.com.mx/tienda/pdp/bolsa crossbody hpc polo para mujer/99983039970?skuid=1173651097,"HPC POLO | Bolsa crossbody para mujer | $1,09900 | $74300 | (1)"
9,HPC POLO,Bolsa crossbody para mujer,109900,55000,4,Blanco,https://www.liverpool.com.mx/tienda/pdp/backpack crossbody hpc polo para mujer/1131835708?skuid=1131835708,"HPC POLO | Bolsa crossbody para mujer | $1,09900 | $55000 | (4)"
3,HUSER,Bolsa tote MKPL2022 para mujer,90870,55900,2,Rojo | Negro | Café,https://www.liverpool.com.mx/tienda/pdp/bolsa tote huser mkpl2022 para mujer/9951130312?skuid=1130005523,HUSER | Bolsa tote MKPL2022 para mujer | $90870 | $55900 | (2)
3,HUSER,Bolsa crossbody MKPL2022 para mujer,90870,55900,3,Rojo | Azul | Rosa | Café | Negro,https://www.liverpool.com.mx/tienda/pdp/bolsa crossbody huser mkpl2022 para mujer/9951546406?skuid=1130282675,HUSER | Bolsa crossbody MKPL2022 para mujer | $90870 | $55900 | (3)
10,INVIGORATE,Bolsa tote para mujer,52700,45826,1,Beige,https://www.liverpool.com.mx/tienda/pdp/bolsa tote invigorate para mujer/1176289593?skuid=1176289593,INVIGORATE | Bolsa tote para mujer | $52700 | $45826 | (1)
1,JENNYFER,Bolsa tote Jennyfer para mujer,119900,66900,26,Negro | Rosa | Blanco,https://www.liverpool.com.mx/tienda/pdp/bolsa tote jennyfer jennyfer para mujer/9942902810?skuid=1125168651,"JENNYFER | Bolsa tote Jennyfer para mujer | $1,19900 | $66900 | (26)"
10,KIPLING,Bolsa crossbody Defea Deep Black para mujer,359900,287900,4,Negro,https://www.liverpool.com.mx/tienda/pdp/bolsa crossbody kipling defea deep black para mujer/1185883252?skuid=1185883252,"KIPLING | Bolsa crossbody Defea Deep Black para mujer | $3,59900 | $2,87900 | (4)"
7,K SWISS,Bolsa satchel Trendy para mujer,142300,94724,,Rosa,https://www.liverpool.com.mx/tienda/pdp/bolsa satchel k swiss trendy para mujer/99993783549?skuid=1192726880,"K SWISS | Bolsa satchel Trendy para mujer | $1,42300 | $94724"
1,LAB.G,Bolsa tote de cuero para mujer,179900,66341,122,Beige,https://www.liverpool.com.mx/tienda/pdp/bolsa tote lab.g de cuero para mujer/1132598840?skuid=1132598840,"LAB.G | Bolsa tote de cuero para mujer | $1,79900 | $66341 | (122)"
2,LAB.G,Bolsa crossbody para mujer,100000,40998,,Negro,https://www.liverpool.com.mx/tienda/pdp/bolsa crossbody lab.g para mujer/1184152661?skuid=1184152661,"LAB.G | Bolsa crossbody para mujer | $1,00000 | $40998"
2,LAB.G,Bolsa crossbody para mujer,102200,54954,3,Negro,https://www.liverpool.com.mx/tienda/pdp/bolsa crossbody lab.g para mujer/1182441224?skuid=1182441224,"LAB.G | Bolsa crossbody para mujer | $1,02200 | $54954 | (3)"
4,LAB.G,Bolsa crossbody para mujer,89900,51361,7,Negro,https://www.liverpool.com.mx/tienda/pdp/bolsa crossbody lab.g para mujer/1131026095?skuid=1131026095,LAB.G | Bolsa crossbody para mujer | $89900 | $51361 | (7)
5,LAB.G,Bolsa satchel para mujer,99900,41616,1,Rojo,https://www.liverpool.com.mx/tienda/pdp/bolsa satchel lab.g para mujer/1183936057?skuid=1183936057,LAB.G | Bolsa satchel para mujer | $99900 | $41616 | (1)
6,LAB.G,Bolsa crossbody para mujer,,70417,2,Negro,https://www.liverpool.com.mx/tienda/pdp/bolsa crossbody lab.g para mujer/1179310259?skuid=1179310259,LAB.G | Bolsa crossbody para mujer | $70417 | (2)
7,LAB.G,Bolsa shopper para mujer,,113309,1,Café,https://www.liverpool.com.mx/tienda/pdp/bolsa shopper lab.g para mujer/1179815806?skuid=1179815806,"LAB.G | Bolsa shopper para mujer | $1,13309 | (1)"
7,LAB.G,Bolsa crossbody para mujer,,75000,1,Café,https://www.liverpool.com.mx/tienda/pdp/bolsa crossbody lab.g para mujer/1180075093?skuid=1180075093,LAB.G | Bolsa crossbody para mujer | $75000 | (1)
10,LAB.G,Bolsa bandolera para mujer,,91354,1,Blanco,https://www.liverpool.com.mx/tienda/pdp/bolsa bandolera lab.g para mujer/1151211468?skuid=1151211468,LAB.G | Bolsa bandolera para mujer | $91354 | (1)
4,LACOSTE,Bolsa shopper Spring Summer 24 para mujer,,319000,24,Azul,https://www.liverpool.com.mx/tienda/pdp/bolsa shopper lacoste spring summer 24 para mujer/1072880170?skuid=1072880184,"LACOSTE | Bolsa shopper Spring Summer 24 para mujer | $3,19000 | (24)"
5,LAUREN RALPH LAUREN,Bolsa tote de piel para mujer,,479000,1,Negro,https://www.liverpool.com.mx/tienda/pdp/bolsa tote lauren ralph lauren de piel para mujer/1191749004?skuid=1191749011,"LAUREN RALPH LAUREN | Bolsa tote de piel para mujer | $4,79000 | (1)"
10,LAUREN RALPH LAUREN,Bolsa satchel de piel para mujer,,629000,1,Negro | Café,https://www.liverpool.com.mx/tienda/pdp/bolsa satchel lauren ralph lauren de piel para mujer/1173193700?skuid=1173193714,"LAUREN RALPH LAUREN | Bolsa satchel de piel para mujer | $6,29000 | (1)"
3,LIKEPINK,Bolsa shoulder Pinky Fashion para mujer,111200,96090,4,Café,https://www.liverpool.com.mx/tienda/pdp/bolsa shoulder likepink pinky fashion para mujer/1170619648?skuid=1170619648,"LIKEPINK | Bolsa shoulder Pinky Fashion para mujer | $1,11200 | $96090 | (4)"
8,LIKEPINK,Bolsa tote Pinkysport para mujer,131900,117321,1,Rosa,https://www.liverpool.com.mx/tienda/pdp/bolsa tote likepink pinkysport para mujer/1160930035?skuid=1160930035,"LIKEPINK | Bolsa tote Pinkysport para mujer | $1,31900 | $1,17321 | (1)"
1,LIKËPINK,Bolsa shoulder India Trivu de cuero para mujer,,65942,49,Negro,https://www.liverpool.com.mx/tienda/pdp/bolsa shoulder lik%C3%ABpink india trivu de cuero para mujer/1146202850?skuid=1146202850,LIKËPINK | Bolsa shoulder India Trivu de cuero para mujer | $65942 | (49)
1,LIKËPINK,Bolsa tote Set De Bolsas de cuero para mujer,,54558,69,Gris,https://www.liverpool.com.mx/tienda/pdp/bolsa tote lik%C3%ABpink set de bolsas de cuero para mujer/1142286633?skuid=1142286633,LIKËPINK | Bolsa tote Set De Bolsas de cuero para mujer | $54558 | (69)
1,LIKËPINK,Bolsa de cuero para mujer,113400,63542,85,,https://www.liverpool.com.mx/tienda/pdp/bolsa lik%C3%ABpink de cuero para mujer/1143810166?skuid=1143810166,"LIKËPINK | Bolsa de cuero para mujer | $1,13400 | $63542 | (85)"
3,LIKËPINK,Bolsa crossbody de cuero para mujer,,62223,36,Gris,https://www.liverpool.com.mx/tienda/pdp/bolsa crossbody lik%C3%ABpink de cuero para mujer/1145557069?skuid=1145557069,LIKËPINK | Bolsa crossbody de cuero para mujer | $62223 | (36)
4,LIKËPINK,Bolsa crossbody Cruzadas Moda para mujer,103500,55837,68,Negro,https://www.liverpool.com.mx/tienda/pdp/bolsa crossbody lik%C3%ABpink cruzadas moda para mujer/1146112907?skuid=1146112907,"LIKËPINK | Bolsa crossbody Cruzadas Moda para mujer | $1,03500 | $55837 | (68)"
4,LIKËPINK,Bolsa tote Chic Elegance para mujer,,71200,6,Rosa,https://www.liverpool.com.mx/tienda/pdp/bolsa tote lik%C3%ABpink chic elegance para mujer/1148607814?skuid=1148607814,LIKËPINK | Bolsa tote Chic Elegance para mujer | $71200 | (6)
5,LIKËPINK,Bolsa bandolera Fashion And Style para mujer,111900,48655,17,Azul,https://www.liverpool.com.mx/tienda/pdp/bolsa bandolera lik%C3%ABpink fashion and style para mujer/1145542436?skuid=1145542436,"LIKËPINK | Bolsa bandolera Fashion And Style para mujer | $1,11900 | $48655 | (17)"
5,LIKËPINK,Bolsa tote Chic Elegance para mujer,123800,104748,26,Azul,https://www.liverpool.com.mx/tienda/pdp/bolsa tote lik%C3%ABpink chic elegance para mujer/1148608322?skuid=1148608322,"LIKËPINK | Bolsa tote Chic Elegance para mujer | $1,23800 | $1,04748 | (26)"
7,LIKËPINK,Bolsa tote para mujer,,70510,29,Blanco,https://www.liverpool.com.mx/tienda/pdp/bolsa tote lik%C3%ABpink para mujer/1143507862?skuid=1143507862,LIKËPINK | Bolsa tote para mujer | $70510 | (29)
7,LIKËPINK,Bolsa bandolera Fashion And Style de cuero para mujer,111900,92207,30,Negro,https://www.liverpool.com.mx/tienda/pdp/bolsa bandolera lik%C3%ABpink fashion and style de cuero para mujer/1145476867?skuid=1145476867,"LIKËPINK | Bolsa bandolera Fashion And Style de cuero para mujer | $1,11900 | $92207 | (30)"
10,LOADING,Bolsa crossbody para mujer,,42900,,Multicolor,https://www.liverpool.com.mx/tienda/pdp/bolsa crossbody loading para mujer/1181872941?skuid=1181872957,LOADING | Bolsa crossbody para mujer | $42900
1,LOVER,Bolsa tote con mascada colgante,119900,66900,4,Azul | Negro,https://www.liverpool.com.mx/tienda/pdp/bolsa tote lover con mascada colgante/23451649?skuid=1102602958,"LOVER | Bolsa tote con mascada colgante | $1,19900 | $66900 | (4)"
2,LOVER,Bolsa tote para mujer,119900,66900,2,Azul,https://www.liverpool.com.mx/tienda/pdp/bolsa tote lover para mujer/99968204354?skuid=1150321677,"LOVER | Bolsa tote para mujer | $1,19900 | $66900 | (2)"
3,LOVER,Bolsa bowler para mujer,109900,61900,50,Azul,https://www.liverpool.com.mx/tienda/pdp/bolsa bowler lover para mujer/9934971644?skuid=1116558030,"LOVER | Bolsa bowler para mujer | $1,09900 | $61900 | (50)"
3,LOVER,Bolsa crossbody para mujer,109900,60900,1,Negro | Café,https://www.liverpool.com.mx/tienda/pdp/bolsa crossbody lover para mujer/29167119?skuid=1110270832,"LOVER | Bolsa crossbody para mujer | $1,09900 | $60900 | (1)"
3,LOVER,Bolsa tote para mujer,119900,68900,1,Negro | Camel,https://www.liverpool.com.mx/tienda/pdp/bolsa tote lover para mujer/99981816917?skuid=1171812701,"LOVER | Bolsa tote para mujer | $1,19900 | $68900 | (1)"
3,LOVER,Bolsa crossbody para mujer,89900,65900,,Rosa | Camel,https://www.liverpool.com.mx/tienda/pdp/bolsa crossbody lover para mujer/99984776185?skuid=1177039311,LOVER | Bolsa crossbody para mujer | $89900 | $65900
5,LOVER,Bolsa tote para mujer,119900,69900,,Rosa | Camel,https://www.liverpool.com.mx/tienda/pdp/bolsa tote lover para mujer/99984772975?skuid=1177035773,"LOVER | Bolsa tote para mujer | $1,19900 | $69900"
6,LOVER,Bolsa crossbody Lover para mujer,109900,64900,63,Azul | Negro | Rosa,https://www.liverpool.com.mx/tienda/pdp/bolsa crossbody lover lover para mujer/9945480708?skuid=1126497071,"LOVER | Bolsa crossbody Lover para mujer | $1,09900 | $64900 | (63)"
6,LOVER,Bolsa crossbody 2022 para mujer,99900,59900,22,Verde | Negro | Azul,https://www.liverpool.com.mx/tienda/pdp/bolsa crossbody lover 2022 para mujer/9948858652?skuid=1128543186,LOVER | Bolsa crossbody 2022 para mujer | $99900 | $59900 | (22)
7,LOVER,Bolsa crossbody Lover para mujer,99900,59900,,Negro | Café,https://www.liverpool.com.mx/tienda/pdp/bolsa crossbody lover lover para mujer/9944375252?skuid=1125903483,LOVER | Bolsa crossbody Lover para mujer | $99900 | $59900
8,LOVER,Bolsa crossbody Nacional para mujer,119900,64900,,Blanco,https://www.liverpool.com.mx/tienda/pdp/bolsa crossbody lover nacional para mujer/1187057872?skuid=1187057872,"LOVER | Bolsa crossbody Nacional para mujer | $1,19900 | $64900"
8,LOVER,Bolsa crossbody Lovër para mujer,109900,62900,2,Negro,https://www.liverpool.com.mx/tienda/pdp/bolsa crossbody lover lov%C3%ABr para mujer/1164123703?skuid=1164123703,"LOVER | Bolsa crossbody Lovër para mujer | $1,09900 | $62900 | (2)"
9,LOVER,Bolsa crossbody para mujer,109900,74900,,Blanco,https://www.liverpool.com.mx/tienda/pdp/bolsa crossbody lover para mujer/1179830911?skuid=1179830911,"LOVER | Bolsa crossbody para mujer | $1,09900 | $74900"
10,LOVER,Bolsa satchel Nacional para mujer,119900,64900,,Negro,https://www.liverpool.com.mx/tienda/pdp/bolsa satchel lover nacional para mujer/1187057848?skuid=1187057848,"LOVER | Bolsa satchel Nacional para mujer | $1,19900 | $64900"
3,LUCKYLY,Bolsa crossbody Amara para mujer,91900,67900,,Verde | Beige | Negro,https://www.liverpool.com.mx/tienda/pdp/bolsa crossbody luckyly amara para mujer/99990105267?skuid=1185672847,LUCKYLY | Bolsa crossbody Amara para mujer | $91900 | $67900
7,LUCKYLY,Bolsa crossbody Nubia para mujer,99900,59900,,Negro,https://www.liverpool.com.mx/tienda/pdp/bolsa crossbody luckyly nubia para mujer/99973620055?skuid=1160605215,LUCKYLY | Bolsa crossbody Nubia para mujer | $99900 | $59900
7,LUCKYLY,Bolsa tote para mujer,144900,92900,12,Beige | Rosa | Negro,https://www.liverpool.com.mx/tienda/pdp/bolsa tote luckyly para mujer/9941297358?skuid=1123593401,"LUCKYLY | Bolsa tote para mujer | $1,44900 | $92900 | (12)"
8,LUCKYLY,Bolsa crossbody Siena para mujer,86900,69900,,Beige | Negro,https://www.liverpool.com.mx/tienda/pdp/bolsa crossbody luckyly siena para mujer/99990110049?skuid=1185672871,LUCKYLY | Bolsa crossbody Siena para mujer | $86900 | $69900
10,LUCKYLY,Bolsa crossbody Luxe para mujer,92900,67900,,Rosa | Negro,https://www.liverpool.com.mx/tienda/pdp/bolsa crossbody luckyly luxe para mujer/99990092290?skuid=1185672821,LUCKYLY | Bolsa crossbody Luxe para mujer | $92900 | $67900
7,MERENDOLA,Bolsa tote para mujer,,9900,6,Rosa,https://www.liverpool.com.mx/tienda/pdp/bolsa tote merendola para mujer/1147706754?skuid=1147706754,MERENDOLA | Bolsa tote para mujer | $9900 | (6)
4,MICKEY AND FRIENDS,Bolsa tote Disney Mickey Mouse para mujer,,39900,13,Multicolor,https://www.liverpool.com.mx/tienda/pdp/bolsa tote mickey and friends disney mickey mouse para mujer/1162073423?skuid=1162073423,MICKEY AND FRIENDS | Bolsa tote Disney Mickey Mouse para mujer | $39900 | (13)
4,MOON & SELF,Bolsa crossbody para mujer,119900,89900,,Café | Rosa | Negro | Blanco,https://www.liverpool.com.mx/tienda/pdp/bolsa crossbody moon & self para mujer/99993665496?skuid=1192280270,"MOON & SELF | Bolsa crossbody para mujer | $1,19900 | $89900"
7,MOON & SELF,Bolsa crossbody para mujer,99900,69900,,Rosa,https://www.liverpool.com.mx/tienda/pdp/bolsa crossbody moon & self para mujer/99993665489?skuid=1192280903,MOON & SELF | Bolsa crossbody para mujer | $99900 | $69900
10,MOON & SELF,"""set/bolsa"" crossbody no aplica no aplica ""de"" cuero ""para"" (si aplica) mujer",119900,84900,1,Rosa | Negro,https://www.liverpool.com.mx/tienda/pdp/bolsa crossbody moon & self de cuero para mujer/99995228151?skuid=1195257635,"MOON & SELF | ""set/bolsa"" crossbody no aplica no aplica ""de"" cuero ""para"" (si aplica) mujer | $1,19900 | $84900 | (1)"
4,MOTOLA,Bolsa crossbody Crossbody Caimán para mujer,186000 215000,164873 167400,,Negro | Beige | Rojo,https://www.liverpool.com.mx/tienda/pdp/bolsa crossbody motola crossbody caim%C3%A1n para mujer/99979285985?skuid=1168442544,"MOTOLA | Bolsa crossbody Crossbody Caimán para mujer | $1,86000   $2,15000 | $1,64873   $1,67400"
6,NINE WEST,Bolsa satchel para mujer,209900,178400,,Negro | Café,https://www.liverpool.com.mx/tienda/pdp/bolsa satchel nine west para mujer/99990056781?skuid=1185558602,"NINE WEST | Bolsa satchel para mujer | $2,09900 | $1,78400"
6,NINE WEST,Bolsa satchel Koralie para mujer,229900,195400,,Beige | Azul,https://www.liverpool.com.mx/tienda/pdp/%22set/bolsa%22 satchel nine west koralie no aplica %22de%22 sint%C3%A9tico %22para%22 (si aplica) mujer/99996165180?skuid=1197115897,"NINE WEST | Bolsa satchel Koralie para mujer | $2,29900 | $1,95400"
6,NINE WEST,Bolsa tote para mujer,209900,178400,,Café,https://www.liverpool.com.mx/tienda/pdp/bolsa tote nine west para mujer/99986993248?skuid=1181128239,"NINE WEST | Bolsa tote para mujer | $2,09900 | $1,78400"
7,NINE WEST,Bolsa crossbody Eloisse para mujer,209900,178400,2,Beige,https://www.liverpool.com.mx/tienda/pdp/bolsa crossbody nine west eloisse para mujer/1188434645?skuid=1188434645,"NINE WEST | Bolsa crossbody Eloisse para mujer | $2,09900 | $1,78400 | (2)"
7,NINE WEST,Bolsa tote Eastyn para mujer,209900,178400,,Blanco,https://www.liverpool.com.mx/tienda/pdp/bolsa tote nine west eastyn para mujer/99988045558?skuid=1182617535,"NINE WEST | Bolsa tote Eastyn para mujer | $2,09900 | $1,78400"
7,NINE WEST,Bolsa tote Pauline para mujer,229900,195400,,Negro,https://www.liverpool.com.mx/tienda/pdp/bolsa tote nine west pauline para mujer/1186035522?skuid=1186035522,"NINE WEST | Bolsa tote Pauline para mujer | $2,29900 | $1,95400"
7,NINE WEST,Bolsa Crossbody Galilee para mujer,199900,169900,,Negro,https://www.liverpool.com.mx/tienda/pdp/bolsa crossbody nine west galilee para mujer/1190261413?skuid=1190261413,"NINE WEST | Bolsa Crossbody Galilee para mujer | $1,99900 | $1,69900"
8,NINE WEST,Bolsa shoulder para mujer,189900,161400,,Beige,https://www.liverpool.com.mx/tienda/pdp/bolsa shoulder nine west para mujer/1185521539?skuid=1185521539,"NINE WEST | Bolsa shoulder para mujer | $1,89900 | $1,61400"
8,NINE WEST,Bolsa crossbody para mujer,169900,144400,,Negro,https://www.liverpool.com.mx/tienda/pdp/bolsa crossbody nine west para mujer/99986993272?skuid=1181083880,"NINE WEST | Bolsa crossbody para mujer | $1,69900 | $1,44400"
8,NINE WEST,Bolsa crossbody Gertrude para mujer,169900,144400,,Multicolor,https://www.liverpool.com.mx/tienda/pdp/bolsa crossbody nine west gertrude para mujer/1189202071?skuid=1189202071,"NINE WEST | Bolsa crossbody Gertrude para mujer | $1,69900 | $1,44400"
8,NINE WEST,Bolsa crossbody Lyra para mujer,199900,169900,,Khaki,https://www.liverpool.com.mx/tienda/pdp/bolsa crossbody nine west lyra para mujer/1186995399?skuid=1186995399,"NINE WEST | Bolsa crossbody Lyra para mujer | $1,99900 | $1,69900"
9,NINE WEST,Bolsa satchel Donella para mujer,209900,178400,,Negro,https://www.liverpool.com.mx/tienda/pdp/bolsa satchel nine west donella para mujer/1177390280?skuid=1177390280,"NINE WEST | Bolsa satchel Donella para mujer | $2,09900 | $1,78400"
9,NINE WEST,Bolsa crossbody para mujer,189900,161400,,Negro,https://www.liverpool.com.mx/tienda/pdp/bolsa crossbody nine west para mujer/99986993283?skuid=1181085424,"NINE WEST | Bolsa crossbody para mujer | $1,89900 | $1,61400"
10,NINE WEST,Bolsa tote para mujer,179900,152900,,Negro | Verde,https://www.liverpool.com.mx/tienda/pdp/bolsa tote nine west para mujer/99986778396?skuid=1180534225,"NINE WEST | Bolsa tote para mujer | $1,79900 | $1,52900"
10,NINE WEST,Bolsa satchel Lilibet para mujer,209900,178400,,Negro,https://www.liverpool.com.mx/tienda/pdp/bolsa satchel nine west lilibet para mujer/99993984420?skuid=1192689593,"NINE WEST | Bolsa satchel Lilibet para mujer | $2,09900 | $1,78400"
10,NINE WEST,Bolsa satchel Magdalina para mujer,209900,178400,,Multicolor,https://www.liverpool.com.mx/tienda/pdp/bolsa satchel nine west magdalina para mujer/1190551926?skuid=1190551926,"NINE WEST | Bolsa satchel Magdalina para mujer | $2,09900 | $1,78400"
1,OLIMBA,Bolsa tote para mujer,109900,59900,10,Beige | Rosa | Café | Verde | Azul | Gris,https://www.liverpool.com.mx/tienda/pdp/bolsa tote olimba para mujer/99985081541?skuid=1177710284,"OLIMBA | Bolsa tote para mujer | $1,09900 | $59900 | (10)"
1,OLIMBA,Bolsa satchel para mujer,129900,64900,1,Negro | Rosa | Café | Amarillo,https://www.liverpool.com.mx/tienda/pdp/bolsa satchel olimba para mujer/99993047026?skuid=1191321894,"OLIMBA | Bolsa satchel para mujer | $1,29900 | $64900 | (1)"
1,OLIMBA,Bolsa tote para mujer,129900,64900,,Azul | Blanco | Café,https://www.liverpool.com.mx/tienda/pdp/bolsa tote olimba para mujer/99993527837?skuid=1192305281,"OLIMBA | Bolsa tote para mujer | $1,29900 | $64900"
1,OLIMBA,Bolsa tote para mujer,129900,44900,,Negro | Beige,https://www.liverpool.com.mx/tienda/pdp/bolsa tote olimba para mujer/99992007537?skuid=1189201342,"OLIMBA | Bolsa tote para mujer | $1,29900 | $44900"
1,OLIMBA,Bolsa tote para mujer,139900,69900,,Negro | Verde,https://www.liverpool.com.mx/tienda/pdp/bolsa tote olimba para mujer/99993527862?skuid=1192931971,"OLIMBA | Bolsa tote para mujer | $1,39900 | $69900"
1,OLIMBA,Bolsa tote para mujer,119900,59950,2,Azul | Negro | Beige | Café,https://www.liverpool.com.mx/tienda/pdp/bolsa tote olimba para mujer/99985081536?skuid=1177710616,"OLIMBA | Bolsa tote para mujer | $1,19900 | $59950 | (2)"
1,OLIMBA,Bolsa tote para mujer,119900,59950,1,Azul | Beige | Café,https://www.liverpool.com.mx/tienda/pdp/bolsa tote olimba para mujer/99985081528?skuid=1177710101,"OLIMBA | Bolsa tote para mujer | $1,19900 | $59950 | (1)"
1,OLIMBA,Bolsa tote para mujer,109900,49900,2,Blanco | Café | Gris | Rosa,https://www.liverpool.com.mx/tienda/pdp/bolsa tote olimba para mujer/99987685687?skuid=1182279524,"OLIMBA | Bolsa tote para mujer | $1,09900 | $49900 | (2)"
1,OLIMBA,Bolsa tote para mujer,129900,59900,,Azul | Negro | Rosa | Café | Naranja,https://www.liverpool.com.mx/tienda/pdp/bolsa tote olimba para mujer/99986436032?skuid=1180048924,"OLIMBA | Bolsa tote para mujer | $1,29900 | $59900"
1,OLIMBA,Bolsa tote para mujer,129900,64900,1,Negro | Azul | Café | Verde | Morado,https://www.liverpool.com.mx/tienda/pdp/bolsa tote olimba para mujer/99993047018?skuid=1191322581,"OLIMBA | Bolsa tote para mujer | $1,29900 | $64900 | (1)"
1,OLIMBA,Bolsa tote para mujer,129900,64950,,Negro | Blanco | Café | Lila | Gris,https://www.liverpool.com.mx/tienda/pdp/bolsa tote olimba para mujer/99990935984?skuid=1187427416,"OLIMBA | Bolsa tote para mujer | $1,29900 | $64950"
1,OLIMBA,Bolsa satchel para mujer,129900,64900,,Beige | Café | Negro | Azul,https://www.liverpool.com.mx/tienda/pdp/bolsa satchel olimba para mujer/99994908346?skuid=1194989802,"OLIMBA | Bolsa satchel para mujer | $1,29900 | $64900"
1,OLIMBA,Bolsa satchel para mujer,129900,64950,2,Azul | Negro | Rosa | Café | Rojo,https://www.liverpool.com.mx/tienda/pdp/bolsa satchel olimba para mujer/99992007555?skuid=1189201067,"OLIMBA | Bolsa satchel para mujer | $1,29900 | $64950 | (2)"
1,OLIMBA,Bolsa hobo para mujer,129900,64900,1,Negro | Azul | Amarillo,https://www.liverpool.com.mx/tienda/pdp/bolsa hobo olimba para mujer/99993527840?skuid=1192248449,"OLIMBA | Bolsa hobo para mujer | $1,29900 | $64900 | (1)"
1,OLIMBA,Bolsa hobo para mujer,129900,64900,,Azul | Negro | Beige | Café,https://www.liverpool.com.mx/tienda/pdp/bolsa hobo olimba para mujer/99993527825?skuid=1192721322,"OLIMBA | Bolsa hobo para mujer | $1,29900 | $64900"
1,OLIMBA,Bolsa tote para mujer,119900,59950,,Azul | Rosa | Verde,https://www.liverpool.com.mx/tienda/pdp/bolsa tote olimba para mujer/99985081534?skuid=1177711221,"OLIMBA | Bolsa tote para mujer | $1,19900 | $59950"
1,OLIMBA,Bolsa hobo para mujer,129900,64950,1,Negro | Blanco,https://www.liverpool.com.mx/tienda/pdp/bolsa hobo olimba para mujer/99990935987?skuid=1187428196,"OLIMBA | Bolsa hobo para mujer | $1,29900 | $64950 | (1)"
1,OLIMBA,Bolsa crossbody para mujer,129900,64900,,Azul | Negro | Beige | Café,https://www.liverpool.com.mx/tienda/pdp/bolsa crossbody olimba para mujer/99993047052?skuid=1191467155,"OLIMBA | Bolsa crossbody para mujer | $1,29900 | $64900"
1,OLIMBA,Bolsa satchel para mujer,129900,64950,,Azul | Negro | Rosa | Verde | Gris,https://www.liverpool.com.mx/tienda/pdp/bolsa satchel olimba para mujer/99986436023?skuid=1179958143,"OLIMBA | Bolsa satchel para mujer | $1,29900 | $64950"
1,OLIMBA,Bolsa tote para mujer,139900,70000,,Negro | Verde | Café | Rojo,https://www.liverpool.com.mx/tienda/pdp/bolsa tote olimba para mujer/99994908336?skuid=1194991548,"OLIMBA | Bolsa tote para mujer | $1,39900 | $70000"
1,OLIMBA,Bolsa tote para mujer,129800 129900,64950,,Negro | Azul | Rosa | Café | Rojo,https://www.liverpool.com.mx/tienda/pdp/bolsa tote olimba para mujer/99990935976?skuid=1187293258,"OLIMBA | Bolsa tote para mujer | $1,29800   $1,29900 | $64950"
1,OLIMBA,Bolsa hobo para mujer,139900,69900,,Negro | Azul | Café | Verde,https://www.liverpool.com.mx/tienda/pdp/bolsa hobo olimba para mujer/99993527884?skuid=1192931009,"OLIMBA | Bolsa hobo para mujer | $1,39900 | $69900"
2,OLIMBA,Bolsa tote para mujer,129900,64950,1,Negro | Azul | Café | Lila | Gris,https://www.liverpool.com.mx/tienda/pdp/bolsa tote olimba para mujer/99992007545?skuid=1189201547,"OLIMBA | Bolsa tote para mujer | $1,29900 | $64950 | (1)"
2,OLIMBA,Bolsa crossbody para mujer,129900,64900,1,Azul | Negro | Blanco | Café,https://www.liverpool.com.mx/tienda/pdp/bolsa crossbody olimba para mujer/99993047028?skuid=1191323111,"OLIMBA | Bolsa crossbody para mujer | $1,29900 | $64900 | (1)"
2,OLIMBA,Bolsa tote para mujer,129900,64950,2,Negro | Azul | Café,https://www.liverpool.com.mx/tienda/pdp/bolsa tote olimba para mujer/99992007541?skuid=1189201431,"OLIMBA | Bolsa tote para mujer | $1,29900 | $64950 | (2)"
2,OLIMBA,Bolsa satchel para mujer,119900,59950,,Morado | Azul | Negro | Café | Verde,https://www.liverpool.com.mx/tienda/pdp/bolsa satchel olimba para mujer/99986436041?skuid=1180360073,"OLIMBA | Bolsa satchel para mujer | $1,19900 | $59950"
2,OLIMBA,Bolsa clutch para mujer,129900,64950,,Amarillo | Negro | Azul | Rosa | Café,https://www.liverpool.com.mx/tienda/pdp/bolsa clutch olimba para mujer/99992007554?skuid=1189199381,"OLIMBA | Bolsa clutch para mujer | $1,29900 | $64950"
2,OLIMBA,Bolsa satchel para mujer,109900,49900,,Rosa | Café | Azul | Negro,https://www.liverpool.com.mx/tienda/pdp/bolsa satchel olimba para mujer/99986436036?skuid=1180360774,"OLIMBA | Bolsa satchel para mujer | $1,09900 | $49900"
2,OLIMBA,Bolsa clutch para mujer,129900,59900,2,Azul | Negro | Blanco | Rosa,https://www.liverpool.com.mx/tienda/pdp/bolsa clutch olimba para mujer/99992007526?skuid=1189200095,"OLIMBA | Bolsa clutch para mujer | $1,29900 | $59900 | (2)"
2,OLIMBA,Bolsa satchel para mujer,119900,59950,1,Azul | Negro | Verde | Café,https://www.liverpool.com.mx/tienda/pdp/bolsa satchel olimba para mujer/99990343516?skuid=1186377369,"OLIMBA | Bolsa satchel para mujer | $1,19900 | $59950 | (1)"
2,OLIMBA,Bolsa tote para mujer,139900,64900,,Azul | Negro | Café | Gris,https://www.liverpool.com.mx/tienda/pdp/bolsa tote olimba para mujer/99993527881?skuid=1192311230,"OLIMBA | Bolsa tote para mujer | $1,39900 | $64900"
2,OLIMBA,Bolsa clutch para mujer,129900,64950,1,Azul | Negro,https://www.liverpool.com.mx/tienda/pdp/bolsa clutch olimba para mujer/99992007523?skuid=1189128963,"OLIMBA | Bolsa clutch para mujer | $1,29900 | $64950 | (1)"
2,OLIMBA,Bolsa satchel para mujer,99900,44900,1,Negro | Café | Verde | Azul | Morado,https://www.liverpool.com.mx/tienda/pdp/bolsa satchel olimba para mujer/99986436033?skuid=1180001731,OLIMBA | Bolsa satchel para mujer | $99900 | $44900 | (1)
2,OLIMBA,Bolsa tote para mujer,139900,69900,2,Verde,https://www.liverpool.com.mx/tienda/pdp/bolsa tote olimba para mujer/99993527830?skuid=1193001935,"OLIMBA | Bolsa tote para mujer | $1,39900 | $69900 | (2)"
2,OLIMBA,Bolsa hobo para mujer,129800,64950,1,Negro | Azul | Rosa | Café | Verde | Rojo,https://www.liverpool.com.mx/tienda/pdp/bolsa hobo olimba para mujer/99990935974?skuid=1187287681,"OLIMBA | Bolsa hobo para mujer | $1,29800 | $64950 | (1)"
2,OLIMBA,Bolsa satchel para mujer,119900,49900,,Amarillo,https://www.liverpool.com.mx/tienda/pdp/bolsa satchel olimba para mujer/99990343521?skuid=1186378039,"OLIMBA | Bolsa satchel para mujer | $1,19900 | $49900"
3,OLIMBA,Bolsa hobo para mujer,129900,64950,,Azul,https://www.liverpool.com.mx/tienda/pdp/bolsa hobo olimba para mujer/99990935981?skuid=1187293762,"OLIMBA | Bolsa hobo para mujer | $1,29900 | $64950"
3,OLIMBA,Backpack para mujer,109900,44900,1,Negro | Café,https://www.liverpool.com.mx/tienda/pdp/backpack olimba para mujer/99977108494?skuid=1165966623,"OLIMBA | Backpack para mujer | $1,09900 | $44900 | (1)"
3,OLIMBA,Bolsa satchel para mujer,129900,64950,1,Azul | Café,https://www.liverpool.com.mx/tienda/pdp/bolsa satchel olimba para mujer/99990935977?skuid=1187293835,"OLIMBA | Bolsa satchel para mujer | $1,29900 | $64950 | (1)"
3,OLIMBA,Bolsa tote para mujer,119900,49900,1,Azul | Negro | Blanco | Rosa | Café,https://www.liverpool.com.mx/tienda/pdp/bolsa tote olimba para mujer/99987685690?skuid=1182279737,"OLIMBA | Bolsa tote para mujer | $1,19900 | $49900 | (1)"
3,OLIMBA,Bolsa crossbody para mujer,99900,44900,1,Azul | Café | Negro,https://www.liverpool.com.mx/tienda/pdp/bolsa crossbody olimba para mujer/99983614294?skuid=1175146594,OLIMBA | Bolsa crossbody para mujer | $99900 | $44900 | (1)
3,OLIMBA,Bolsa crossbody para mujer,109900,49900,,Rojo | Amarillo | Azul | Rosa | Café,https://www.liverpool.com.mx/tienda/pdp/bolsa crossbody olimba para mujer/99985081527?skuid=1177710071,"OLIMBA | Bolsa crossbody para mujer | $1,09900 | $49900"
4,OLIMBA,Bolsa hobo para mujer,129900,64950,2,Negro,https://www.liverpool.com.mx/tienda/pdp/bolsa hobo olimba para mujer/99990935983?skuid=1187426801,"OLIMBA | Bolsa hobo para mujer | $1,29900 | $64950 | (2)"
5,OLIMBA,Bolsa crossbody para mujer,119900,59950,,Negro | Rosa | Azul | Naranja | Gris | Rojo,https://www.liverpool.com.mx/tienda/pdp/bolsa crossbody olimba para mujer/99990343519?skuid=1186376800,"OLIMBA | Bolsa crossbody para mujer | $1,19900 | $59950"
5,OLIMBA,Bolsa crossbody para mujer,89900,40000,,Rojo,https://www.liverpool.com.mx/tienda/pdp/bolsa crossbody olimba para mujer/99975355424?skuid=1162842711,OLIMBA | Bolsa crossbody para mujer | $89900 | $40000
5,OLIMBA,Bolsa crossbody para mujer,109900,54950,1,Beige,https://www.liverpool.com.mx/tienda/pdp/bolsa crossbody olimba para mujer/99987685688?skuid=1182279583,"OLIMBA | Bolsa crossbody para mujer | $1,09900 | $54950 | (1)"
5,OLIMBA,Bolsa crossbody para mujer,109900,54950,,Azul | Negro | Beige | Café,https://www.liverpool.com.mx/tienda/pdp/bolsa crossbody olimba para mujer/99985081529?skuid=1177711043,"OLIMBA | Bolsa crossbody para mujer | $1,09900 | $54950"
5,OLIMBA,Bolsa crossbody para mujer,139900,69900,,Negro | Azul | Rosa | Café,https://www.liverpool.com.mx/tienda/pdp/bolsa crossbody olimba para mujer/99993527828?skuid=1192931343,"OLIMBA | Bolsa crossbody para mujer | $1,39900 | $69900"
5,OLIMBA,Bolsa hobo para mujer,129900,64900,2,Amarillo,https://www.liverpool.com.mx/tienda/pdp/bolsa hobo olimba para mujer/99993527847?skuid=1192246811,"OLIMBA | Bolsa hobo para mujer | $1,29900 | $64900 | (2)"
5,OLIMBA,Bolsa tote para mujer,109900,49900,1,Naranja,https://www.liverpool.com.mx/tienda/pdp/bolsa tote olimba para mujer/99985081535?skuid=1177710586,"OLIMBA | Bolsa tote para mujer | $1,09900 | $49900 | (1)"
6,OLIMBA,Bolsa crossbody para mujer,99900,39900,1,Azul | Café | Verde,https://www.liverpool.com.mx/tienda/pdp/bolsa crossbody olimba para mujer/99975355416?skuid=1162466468,OLIMBA | Bolsa crossbody para mujer | $99900 | $39900 | (1)
9,OLIMBA,Bolsa crossbody para mujer,119900,49900,1,Azul | Negro | Beige | Rosa | Café,https://www.liverpool.com.mx/tienda/pdp/bolsa crossbody olimba para mujer/99987685693?skuid=1182279168,"OLIMBA | Bolsa crossbody para mujer | $1,19900 | $49900 | (1)"
9,OLIMBA,Backpack para mujer,109900,40000,,Gris,https://www.liverpool.com.mx/tienda/pdp/backpack olimba para mujer/99984614410?skuid=1176954813,"OLIMBA | Backpack para mujer | $1,09900 | $40000"
9,OLIMBA,Bolsa satchel para mujer,109900,54950,,Rosa | Amarillo | Azul | Negro,https://www.liverpool.com.mx/tienda/pdp/bolsa satchel olimba para mujer/99986436038?skuid=1180360502,"OLIMBA | Bolsa satchel para mujer | $1,09900 | $54950"
9,OLIMBA,Bolsa crossbody para mujer,109900,49900,1,Azul | Negro | Rosa | Café | Amarillo,https://www.liverpool.com.mx/tienda/pdp/bolsa crossbody olimba para mujer/99987685691?skuid=1182279788,"OLIMBA | Bolsa crossbody para mujer | $1,09900 | $49900 | (1)"
9,OLIMBA,Bolsa tote para mujer,129900,59900,1,Azul,https://www.liverpool.com.mx/tienda/pdp/bolsa tote olimba para mujer/99986436025?skuid=1180048681,"OLIMBA | Bolsa tote para mujer | $1,29900 | $59900 | (1)"
10,OLIMBA,Bolsa para mujer,139900,44900,1,Rojo,https://www.liverpool.com.mx/tienda/pdp/bolsa olimba para mujer/99974239147?skuid=1160537996,"OLIMBA | Bolsa para mujer | $1,39900 | $44900 | (1)"
2,PARFOIS,Bolsa tote para mujer,,89900,,Camel | Gris,https://www.liverpool.com.mx/tienda/pdp/bolsa tote parfois para mujer/1194390228?skuid=1194390234,PARFOIS | Bolsa tote para mujer | $89900
3,PARFOIS,Bolsa crossbody para mujer,,79900,1,Beige | Negro,https://www.liverpool.com.mx/tienda/pdp/bolsa crossbody parfois para mujer/1194390074?skuid=1194390081,PARFOIS | Bolsa crossbody para mujer | $79900 | (1)
3,PARFOIS,Bolsa tote Bounce 2 para mujer,,79900,1,Negro,https://www.liverpool.com.mx/tienda/pdp/bolsa tote parfois bounce 2 para mujer/1191411470?skuid=1191411486,PARFOIS | Bolsa tote Bounce 2 para mujer | $79900 | (1)
4,PARFOIS,Bolsa shoulder Malva para mujer,,69900,,Gris | Camel | Khaki,https://www.liverpool.com.mx/tienda/pdp/bolsa shoulder parfois malva para mujer/1193265527?skuid=1193265533,PARFOIS | Bolsa shoulder Malva para mujer | $69900
7,PARFOIS,Bolsa crossbody Fame para mujer,,44900,,Camel,https://www.liverpool.com.mx/tienda/pdp/bolsa crossbody parfois fame para mujer/1186381661?skuid=1186381676,PARFOIS | Bolsa crossbody Fame para mujer | $44900
7,PARFOIS,Bolsa crossbody Cora de cuero para mujer,,99900,,Café | Camel,https://www.liverpool.com.mx/tienda/pdp/bolsa crossbody parfois cora de cuero para mujer/1191233172?skuid=1191233197,PARFOIS | Bolsa crossbody Cora de cuero para mujer | $99900
9,PARFOIS,Bolsa crossbody Frani para mujer,,79900,,Negro | Café | Multicolor,https://www.liverpool.com.mx/tienda/pdp/bolsa crossbody parfois frani para mujer/1192829800?skuid=1192829816,PARFOIS | Bolsa crossbody Frani para mujer | $79900
10,PARFOIS,Bolsa crossbody Zippers para mujer,,69900,,,https://www.liverpool.com.mx/tienda/pdp/bolsa crossbody parfois zippers para mujer/1193263257?skuid=1193263263,PARFOIS | Bolsa crossbody Zippers para mujer | $69900
10,PARFOIS,Bolsa crossbody Bounce 2 para mujer,,69900,,Negro,https://www.liverpool.com.mx/tienda/pdp/bolsa crossbody parfois bounce 2 para mujer/1191411364?skuid=1191411371,PARFOIS | Bolsa crossbody Bounce 2 para mujer | $69900
10,PARFOIS,Bolsa Bucket para mujer,,69900,1,Café | Camel | Negro | Verde,https://www.liverpool.com.mx/tienda/pdp/bolsa bucket parfois para mujer/1191232621?skuid=1191232638,PARFOIS | Bolsa Bucket para mujer | $69900 | (1)
10,PARFOIS,Bolsa Animal Print para mujer,,79900,,Verde,https://www.liverpool.com.mx/tienda/pdp/bolsa parfois animal print para mujer/1192625686?skuid=1192625692,PARFOIS | Bolsa Animal Print para mujer | $79900
9,PERRY ELLIS,Bolsa tote Alice para mujer,199900,109900,,Café,https://www.liverpool.com.mx/tienda/pdp/bolsa tote perry ellis alice para mujer/1131274978?skuid=1131274978,"PERRY ELLIS | Bolsa tote Alice para mujer | $1,99900 | $1,09900"
10,PERRY ELLIS,Bolsa tote Wren para mujer,189900,129900,1,Café,https://www.liverpool.com.mx/tienda/pdp/bolsa tote perry ellis wren para mujer/1160752129?skuid=1160752129,"PERRY ELLIS | Bolsa tote Wren para mujer | $1,89900 | $1,29900 | (1)"
5,PUMA,Bolsa crossbody Campus Sport para mujer,,89900,,Negro,https://www.liverpool.com.mx/tienda/pdp/bolsa crossbody puma campus sport para mujer/1190927055?skuid=1190927055,PUMA | Bolsa crossbody Campus Sport para mujer | $89900
6,PUMA,Bolsa crossbody Pop para mujer,,59900,1,Multicolor,https://www.liverpool.com.mx/tienda/pdp/bolsa crossbody puma pop para mujer/1190927098?skuid=1190927098,PUMA | Bolsa crossbody Pop para mujer | $59900 | (1)
9,PUMA,Bolsa crossbody Her para mujer,,69900,1,Negro,https://www.liverpool.com.mx/tienda/pdp/bolsa crossbody puma her para mujer/1190927241?skuid=1190927241,PUMA | Bolsa crossbody Her para mujer | $69900 | (1)
4,PUNT ROMA,Bolsa hobo para mujer,119900,101915,,Blanco,https://www.liverpool.com.mx/tienda/pdp/bolsa hobo punt roma para mujer/1191543571?skuid=1191543587,"PUNT ROMA | Bolsa hobo para mujer | $1,19900 | $1,01915"
4,PUNT ROMA,Bolsa bandolera para mujer,89900,76415,,,https://www.liverpool.com.mx/tienda/pdp/bolsa bandolera punt roma para mujer/1191542035?skuid=1191542041,PUNT ROMA | Bolsa bandolera para mujer | $89900 | $76415
2,TOMMY HILFIGER,Bolsa tote Popette para mujer,,199900,3,Azul,https://www.liverpool.com.mx/tienda/pdp/bolsa tote tommy hilfiger popette para mujer/1181612041?skuid=1181612041,"TOMMY HILFIGER | Bolsa tote Popette para mujer | $1,99900 | (3)"
4,TOMMY HILFIGER,Bolsa tote Im Latam Jacquard para mujer,,219900,4,Multicolor,https://www.liverpool.com.mx/tienda/pdp/bolsa tote tommy hilfiger im latam jacquard para mujer/1176398911?skuid=1176398911,"TOMMY HILFIGER | Bolsa tote Im Latam Jacquard para mujer | $2,19900 | (4)"
6,TOMMY HILFIGER,Bolsa crossbody Popette para mujer,,169900,1,Azul,https://www.liverpool.com.mx/tienda/pdp/bolsa crossbody tommy hilfiger popette para mujer/1181611011?skuid=1181611011,"TOMMY HILFIGER | Bolsa crossbody Popette para mujer | $1,69900 | (1)"
8,TOMMY HILFIGER,Bolsa crossbody Im Latam Jacquard para mujer,,159900,1,Multicolor,https://www.liverpool.com.mx/tienda/pdp/bolsa crossbody tommy hilfiger im latam jacquard para mujer/1176399046?skuid=1176399046,"TOMMY HILFIGER | Bolsa crossbody Im Latam Jacquard para mujer | $1,59900 | (1)"
3,TOTTO,Bolsa shopper Sicilia para mujer,120900,95900,,Negro,https://www.liverpool.com.mx/tienda/pdp/bolsa shopper totto sicilia para mujer/1194975445?skuid=1194975445,"TOTTO | Bolsa shopper Sicilia para mujer | $1,20900 | $95900"
7,UTHENTIC,Bolsa tote de piel para mujer,320000,249900 275000,1,Negro | Azul | Verde,https://www.liverpool.com.mx/tienda/pdp/bolsa tote uthentic de piel para mujer/99961159305?skuid=1139718085,"UTHENTIC | Bolsa tote de piel para mujer | $3,20000 | $2,49900   $2,75000 | (1)"
7,VEK,Bolsa tote línea 24 para mujer,118600,88950,,Gris | Rojo | Azul | Café | Negro,https://www.liverpool.com.mx/tienda/pdp/bolsa tote vek l%C3%ADnea 24 para mujer/99964974838?skuid=1145034201,"VEK | Bolsa tote línea 24 para mujer | $1,18600 | $88950"
10,VEK,Bolsa tote Línea 24 para mujer,118600,88950,1,Negro | Rojo | Verde | Azul | Gris,https://www.liverpool.com.mx/tienda/pdp/bolsa tote vek l%C3%ADnea 24 para mujer/99964762055?skuid=1144755762,"VEK | Bolsa tote Línea 24 para mujer | $1,18600 | $88950 | (1)"
1,WESTIES,Bolsa tote Killua para mujer,169900,144400,2,Negro,https://www.liverpool.com.mx/tienda/pdp/bolsa tote westies killua para mujer/1183792945?skuid=1183792951,"WESTIES | Bolsa tote Killua para mujer | $1,69900 | $1,44400 | (2)"
3,WESTIES,Bolsa satchel Killua para mujer,149900,127400,,Negro,https://www.liverpool.com.mx/tienda/pdp/bolsa satchel westies killua para mujer/1183780599?skuid=1183780600,"WESTIES | Bolsa satchel Killua para mujer | $1,49900 | $1,27400"
4,WESTIES,Bolsa tote para mujer,159900,135900 159900,1,Negro | Azul,https://www.liverpool.com.mx/tienda/pdp/bolsa tote westies para mujer/99987085717?skuid=1181085459,"WESTIES | Bolsa tote para mujer | $1,59900 | $1,35900   $1,59900 | (1)"
4,WESTIES,Bolsa satchel para mujer,149900,127400 149900,1,Gris | Negro | Beige,https://www.liverpool.com.mx/tienda/pdp/bolsa satchel westies para mujer/99987085713?skuid=1181075097,"WESTIES | Bolsa satchel para mujer | $1,49900 | $1,27400   $1,49900 | (1)"
5,WESTIES,Set de bolsas Ruhollah para mujer,169900,144400,,Café,https://www.liverpool.com.mx/tienda/pdp/set de bolsas westies ruhollah para mujer/1194060668?skuid=1194060668,"WESTIES | Set de bolsas Ruhollah para mujer | $1,69900 | $1,44400"
5,WESTIES,Bolsa satchel para mujer,169900,144400,,Negro,https://www.liverpool.com.mx/tienda/pdp/bolsa satchel westies para mujer/99993111351?skuid=1191097323,"WESTIES | Bolsa satchel para mujer | $1,69900 | $1,44400"
5,WESTIES,Bolsa satchel para mujer,189900,161400,,Beige,https://www.liverpool.com.mx/tienda/pdp/bolsa satchel westies para mujer/99990253697?skuid=1185934922,"WESTIES | Bolsa satchel para mujer | $1,89900 | $1,61400"
5,WESTIES,Bolsa satchel Dumi para mujer,129900,110400,,Café,https://www.liverpool.com.mx/tienda/pdp/bolsa satchel westies dumi para mujer/99992145272?skuid=1189402658,"WESTIES | Bolsa satchel Dumi para mujer | $1,29900 | $1,10400"
5,WESTIES,Bolsa satchel Mikasa para mujer,169900,144400,3,Negro,https://www.liverpool.com.mx/tienda/pdp/bolsa satchel westies mikasa para mujer/1185777994?skuid=1185779528,"WESTIES | Bolsa satchel Mikasa para mujer | $1,69900 | $1,44400 | (3)"
6,WESTIES,Bolsa tote Sabo para mujer,189900,161400,,Negro,https://www.liverpool.com.mx/tienda/pdp/bolsa tote westies sabo para mujer/99993984426?skuid=1192681266,"WESTIES | Bolsa tote Sabo para mujer | $1,89900 | $1,61400"
6,WESTIES,Bolsa crossbody bosco textil para mujer,,189900,35,Negro,https://www.liverpool.com.mx/tienda/pdp/bolsa crossbody mujer/1125058871?skuid=1125058899,"WESTIES | Bolsa crossbody bosco textil para mujer | $1,89900 | (35)"
7,WESTIES,Set de bolsas Ruhollah para mujer,149900,127400,,Café,https://www.liverpool.com.mx/tienda/pdp/set de bolsas westies ruhollah para mujer/1194058400?skuid=1194058400,"WESTIES | Set de bolsas Ruhollah para mujer | $1,49900 | $1,27400"
7,WESTIES,Bolsa crossbody para mujer,149900,127400,1,Azul,https://www.liverpool.com.mx/tienda/pdp/bolsa crossbody westies para mujer/99987085710?skuid=1181075089,"WESTIES | Bolsa crossbody para mujer | $1,49900 | $1,27400 | (1)"
7,WESTIES,Bolsa satchel Aether para mujer,169900,144400,,Rosa,https://www.liverpool.com.mx/tienda/pdp/bolsa satchel westies aether para mujer/99992631180?skuid=1190390442,"WESTIES | Bolsa satchel Aether para mujer | $1,69900 | $1,44400"
8,WESTIES,Bolsa tote para mujer,189900,161400,1,Negro | Beige,https://www.liverpool.com.mx/tienda/pdp/bolsa tote westies para mujer/99987085706?skuid=1181085432,"WESTIES | Bolsa tote para mujer | $1,89900 | $1,61400 | (1)"
9,WESTIES,Bolsa hobo para mujer,114900 189900,80430 161400,,Marfil | Negro,https://www.liverpool.com.mx/tienda/pdp/bolsa hobo westies para mujer/1185777897?skuid=1185777908,"WESTIES | Bolsa hobo para mujer | $1,14900   $1,89900 | $80430   $1,61400"
3,WÜND,Bolsa frame de cuero para mujer,,68737,20,Azul,https://www.liverpool.com.mx/tienda/pdp/bolsa frame w%C3%BCnd de cuero para mujer/1156895721?skuid=1156895721,WÜND | Bolsa frame de cuero para mujer | $68737 | (20)
5,WÜND,Bolsa crossbody para mujer,108800,96912,6,Negro,https://www.liverpool.com.mx/tienda/pdp/bolsa crossbody w%C3%BCnd para mujer/1159905442?skuid=1159905442,"WÜND | Bolsa crossbody para mujer | $1,08800 | $96912 | (6)"
5,WÜND,Bolsa tote para mujer,229900,94673,21,Negro,https://www.liverpool.com.mx/tienda/pdp/bolsa tote w%C3%BCnd para mujer/1157668915?skuid=1157668915,"WÜND | Bolsa tote para mujer | $2,29900 | $94673 | (21)"
7,WÜND,Bolsa shoulder para mujer,,67625,13,Café,https://www.liverpool.com.mx/tienda/pdp/bolsa shoulder w%C3%BCnd para mujer/1161795417?skuid=1161795417,WÜND | Bolsa shoulder para mujer | $67625 | (13)
7,WÜND,Bolsa bandolera para mujer,89900,59713,7,Negro,https://www.liverpool.com.mx/tienda/pdp/bolsa bandolera w%C3%BCnd para mujer/1159330849?skuid=1159330849,WÜND | Bolsa bandolera para mujer | $89900 | $59713 | (7)
8,WÜND,Bolsa bandolera para mujer,169900,96604,7,Negro,https://www.liverpool.com.mx/tienda/pdp/bolsa bandolera w%C3%BCnd para mujer/1159330857?skuid=1159330857,"WÜND | Bolsa bandolera para mujer | $1,69900 | $96604 | (7)"
9,WÜND,Bolsa flap para mujer,101900,91627,5,Negro,https://www.liverpool.com.mx/tienda/pdp/bolsa flap w%C3%BCnd para mujer/1159287901?skuid=1159287901,"WÜND | Bolsa flap para mujer | $1,01900 | $91627 | (5)"
1,XTELLAR,Bolsa crossbody de piel para mujer,92300,65464,6,Negro,https://www.liverpool.com.mx/tienda/pdp/bolsa crossbody xtellar de piel para mujer/1176974679?skuid=1176974679,XTELLAR | Bolsa crossbody de piel para mujer | $92300 | $65464 | (6)
1,XTELLAR,Bolsa tote para mujer,123500,78937,11,,https://www.liverpool.com.mx/tienda/pdp/bolsa tote xtellar para mujer/1188713421?skuid=1188713421,"XTELLAR | Bolsa tote para mujer | $1,23500 | $78937 | (11)"
3,XTELLAR,Bolsa shoulder para mujer,91962,64374,3,Blanco,https://www.liverpool.com.mx/tienda/pdp/bolsa shoulder xtellar para mujer/1177985224?skuid=1177985224,XTELLAR | Bolsa shoulder para mujer | $91962 | $64374 | (3)
4,XTELLAR,Bolsa crossbody para mujer,139000,92617,1,Negro,https://www.liverpool.com.mx/tienda/pdp/bolsa crossbody xtellar para mujer/1177532441?skuid=1177532441,"XTELLAR | Bolsa crossbody para mujer | $1,39000 | $92617 | (1)"
5,XTELLAR,Bolsa satchel para mujer,,58654,3,Rosa,https://www.liverpool.com.mx/tienda/pdp/bolsa satchel xtellar para mujer/1179817621?skuid=1179817621,XTELLAR | Bolsa satchel para mujer | $58654 | (3)
7,XTELLAR,Bolsa shoulder para mujer,219900,140827,8,Multicolor,https://www.liverpool.com.mx/tienda/pdp/bolsa shoulder xtellar para mujer/1177409266?skuid=1177409266,"XTELLAR | Bolsa shoulder para mujer | $2,19900 | $1,40827 | (8)"
1,H&CO,set de bolsas h&co para mujer,,159900,1,Negro | Beige | Gris,https://www.liverpool.com.mx/tienda/pdp/set de bolsas h&co para mujer/1193080608?skuid=1193080614,"Y/o recibe 15% en monedero | H&CO | Set de bolsas para mujer | $1,59900 | (1)"
1,Patrocinado,bolsa tote nine west katniss para mujer,,229900,,Negro,https://www.liverpool.com.mx/tienda/pdp/bolsa tote nine west katniss para mujer/1195472684?skuid=1195472684,"Y/o recibe 15% en monedero | Patrocinado | NINE WEST | Bolsa tote Katniss para mujer | $2,29900"
1,WESTIES,set de bolsas westies capote para mujer,,169900,,Beige | Negro | Rosa | Café | Azul,https://www.liverpool.com.mx/tienda/pdp/set de bolsas westies capote para mujer/1193597309?skuid=1193597315,"Y/o recibe 15% en monedero | WESTIES | Set de bolsas Capote para mujer | $1,69900"
1,CLOE,bolsa satchel cloe yelynia para mujer,,209900,,Rosa | Camel | Amarillo,https://www.liverpool.com.mx/tienda/pdp/bolsa satchel cloe yelynia para mujer/1193551139?skuid=1193551145,"Y/o recibe 15% en monedero | CLOE | Bolsa satchel Yelynia para mujer | $2,09900"
1,H&CO,set de bolsas h&co para mujer,,159900,,Beige | Negro,https://www.liverpool.com.mx/tienda/pdp/set de bolsas h&co para mujer/1193080560?skuid=1193080576,"Y/o recibe 15% en monedero | H&CO | Set de bolsas para mujer | $1,59900"
1,H&CO,set de bolsas tote h&co para mujer,,179900,,Negro | Camel | Blanco,https://www.liverpool.com.mx/tienda/pdp/set de bolsas tote h&co para mujer/1192114380?skuid=1192114396,"Y/o recibe 15% en monedero | H&CO | Set de bolsas tote para mujer | $1,79900"
1,CLOE,bolsa satchel cloe sirlania i para mujer,,199900,2,Negro | Azul | Beige,https://www.liverpool.com.mx/tienda/pdp/bolsa satchel cloe sirlania i para mujer/1192112751?skuid=1192112768,"Y/o recibe 15% en monedero | CLOE | Bolsa satchel Sirlania I para mujer | $1,99900 | (2)"
2,H&CO,bolsa satchel h&co promo para mujer,,159900,,Café | Beige | Rosa,https://www.liverpool.com.mx/tienda/pdp/bolsa satchel h&co promo para mujer/1193116939?skuid=1193116945,"Y/o recibe 15% en monedero | H&CO | Bolsa satchel Promo para mujer | $1,59900"
2,CLOE,bolsa hobo cloe ninsali para mujer,,179900,1,Blanco | Camel | Negro,https://www.liverpool.com.mx/tienda/pdp/bolsa hobo cloe ninsali para mujer/1189785126?skuid=1189785131,"Y/o recibe 15% en monedero | CLOE | Bolsa hobo Ninsali para mujer | $1,79900 | (1)"
2,WESTIES,bolsa tote westies houtarou para mujer,147900,103530,2,,https://www.liverpool.com.mx/tienda/pdp/bolsa tote westies houtarou para mujer/1185780146?skuid=1185780160,"Y/o recibe 15% en monedero | WESTIES | Bolsa tote Houtarou para mujer | $1,47900 | $1,03530 | (2)"
2,CLOE,bolsa satchel cloe sirlania i para mujer,,219900,,Negro | Azul | Beige,https://www.liverpool.com.mx/tienda/pdp/bolsa satchel cloe sirlania i para mujer/1192112794?skuid=1192112806,"Y/o recibe 15% en monedero | CLOE | Bolsa satchel Sirlania I para mujer | $2,19900"
2,STEVE MADDEN,bolsa tote steve madden para mujer,,169900,1,Negro | Rosa | Beige,https://www.liverpool.com.mx/tienda/pdp/bolsa tote steve madden para mujer/1194575813?skuid=1194576621,"Y/o recibe 15% en monedero | STEVE MADDEN | Bolsa tote para mujer | $1,69900 | (1)"
2,HUSER,bolsa tote huser para mujer,,149900,,Beige | Camel | Negro,https://www.liverpool.com.mx/tienda/pdp/bolsa tote huser para mujer/1191988025?skuid=1191988031,"Y/o recibe 15% en monedero | HUSER | Bolsa tote para mujer | $1,49900"
2,CLOE,bolsa satchel cloe nanbreli para mujer,,189900,4,Café | Negro,https://www.liverpool.com.mx/tienda/pdp/bolsa satchel cloe nanbreli para mujer/1191152067?skuid=1191152073,"Y/o recibe 15% en monedero | CLOE | Bolsa satchel Nanbreli para mujer | $1,89900 | (4)"
2,STEVE MADDEN,bolsa crossbody mujer,,199900,40,Negro,https://www.liverpool.com.mx/tienda/pdp/bolsa crossbody mujer/1122450283?skuid=1122450283,"Y/o recibe 15% en monedero | STEVE MADDEN | Bolsa crossbody Summer | $1,99900 | (40)"
2,WESTIES,bolsa tote westies montu para mujer,149900,127400 149900,,Rosa | Blanco | Negro,https://www.liverpool.com.mx/tienda/pdp/bolsa tote westies montu para mujer/1191002774?skuid=1191002781,"Y/o recibe 15% en monedero | WESTIES | Bolsa tote Montu para mujer | $1,49900 | $1,27400   $1,49900"
2,HUSER BASICS,bolsa tote huser basics para mujer,,89900,,Negro | Camel,https://www.liverpool.com.mx/tienda/pdp/bolsa tote huser basics para mujer/1191985727?skuid=1191985733,Y/o recibe 15% en monedero | HUSER BASICS | Bolsa tote para mujer | $89900
2,H&CO,bolsa tote h&co 2021 para mujer,,149900,61,Café,https://www.liverpool.com.mx/tienda/pdp/bolsa tote h&co 2021 para mujer/1108450114?skuid=1108450114,"Y/o recibe 15% en monedero | H&CO | Bolsa tote 2021 para mujer | $1,49900 | (61)"
2,STEVE MADDEN,bolsa satchel steve madden bevelyn para mujer,,169900,61,Negro,https://www.liverpool.com.mx/tienda/pdp/bolsa satchel steve madden bevelyn para mujer/1155069858?skuid=1155069887,"Y/o recibe 15% en monedero | STEVE MADDEN | Bolsa satchel Bevelyn para mujer | $1,69900 | (61)"
2,H&CO,set de bolsas h&co delia para mujer,,179900,1,Rosa,https://www.liverpool.com.mx/tienda/pdp/set de bolsas h&co delia para mujer/1190746770?skuid=1190746794,"Y/o recibe 15% en monedero | H&CO | Set de bolsas Delia para mujer | $1,79900 | (1)"
3,CLOE,bolsa tote cloe para mujer,,179900,154,Negro | Café,https://www.liverpool.com.mx/tienda/pdp/bolsa tote cloe para mujer/1050588663?skuid=1050588684,"Y/o recibe 15% en monedero | CLOE | Bolsa tote para mujer | $1,79900 | (154)"
3,H&CO,bolsa tote h&co promo para mujer,,159900,,Negro | Beige | Azul,https://www.liverpool.com.mx/tienda/pdp/bolsa tote h&co promo para mujer/1182345562?skuid=1182345578,"Y/o recibe 15% en monedero | H&CO | Bolsa tote Promo para mujer | $1,59900"
3,H&CO,set de bolsas h&co delia para mujer,,179900,,Negro | Azul,https://www.liverpool.com.mx/tienda/pdp/set de bolsas h&co delia para mujer/1192113774?skuid=1192113781,"Y/o recibe 15% en monedero | H&CO | Set de bolsas Delia para mujer | $1,79900"
3,CLOE,bolsa shoulder cloe filina para mujer,,179900,3,Beige | Café | Negro,https://www.liverpool.com.mx/tienda/pdp/bolsa shoulder cloe filina para mujer/1191138943?skuid=1191138950,"Y/o recibe 15% en monedero | CLOE | Bolsa shoulder Filina para mujer | $1,79900 | (3)"
3,MAP,bolsa tote map para mujer,64900,45430,,Blanco | Dorado | Negro,https://www.liverpool.com.mx/tienda/pdp/bolsa tote map para mujer/1181116152?skuid=1181116168,Y/o recibe 15% en monedero | MAP | Bolsa tote para mujer | $64900 | $45430
3,CLOE,bolsa tote cloe batzila para mujer,,199900,3,Café | Negro | Rojo,https://www.liverpool.com.mx/tienda/pdp/bolsa tote cloe batzila para mujer/1191150072?skuid=1191150089,"Y/o recibe 15% en monedero | CLOE | Bolsa tote Batzila para mujer | $1,99900 | (3)"
3,H&CO,bolsa satchel h&co tiffany para mujer,,159900,,Negro | Verde,https://www.liverpool.com.mx/tienda/pdp/bolsa satchel h&co tiffany para mujer/1191009451?skuid=1191009467,"Y/o recibe 15% en monedero | H&CO | Bolsa satchel Tiffany para mujer | $1,59900"
3,HUSER BASICS,bolsa tote huser basics para mujer,,79900,2,Rojo | Café | Beige,https://www.liverpool.com.mx/tienda/pdp/bolsa tote huser basics para mujer/1187992850?skuid=1187992873,Y/o recibe 15% en monedero | HUSER BASICS | Bolsa tote para mujer | $79900 | (2)
3,HUSER BASICS,bolsa satchel huser basics para mujer,,79900,,Negro | Camel,https://www.liverpool.com.mx/tienda/pdp/bolsa satchel huser basics para mujer/1191985093?skuid=1191985105,Y/o recibe 15% en monedero | HUSER BASICS | Bolsa satchel para mujer | $79900
3,CLOE,bolsa crossbody cloe yeletsa para mujer,,189900,1,Camel | Lila | Negro,https://www.liverpool.com.mx/tienda/pdp/bolsa crossbody cloe yeletsa para mujer/1191255907?skuid=1191255913,"Y/o recibe 15% en monedero | CLOE | Bolsa crossbody Yeletsa para mujer | $1,89900 | (1)"
3,CLOE,bolsa tote cloe xamali para mujer,,139900,3,Blanco,https://www.liverpool.com.mx/tienda/pdp/bolsa tote cloe xamali para mujer/1192113626?skuid=1192113641,"Y/o recibe 15% en monedero | CLOE | Bolsa tote Xamali para mujer | $1,39900 | (3)"
3,WESTIES,bolsa tote westies seiya para mujer,,169900,,Negro | Azul | Café,https://www.liverpool.com.mx/tienda/pdp/bolsa tote westies seiya para mujer/1185780251?skuid=1185780267,"Y/o recibe 15% en monedero | WESTIES | Bolsa tote Seiya para mujer | $1,69900"
3,H&CO,bolsa satchel h&co marisha para mujer,,159900,1,Negro | Blanco | Azul,https://www.liverpool.com.mx/tienda/pdp/bolsa satchel h&co marisha para mujer/1190780196?skuid=1190780208,"Y/o recibe 15% en monedero | H&CO | Bolsa satchel Marisha para mujer | $1,59900 | (1)"
3,HUSER BASICS,bolsa tote huser basics para mujer,,79900,1,Negro | Café | Verde,https://www.liverpool.com.mx/tienda/pdp/bolsa tote huser basics para mujer/1191137351?skuid=1191137368,Y/o recibe 15% en monedero | HUSER BASICS | Bolsa tote para mujer | $79900 | (1)
3,WESTIES,bolsa satchel westies yardang para mujer,,169900,205,Rosa | Café | Beige | Azul | Blanco,https://www.liverpool.com.mx/tienda/pdp/bolsa satchel westies yardang para mujer/1078248661?skuid=1078248676,"Y/o recibe 15% en monedero | WESTIES | Bolsa satchel Yardang para mujer | $1,69900 | (205)"
3,WESTIES,set de bolsas tote westies ruhollah para mujer,,169900,,Beige | Negro,https://www.liverpool.com.mx/tienda/pdp/set de bolsas tote westies ruhollah para mujer/1191768858?skuid=1191768864,"Y/o recibe 15% en monedero | WESTIES | Set de bolsas tote Ruhollah para mujer | $1,69900"
3,WESTIES,bolsa tote westies ferrus para mujer,,149900,136,Café | Negro,https://www.liverpool.com.mx/tienda/pdp/bolsa tote westies ferrus para mujer/1125480785?skuid=1125480795,"Y/o recibe 15% en monedero | WESTIES | Bolsa tote Ferrus para mujer | $1,49900 | (136)"
4,H&CO,bolsa crossbody h&co arina para mujer,,119900,,Negro | Beige,https://www.liverpool.com.mx/tienda/pdp/bolsa crossbody h&co arina para mujer/1192164395?skuid=1192164407,"Y/o recibe 15% en monedero | H&CO | Bolsa crossbody Arina para mujer | $1,19900"
4,H&CO,bolsa crossbody h&co maria para mujer,,139900,,Negro | Blanco | Rosa,https://www.liverpool.com.mx/tienda/pdp/bolsa crossbody h&co maria para mujer/1190745757?skuid=1190745763,"Y/o recibe 15% en monedero | H&CO | Bolsa crossbody Maria para mujer | $1,39900"
4,HUSER,set de bolsas huser para mujer,,149900,,Negro | Beige | Café,https://www.liverpool.com.mx/tienda/pdp/set de bolsas huser para mujer/1187535602?skuid=1187535618,"Y/o recibe 15% en monedero | HUSER | Set de bolsas para mujer | $1,49900"
4,H&CO,bolsa crossbody h&co 2021 para mujer,,119900,141,Café,https://www.liverpool.com.mx/tienda/pdp/bolsa crossbody h&co 2021 para mujer/1108450777?skuid=1108450777,"Y/o recibe 15% en monedero | H&CO | Bolsa crossbody 2021 para mujer | $1,19900 | (141)"
4,H&CO,bolsa satchel h&co margarita para mujer,,139900,2,Negro | Beige | Azul,https://www.liverpool.com.mx/tienda/pdp/bolsa satchel h&co margarita para mujer/1190746231?skuid=1190746247,"Y/o recibe 15% en monedero | H&CO | Bolsa Satchel Margarita para mujer | $1,39900 | (2)"
4,WESTIES,bolsa hobo westies para mujer,,169900,,Negro | Beige,https://www.liverpool.com.mx/tienda/pdp/bolsa hobo westies para mujer/1190627975?skuid=1190627981,"Y/o recibe 15% en monedero | WESTIES | Bolsa hobo para mujer | $1,69900"
4,CLOE,bolsa tote cloe ilivani para mujer,,199900,1,Camel | Lila | Negro,https://www.liverpool.com.mx/tienda/pdp/bolsa tote cloe ilivani para mujer/1191258396?skuid=1191258408,"Y/o recibe 15% en monedero | CLOE | Bolsa tote Ilivani para mujer | $1,99900 | (1)"
4,H&CO,bolsa tote h&co 2022 para mujer,,149900,34,Rosa,https://www.liverpool.com.mx/tienda/pdp/bolsa tote h&co 2022 para mujer/1118990231?skuid=1118990231,"Y/o recibe 15% en monedero | H&CO | Bolsa tote 2022 para mujer | $1,49900 | (34)"
4,CLOE,bolsa tote cloe taenia para mujer,,249900,2,Negro | Multicolor,https://www.liverpool.com.mx/tienda/pdp/bolsa tote cloe taenia para mujer/1192162961?skuid=1192162978,"Y/o recibe 15% en monedero | CLOE | Bolsa tote Taenia para mujer | $2,49900 | (2)"
4,CLOE,bolsa tote cloe fionali para mujer,,179900,2,Camel,https://www.liverpool.com.mx/tienda/pdp/bolsa tote cloe fionali para mujer/1192162911?skuid=1192163630,"Y/o recibe 15% en monedero | CLOE | Bolsa tote Fionali para mujer | $1,79900 | (2)"
4,CLOE,bolsa crossbody cloe tinbrali i para mujer,,179900,3,Azul | Café,https://www.liverpool.com.mx/tienda/pdp/bolsa crossbody cloe tinbrali i para mujer/1191247696?skuid=1191247708,"Y/o recibe 15% en monedero | CLOE | Bolsa crossbody Tinbrali I para mujer | $1,79900 | (3)"
4,H&CO,bolsa satchel h&co 2021 para mujer,,149900,80,Negro,https://www.liverpool.com.mx/tienda/pdp/bolsa satchel h&co 2021 para mujer/1108450599?skuid=1108450599,"Y/o recibe 15% en monedero | H&CO | Bolsa satchel 2021 para mujer | $1,49900 | (80)"
4,H&CO,bolsa crossbody h&co 2021 para mujer,,89900,152,Café,https://www.liverpool.com.mx/tienda/pdp/bolsa crossbody h&co 2021 para mujer/1108451021?skuid=1108451021,Y/o recibe 15% en monedero | H&CO | Bolsa crossbody 2021 para mujer | $89900 | (152)
4,HUSER BASICS,bolsa crossbody huser basics para mujer,,79900,,Negro | Morado | Beige | Gris,https://www.liverpool.com.mx/tienda/pdp/bolsa crossbody huser basics para mujer/1189806042?skuid=1189806058,Y/o recibe 15% en monedero | HUSER BASICS | Bolsa crossbody para mujer | $79900
4,CLOE,bolsa satchel cloe para mujer,,209900,163,Negro | Café,https://www.liverpool.com.mx/tienda/pdp/bolsa satchel cloe para mujer/1100955276?skuid=1100955292,"Y/o recibe 15% en monedero | CLOE | Bolsa satchel para mujer | $2,09900 | (163)"
4,CLOE,bolsa satchel cloe briliani para mujer,,209900,,Negro | Camel | Verde,https://www.liverpool.com.mx/tienda/pdp/bolsa satchel cloe briliani para mujer/1192113618?skuid=1192115121,"Y/o recibe 15% en monedero | CLOE | Bolsa satchel Briliani para mujer | $2,09900"
4,JAIME IBIZA,bolsa tote jaime ibiza mujer,,232000,114,Negro,https://www.liverpool.com.mx/tienda/pdp/bolsa tote jaime ibiza mujer/1077080309?skuid=1077080313,"Y/o recibe 15% en monedero | JAIME IBIZA | Bolsa tote para mujer | $2,32000 | (114)"
4,HUSER,bolsa crossbody huser para mujer,,129900,,Negro | Café | Rosa,https://www.liverpool.com.mx/tienda/pdp/bolsa crossbody huser para mujer/1190959722?skuid=1190959739,"Y/o recibe 15% en monedero | HUSER | Bolsa crossbody para mujer | $1,29900"
4,H&CO,bolsa crossbody h&co 2021 para mujer,,89900,117,Blanco,https://www.liverpool.com.mx/tienda/pdp/bolsa crossbody h&co 2021 para mujer/1108451285?skuid=1108451285,Y/o recibe 15% en monedero | H&CO | Bolsa crossbody 2021 para mujer | $89900 | (117)
4,THAT'S IT,bolsa bucket that's it para mujer,,69900,,Café,https://www.liverpool.com.mx/tienda/pdp/bolsa bucket that's it para mujer/1190845875?skuid=1190845881,Y/o recibe 15% en monedero | THAT'S IT | Bolsa bucket para mujer | $69900
4,HUSER BASICS,bolsa tote huser basics para mujer,,79900,,Negro | Café | Rojo | Gris,https://www.liverpool.com.mx/tienda/pdp/bolsa tote huser basics para mujer/1189808193?skuid=1189808204,Y/o recibe 15% en monedero | HUSER BASICS | Bolsa tote para mujer | $79900
4,H&CO,bolsa tote h&co para mujer,,149900,26,Beige,https://www.liverpool.com.mx/tienda/pdp/bolsa tote h&co para mujer/1108450751?skuid=1108450751,"Y/o recibe 15% en monedero | H&CO | Bolsa tote para mujer | $1,49900 | (26)"
5,THAT'S IT,bolsa crossbody that's it para mujer,49900,34930,,Negro,https://www.liverpool.com.mx/tienda/pdp/bolsa crossbody that's it para mujer/1173893710?skuid=1173895425,Y/o recibe 15% en monedero | THAT'S IT | Bolsa crossbody para mujer | $49900 | $34930
5,H&CO,bolsa crossbody h&co para mujer,,129900,5,Café,https://www.liverpool.com.mx/tienda/pdp/bolsa crossbody h&co para mujer/1187302802?skuid=1187302818,"Y/o recibe 15% en monedero | H&CO | Bolsa crossbody para mujer | $1,29900 | (5)"
5,WESTIES,bolsa tote westies kaveh para mujer,,139900,9,Azul,https://www.liverpool.com.mx/tienda/pdp/bolsa tote westies kaveh para mujer/1185166740?skuid=1185166798,"Y/o recibe 15% en monedero | WESTIES | Bolsa tote Kaveh para mujer | $1,39900 | (9)"
5,H&CO,bolsa crossbody h&co athena para mujer,,149900,,Negro | Café | Verde,https://www.liverpool.com.mx/tienda/pdp/bolsa crossbody h&co athena para mujer/1192164425?skuid=1192164431,"Y/o recibe 15% en monedero | H&CO | Bolsa crossbody Athena para mujer | $1,49900"
5,H&CO,bolsa crossbody h&co kostantina para mujer,,119900,,Negro,https://www.liverpool.com.mx/tienda/pdp/bolsa crossbody h&co kostantina para mujer/1190784167?skuid=1190784173,"Y/o recibe 15% en monedero | H&CO | Bolsa crossbody Kostantina para mujer | $1,19900"
5,CLOE,bolsa satchel cloe yeletsa para mujer,,219900,,Camel | Lila | Negro,https://www.liverpool.com.mx/tienda/pdp/bolsa satchel cloe yeletsa para mujer/1191257713?skuid=1191258220,"Y/o recibe 15% en monedero | CLOE | Bolsa satchel Yeletsa para mujer | $2,19900"
5,CLOE,bolsa satchel cloe tinbrali i para mujer,,239900,1,Azul | Café | Negro,https://www.liverpool.com.mx/tienda/pdp/bolsa satchel cloe tinbrali i para mujer/1191257675?skuid=1191257681,"Y/o recibe 15% en monedero | CLOE | Bolsa satchel Tinbrali I para mujer | $2,39900 | (1)"
5,CLOE,bolsa shoulder cloe para mujer,,199900,,Azul | Blanco | Negro | Rosa,https://www.liverpool.com.mx/tienda/pdp/bolsa shoulder cloe para mujer/1191155066?skuid=1191155072,"Y/o recibe 15% en monedero | CLOE | Bolsa shoulder para mujer | $1,99900"
5,STEVE MADDEN,bolsa shoulder steve madden fall para mujer,,199900,51,Negro,https://www.liverpool.com.mx/tienda/pdp/bolsa shoulder steve madden fall para mujer/1125232228?skuid=1125232228,"Y/o recibe 15% en monedero | STEVE MADDEN | Bolsa shoulder Fall para mujer | $1,99900 | (51)"
5,H&CO,bolsa tote h&co aurora para mujer,,159900,3,Negro | Blanco,https://www.liverpool.com.mx/tienda/pdp/bolsa tote h&co aurora para mujer/1190598207?skuid=1190598213,"Y/o recibe 15% en monedero | H&CO | Bolsa tote Aurora para mujer | $1,59900 | (3)"
5,H&CO,bolsa satchel h&co para mujer,,149900,51,Rosa,https://www.liverpool.com.mx/tienda/pdp/bolsa satchel h&co para mujer/1119765311?skuid=1119765311,"Y/o recibe 15% en monedero | H&CO | Bolsa satchel para mujer | $1,49900 | (51)"
5,H&CO,bolsa crossbody h&co beatrice para mujer,,119900,,Negro | Gris,https://www.liverpool.com.mx/tienda/pdp/bolsa crossbody h&co beatrice para mujer/1189009061?skuid=1189009077,"Y/o recibe 15% en monedero | H&CO | Bolsa crossbody Beatrice para mujer | $1,19900"
5,WESTIES,bolsa satchel westies eshal para mujer,,169900,1,Café | Rojo | Negro,https://www.liverpool.com.mx/tienda/pdp/bolsa satchel westies eshal para mujer/1185779628?skuid=1185779633,"Y/o recibe 15% en monedero | WESTIES | Bolsa Satchel Eshal para mujer | $1,69900 | (1)"
5,THAT'S IT,bolsa shoulder that's it para mujer,57900,40530,1,Rosa,https://www.liverpool.com.mx/tienda/pdp/bolsa shoulder that's it para mujer/1186740750?skuid=1186740773,Y/o recibe 15% en monedero | THAT'S IT | Bolsa shoulder para mujer | $57900 | $40530 | (1)
5,H&CO,bolsa tote h&co christina para mujer,,169900,1,Blanco | Azul | Negro,https://www.liverpool.com.mx/tienda/pdp/bolsa tote h&co christina para mujer/1192346833?skuid=1192346840,"Y/o recibe 15% en monedero | H&CO | Bolsa tote Christina para mujer | $1,69900 | (1)"
5,HUSER BASICS,bolsa crossbody huser basics para mujer,,69900,,Beige | Negro | Verde,https://www.liverpool.com.mx/tienda/pdp/bolsa crossbody huser basics para mujer/1191987886?skuid=1191987892,Y/o recibe 15% en monedero | HUSER BASICS | Bolsa crossbody para mujer | $69900
5,WESTIES,bolsa satchel westies houtarou para mujer,189900,132930,1,,https://www.liverpool.com.mx/tienda/pdp/bolsa satchel westies houtarou para mujer/1185779351?skuid=1185779374,"Y/o recibe 15% en monedero | WESTIES | Bolsa satchel Houtarou para mujer | $1,89900 | $1,32930 | (1)"
5,WESTIES,bolsa satchel westies shougo para mujer,,189900,1,Beige | Marfil,https://www.liverpool.com.mx/tienda/pdp/bolsa satchel westies shougo para mujer/1185779598?skuid=1185779609,"Y/o recibe 15% en monedero | WESTIES | Bolsa satchel Shougo para mujer | $1,89900 | (1)"
6,H&CO,bolsa crossbody h&co 2021 para mujer,,89900,91,Negro,https://www.liverpool.com.mx/tienda/pdp/bolsa crossbody h&co 2021 para mujer/1108451251?skuid=1108451251,Y/o recibe 15% en monedero | H&CO | Bolsa crossbody 2021 para mujer | $89900 | (91)
6,CLOE,bolsa crossbody cloe irias para mujer,,179900,,Azul | Negro | Rosa,https://www.liverpool.com.mx/tienda/pdp/bolsa crossbody cloe irias para mujer/1191144781?skuid=1191144798,"Y/o recibe 15% en monedero | CLOE | Bolsa crossbody Irias para mujer | $1,79900"
6,CLOE,bolsa satchel cloe rimilia para mujer,,219900,,Negro | Camel | Rosa,https://www.liverpool.com.mx/tienda/pdp/bolsa satchel cloe rimilia para mujer/1192115157?skuid=1192115163,"Y/o recibe 15% en monedero | CLOE | Bolsa satchel Rimilia para mujer | $2,19900"
6,H&CO,set de bolsas tote h&co carlotta para mujer,,179900,1,Café | Verde,https://www.liverpool.com.mx/tienda/pdp/set de bolsas tote h&co carlotta para mujer/1189009495?skuid=1189009514,"Y/o recibe 15% en monedero | H&CO | Set de bolsas tote Carlotta para mujer | $1,79900 | (1)"
6,WESTIES,set de bolsas satchel westies ruhollah para mujer,,149900,,Beige | Negro | Rojo,https://www.liverpool.com.mx/tienda/pdp/set de bolsas satchel westies ruhollah para mujer/1191768700?skuid=1191768716,"Y/o recibe 15% en monedero | WESTIES | Set de bolsas satchel Ruhollah para mujer | $1,49900"
6,CLOE,bolsa tote cloe gigroli para mujer,,169900,1,Negro | Rojo | Beige,https://www.liverpool.com.mx/tienda/pdp/bolsa tote cloe gigroli para mujer/1186389203?skuid=1186389219,"Y/o recibe 15% en monedero | CLOE | Bolsa tote Gigroli para mujer | $1,69900 | (1)"
6,H&CO,bolsa crossbody h&co christina para mujer,,119900,,Blanco | Azul | Negro,https://www.liverpool.com.mx/tienda/pdp/bolsa crossbody h&co christina para mujer/1192363151?skuid=1192363167,"Y/o recibe 15% en monedero | H&CO | Bolsa crossbody Christina para mujer | $1,19900"
6,THAT'S IT,bolsa crossbody that's it para mujer,57900,40530,,Negro | Beige,https://www.liverpool.com.mx/tienda/pdp/bolsa crossbody that's it para mujer/1186740440?skuid=1186740455,Y/o recibe 15% en monedero | THAT'S IT | Bolsa crossbody para mujer | $57900 | $40530
6,H&CO,bolsa satchel h&co alexa para mujer,,159900,,Negro | Beige | Rojo,https://www.liverpool.com.mx/tienda/pdp/bolsa satchel h&co alexa para mujer/1190580111?skuid=1190581728,"Y/o recibe 15% en monedero | H&CO | Bolsa satchel Alexa para mujer | $1,59900"
6,CLOE,bolsa crossbody cloe para mujer,,179900,1,Blanco,https://www.liverpool.com.mx/tienda/pdp/bolsa crossbody cloe para mujer/1187462818?skuid=1187463421,"Y/o recibe 15% en monedero | CLOE | Bolsa crossbody para mujer | $1,79900 | (1)"
6,H&CO,bolsa tote h&co margarita para mujer,,159900,1,Negro | Beige | Azul,https://www.liverpool.com.mx/tienda/pdp/bolsa tote h&co margarita para mujer/1190746630?skuid=1190746646,"Y/o recibe 15% en monedero | H&CO | Bolsa tote Margarita para mujer | $1,59900 | (1)"
6,CLOE,bolsa bucket cloe eneli para mujer,,179900,6,Azul | Camel | Negro,https://www.liverpool.com.mx/tienda/pdp/bolsa bucket cloe eneli para mujer/1191139320?skuid=1191139336,"Y/o recibe 15% en monedero | CLOE | Bolsa bucket Eneli para mujer | $1,79900 | (6)"
6,CLOE,bolsa crossbody cloe nanbreli para mujer,,159900,2,Café,https://www.liverpool.com.mx/tienda/pdp/bolsa crossbody cloe nanbreli para mujer/1191154337?skuid=1191154343,"Y/o recibe 15% en monedero | CLOE | Bolsa crossbody Nanbreli para mujer | $1,59900 | (2)"
6,CLOE,bolsa tote cloe dotali para mujer,,199900,,Negro | Camel,https://www.liverpool.com.mx/tienda/pdp/bolsa tote cloe dotali para mujer/1186393758?skuid=1186393763,"Y/o recibe 15% en monedero | CLOE | Bolsa tote Dotali para mujer | $1,99900"
6,H&CO,bolsa crossbody h&co 2021 para mujer,,89900,55,Negro,https://www.liverpool.com.mx/tienda/pdp/bolsa crossbody h&co 2021 para mujer/1108450611?skuid=1108450611,Y/o recibe 15% en monedero | H&CO | Bolsa crossbody 2021 para mujer | $89900 | (55)
6,CLOE,bolsa bowler cloe yailami para mujer,,169900,,Beige | Camel | Negro,https://www.liverpool.com.mx/tienda/pdp/bolsa bowler cloe yailami para mujer/1189788478?skuid=1189788483,"Y/o recibe 15% en monedero | CLOE | Bolsa bowler Yailami para mujer | $1,69900"
6,H&CO,bolsa crossbody h&co marisha para mujer,,129900,1,Negro | Blanco | Azul,https://www.liverpool.com.mx/tienda/pdp/bolsa crossbody h&co marisha para mujer/1190780048?skuid=1190780054,"Y/o recibe 15% en monedero | H&CO | Bolsa crossbody Marisha para mujer | $1,29900 | (1)"
6,CLOE,bolsa tote cloe gaselia para mujer,,209900,1,Azul | Negro | Verde | Rosa,https://www.liverpool.com.mx/tienda/pdp/bolsa tote cloe gaselia para mujer/1191248382?skuid=1191248399,"Y/o recibe 15% en monedero | CLOE | Bolsa tote Gaselia para mujer | $2,09900 | (1)"
6,CLOE,set de bolsas cloe ogozira para mujer,,219900,3,Beige,https://www.liverpool.com.mx/tienda/pdp/set de bolsas cloe ogozira para mujer/1189784839?skuid=1189784844,"Y/o recibe 15% en monedero | CLOE | Set de bolsas Ogozira para mujer | $2,19900 | (3)"
6,HUSER BASICS,bolsa crossbody huser basics para mujer,,79900,1,Negro | Café | Azul,https://www.liverpool.com.mx/tienda/pdp/bolsa crossbody huser basics para mujer/1191137068?skuid=1191137074,Y/o recibe 15% en monedero | HUSER BASICS | Bolsa crossbody para mujer | $79900 | (1)
6,H&CO,bolsa satchel h&co susana para mujer,,149900,,Negro,https://www.liverpool.com.mx/tienda/pdp/bolsa satchel h&co susana para mujer/1187383586?skuid=1187383591,"Y/o recibe 15% en monedero | H&CO | Bolsa satchel Susana para mujer | $1,49900"
6,CLOE,bolsa tote cloe irias para mujer,,199900,1,Azul | Negro | Rosa,https://www.liverpool.com.mx/tienda/pdp/bolsa tote cloe irias para mujer/1191139036?skuid=1191139042,"Y/o recibe 15% en monedero | CLOE | Bolsa tote Irias para mujer | $1,99900 | (1)"
6,H&CO,bolsa tote h&co margaret para mujer,,159900,,Blanco | Rosa,https://www.liverpool.com.mx/tienda/pdp/bolsa tote h&co margaret para mujer/1190780331?skuid=1190780356,"Y/o recibe 15% en monedero | H&CO | Bolsa tote Margaret para mujer | $1,59900"
6,CLOE,bolsa hobo cloe para mujer,,189900,,Camel | Negro,https://www.liverpool.com.mx/tienda/pdp/bolsa hobo cloe para mujer/1189788664?skuid=1189788688,"Y/o recibe 15% en monedero | CLOE | Bolsa hobo para mujer | $1,89900"
7,HUSER,bolsa crossbody huser para mujer,,99900,,Negro | Beige | Rosa,https://www.liverpool.com.mx/tienda/pdp/bolsa crossbody huser para mujer/1191045031?skuid=1191045048,Y/o recibe 15% en monedero | HUSER | Bolsa crossbody para mujer | $99900
7,CLOE,bolsa satchel cloe yotadi para mujer,,189900,1,Azul | Beige | Negro,https://www.liverpool.com.mx/tienda/pdp/bolsa satchel cloe yotadi para mujer/1191258256?skuid=1191258262,"Y/o recibe 15% en monedero | CLOE | Bolsa satchel Yotadi para mujer | $1,89900 | (1)"
7,H&CO,bolsa tote h&co 2021 para mujer,,149900,57,Café,https://www.liverpool.com.mx/tienda/pdp/bolsa tote h&co 2021 para mujer/1108450793?skuid=1108450793,"Y/o recibe 15% en monedero | H&CO | Bolsa tote 2021 para mujer | $1,49900 | (57)"
7,CLOE,bolsa tote cloe xabali para mujer,,209900,,Azul | Camel | Negro,https://www.liverpool.com.mx/tienda/pdp/bolsa tote cloe xabali para mujer/1189789423?skuid=1189789439,"Y/o recibe 15% en monedero | CLOE | Bolsa tote Xabali para mujer | $2,09900"
7,STEVE MADDEN,bolsa tote steve madden para mujer,,319900,,Blanco | Negro,https://www.liverpool.com.mx/tienda/pdp/bolsa tote steve madden para mujer/1189166485?skuid=1189166491,"Y/o recibe 15% en monedero | STEVE MADDEN | Bolsa tote para mujer | $3,19900"
7,CLOE,bolsa bowler cloe gazgaki para mujer,,169900,1,Beige | Camel | Negro | Verde,https://www.liverpool.com.mx/tienda/pdp/bolsa bowler cloe gazgaki para mujer/1189780787?skuid=1189780792,"Y/o recibe 15% en monedero | CLOE | Bolsa Bowler Gazgaki para mujer | $1,69900 | (1)"
7,H&CO,bolsa crossbody h&co penelope para mujer,,119900,,Negro | Blanco | Beige,https://www.liverpool.com.mx/tienda/pdp/bolsa crossbody h&co penelope para mujer/1192164352?skuid=1192164369,"Y/o recibe 15% en monedero | H&CO | Bolsa crossbody Penelope para mujer | $1,19900"
7,H&CO,bolsa satchel h&co carolina para mujer,,149900,,Negro | Dorado,https://www.liverpool.com.mx/tienda/pdp/bolsa satchel h&co carolina para mujer/1187383551?skuid=1187383567,"Y/o recibe 15% en monedero | H&CO | Bolsa satchel Carolina para mujer | $1,49900"
7,STEVE MADDEN,bolsa crossbody steve madden spring para mujer,,239900,25,Negro,https://www.liverpool.com.mx/tienda/pdp/bolsa crossbody steve madden spring para mujer/1116529391?skuid=1116529391,"Y/o recibe 15% en monedero | STEVE MADDEN | Bolsa crossbody Spring para mujer | $2,39900 | (25)"
7,ANEKKE,bolsa wristlet anekke sophia para mujer,,69900,2,Beige,https://www.liverpool.com.mx/tienda/pdp/bolsa wristlet anekke sophia para mujer/1189263570?skuid=1189263585,Y/o recibe 15% en monedero | ANEKKE | Bolsa wristlet Sophia para mujer | $69900 | (2)
7,H&CO,bolsa bucket h&co violetta para mujer,,129900,1,Negro | Camel | Azul,https://www.liverpool.com.mx/tienda/pdp/bolsa bucket h&co violetta para mujer/1187308720?skuid=1187308735,"Y/o recibe 15% en monedero | H&CO | Bolsa bucket Violetta para mujer | $1,29900 | (1)"
7,CLOE,bolsa tote cloe aloys i para mujer,,189900,3,Negro | Azul,https://www.liverpool.com.mx/tienda/pdp/bolsa tote cloe aloys i para mujer/1186388894?skuid=1186388905,"Y/o recibe 15% en monedero | CLOE | Bolsa tote Aloys I para mujer | $1,89900 | (3)"
7,KIPLING,bolsa crossbody kipling para mujer,,214900,1,Khaki,https://www.liverpool.com.mx/tienda/pdp/bolsa crossbody kipling para mujer/1192143604?skuid=1192143604,"Y/o recibe 15% en monedero | KIPLING | Bolsa crossbody para mujer | $2,14900 | (1)"
7,THAT'S IT,bolsa crossbody that's it para mujer,,69900,,Negro,https://www.liverpool.com.mx/tienda/pdp/bolsa crossbody that's it para mujer/1190000417?skuid=1190001225,Y/o recibe 15% en monedero | THAT'S IT | Bolsa crossbody para mujer | $69900
7,MAP,bolsa satchel map para mujer,,79900,,Multicolor,https://www.liverpool.com.mx/tienda/pdp/bolsa satchel map para mujer/1183804541?skuid=1183804541,Y/o recibe 15% en monedero | MAP | Bolsa satchel para mujer | $79900
7,MAP,bolsa crossbody map para mujer,,89900,,Negro,https://www.liverpool.com.mx/tienda/pdp/bolsa crossbody map para mujer/1188578739?skuid=1188578744,Y/o recibe 15% en monedero | MAP | Bolsa crossbody para mujer | $89900
8,ANEKKE,bolsa crossbody anekke para mujer,,239900,1,Beige,https://www.liverpool.com.mx/tienda/pdp/bolsa crossbody anekke para mujer/1189261917?skuid=1189263127,"Y/o recibe 15% en monedero | ANEKKE | Bolsa crossbody para mujer | $2,39900 | (1)"
8,MADDEN GIRL,bolsa satchel madden girl para mujer,,179900,,Negro,https://www.liverpool.com.mx/tienda/pdp/bolsa satchel madden girl para mujer/1189062695?skuid=1189062695,"Y/o recibe 15% en monedero | MADDEN GIRL | Bolsa satchel para mujer | $1,79900"
8,MAP,bolsa shoulder map para mujer,,89900,1,Negro,https://www.liverpool.com.mx/tienda/pdp/bolsa shoulder map para mujer/1183807940?skuid=1183807940,Y/o recibe 15% en monedero | MAP | Bolsa shoulder para mujer | $89900 | (1)
8,ANEKKE,bolsa satchel anekke muse para mujer,,269900,1,Beige,https://www.liverpool.com.mx/tienda/pdp/bolsa satchel anekke muse para mujer/1189262336?skuid=1189262341,"Y/o recibe 15% en monedero | ANEKKE | Bolsa Satchel Muse para mujer | $2,69900 | (1)"
8,H&CO,set de bolsas tote h&co carlotta para mujer,,179900,,Café,https://www.liverpool.com.mx/tienda/pdp/set de bolsas tote h&co carlotta para mujer/1189010035?skuid=1189010059,"Y/o recibe 15% en monedero | H&CO | Set de bolsas tote Carlotta para mujer | $1,79900"
8,ANEKKE,bolsa satchel anekke de mujer,,269900,,Beige,https://www.liverpool.com.mx/tienda/pdp/bolsa satchel anekke de mujer/1189262719?skuid=1189263429,"Y/o recibe 15% en monedero | ANEKKE | Bolsa satchel de mujer | $2,69900"
8,ABBACINO,bolsa hobo abbacino para mujer,,319900,,Negro,https://www.liverpool.com.mx/tienda/pdp/bolsa hobo abbacino para mujer/1180832016?skuid=1180833125,"Y/o recibe 15% en monedero | ABBACINO | Bolsa Hobo para mujer | $3,19900"
9,MAP,bolsa shopper map para mujer,77900,54530,,Blanco | Dorado | Negro,https://www.liverpool.com.mx/tienda/pdp/bolsa shopper map para mujer/1181116420?skuid=1181116435,Y/o recibe 15% en monedero | MAP | Bolsa shopper para mujer | $77900 | $54530
9,HUSER,bolsa clutch huser para mujer,,69900,1,Negro | Gris | Dorado | Plateado | Azul,https://www.liverpool.com.mx/tienda/pdp/bolsa clutch huser para mujer/1191984259?skuid=1191984265,Y/o recibe 15% en monedero | HUSER | Bolsa clutch para mujer | $69900 | (1)
9,CLOE,bolsa satchel cloe alasmi ii para mujer,,209900,1,Café | Azul | Beige,https://www.liverpool.com.mx/tienda/pdp/bolsa satchel cloe alasmi ii para mujer/1192113570?skuid=1192113586,"Y/o recibe 15% en monedero | CLOE | Bolsa satchel Alasmi II para mujer | $2,09900 | (1)"
9,CLOE,bolsa tote cloe lildania para mujer,,219900,1,Rojo | Blanco,https://www.liverpool.com.mx/tienda/pdp/bolsa tote cloe lildania para mujer/1180888046?skuid=1180888060,"Y/o recibe 15% en monedero | CLOE | Bolsa tote Lildania para mujer | $2,19900 | (1)"
9,STEVE MADDEN,bolsa tote steve madden para mujer,,249900,47,Negro,https://www.liverpool.com.mx/tienda/pdp/bolsa tote steve madden para mujer/1109275936?skuid=1109275936,"Y/o recibe 15% en monedero | STEVE MADDEN | Bolsa tote para mujer | $2,49900 | (47)"
9,WESTIES,bolsa tote westies tabyna para mujer,,169900,2,Negro,https://www.liverpool.com.mx/tienda/pdp/bolsa tote westies tabyna para mujer/1183630112?skuid=1183630128,"Y/o recibe 15% en monedero | WESTIES | Bolsa tote Tabyna para mujer | $1,69900 | (2)"
9,HUSER,bolsa tote huser para mujer,,139900,1,Negro | Lila | Beige,https://www.liverpool.com.mx/tienda/pdp/bolsa tote huser para mujer/1187536846?skuid=1187536851,"Y/o recibe 15% en monedero | HUSER | Bolsa tote para mujer | $1,39900 | (1)"
9,CLOE,bolsa shoulder cloe de algod%C3%B3n para mujer,,209900,1,Azul | Negro,https://www.liverpool.com.mx/tienda/pdp/bolsa shoulder cloe de algod%C3%B3n para mujer/1187414538?skuid=1187414543,"Y/o recibe 15% en monedero | CLOE | Bolsa Shoulder de algodón para mujer | $2,09900 | (1)"
9,THAT'S IT,bolsa bucket that's it para mujer,49900,34930,,Negro,https://www.liverpool.com.mx/tienda/pdp/bolsa bucket that's it para mujer/1186734652?skuid=1186734668,Y/o recibe 15% en monedero | THAT'S IT | Bolsa bucket para mujer | $49900 | $34930
9,H&CO,bolsa tote h&co para mujer,,159900,,Negro | Azul,https://www.liverpool.com.mx/tienda/pdp/bolsa tote h&co para mujer/1193079456?skuid=1193079462,"Y/o recibe 15% en monedero | H&CO | Bolsa tote para mujer | $1,59900"
9,H&CO,bolsa crossbody h&co 2021 para mujer,,89900,33,Khaki,https://www.liverpool.com.mx/tienda/pdp/bolsa crossbody h&co 2021 para mujer/1108450602?skuid=1108450602,Y/o recibe 15% en monedero | H&CO | Bolsa crossbody 2021 para mujer | $89900 | (33)
9,JAIME IBIZA,bolsa flap jaime ibiza proeza para mujer,,249000,1,Rojo,https://www.liverpool.com.mx/tienda/pdp/bolsa flap jaime ibiza proeza para mujer/1187536293?skuid=1187536304,"Y/o recibe 15% en monedero | JAIME IBIZA | Bolsa flap Proeza para mujer | $2,49000 | (1)"
9,CLOE,bolsa tote cloe ninsali para mujer,,199900,,Blanco | Camel | Negro,https://www.liverpool.com.mx/tienda/pdp/bolsa tote cloe ninsali para mujer/1189785665?skuid=1189785671,"Y/o recibe 15% en monedero | CLOE | Bolsa tote Ninsali para mujer | $1,99900"
9,STEVE MADDEN,bolsa crossbody steve madden para mujer,,269900,,Blanco | Azul,https://www.liverpool.com.mx/tienda/pdp/bolsa crossbody steve madden para mujer/1189166035?skuid=1189166041,"Y/o recibe 15% en monedero | STEVE MADDEN | Bolsa crossbody para mujer | $2,69900"
9,NINE WEST,bolsa tote nine west almae para mujer,,249900,,Negro,https://www.liverpool.com.mx/tienda/pdp/bolsa tote nine west almae para mujer/1188385086?skuid=1188385105,"Y/o recibe 15% en monedero | NINE WEST | Bolsa tote Almae para mujer | $2,49900"
9,H&CO,bolsa tote h&co thea para mujer,,169900,,Negro | Rojo,https://www.liverpool.com.mx/tienda/pdp/bolsa tote h&co thea para mujer/1190745196?skuid=1190745208,"Y/o recibe 15% en monedero | H&CO | Bolsa tote Thea para mujer | $1,69900"
9,H&CO,bolsa satchel h&co amori para mujer,,149900,,Verde,https://www.liverpool.com.mx/tienda/pdp/bolsa satchel h&co amori para mujer/1189009886?skuid=1189009905,"Y/o recibe 15% en monedero | H&CO | Bolsa satchel Amori para mujer | $1,49900"
9,H&CO,bolsa tote h&co clarisse para mujer,,149900,,Camel | Verde,https://www.liverpool.com.mx/tienda/pdp/bolsa tote h&co clarisse para mujer/1187303477?skuid=1187303491,"Y/o recibe 15% en monedero | H&CO | Bolsa tote Clarisse para mujer | $1,49900"
9,H&CO,bolsa crossbody h&co 2022 para mujer,,89900,37,Rosa,https://www.liverpool.com.mx/tienda/pdp/bolsa crossbody h&co 2022 para mujer/1118990249?skuid=1118990249,Y/o recibe 15% en monedero | H&CO | Bolsa crossbody 2022 para mujer | $89900 | (37)
9,CLOE,bolsa crossbody cloe nailani para mujer,,169900,,Negro | Naranja | Beige,https://www.liverpool.com.mx/tienda/pdp/bolsa crossbody cloe nailani para mujer/1192113227?skuid=1192113233,"Y/o recibe 15% en monedero | CLOE | Bolsa crossbody Nailani para mujer | $1,69900"
9,THAT'S IT,bolsa shoulder that's it para mujer,,59900,,Negro,https://www.liverpool.com.mx/tienda/pdp/bolsa shoulder that's it para mujer/1169803065?skuid=1169803079,Y/o recibe 15% en monedero | THAT'S IT | Bolsa shoulder para mujer | $59900
9,WESTIES,bolsa tote westies haruhi para mujer,102900,72030,,Negro,https://www.liverpool.com.mx/tienda/pdp/bolsa tote westies haruhi para mujer/1183788077?skuid=1183788091,"Y/o recibe 15% en monedero | WESTIES | Bolsa tote Haruhi para mujer | $1,02900 | $72030"
9,CLOE,bolsa tote cloe cacid i para mujer,,159900,2,Café,https://www.liverpool.com.mx/tienda/pdp/bolsa tote cloe cacid i para mujer/1186390040?skuid=1186390063,"Y/o recibe 15% en monedero | CLOE | Bolsa tote Cacid I para mujer | $1,59900 | (2)"
10,H&CO,bolsa tote h&co 2021 para mujer,,149900,20,Blanco,https://www.liverpool.com.mx/tienda/pdp/bolsa tote h&co 2021 para mujer/1108450106?skuid=1108450106,"Y/o recibe 15% en monedero | H&CO | Bolsa tote 2021 para mujer | $1,49900 | (20)"
10,CLOE,bolsa crossbody cloe,,129900,296,Negro | Azul | Amarillo | Rosa,https://www.liverpool.com.mx/tienda/pdp/bolsa crossbody cloe/1098177611?skuid=1098177724,"Y/o recibe 15% en monedero | CLOE | Bolsa crossbody | $1,29900 | (296)"
10,STEVE MADDEN,bolsa shoulder steve madden holiday para mujer,,249900,1,Negro,https://www.liverpool.com.mx/tienda/pdp/bolsa shoulder steve madden holiday para mujer/1186666689?skuid=1186666689,"Y/o recibe 15% en monedero | STEVE MADDEN | Bolsa Shoulder Holiday para mujer | $2,49900 | (1)"
10,CALL IT SPRING,bolsa clutch call it spring para mujer,62900,31450,,,https://www.liverpool.com.mx/tienda/pdp/bolsa clutch call it spring para mujer/1175120301?skuid=1175123322,Y/o recibe 15% en monedero | CALL IT SPRING | Bolsa clutch para mujer | $62900 | $31450
10,H&CO,set de bolsas h&co promo para mujer,,159900,2,Negro | Blanco | Rojo,https://www.liverpool.com.mx/tienda/pdp/set de bolsas h&co promo para mujer/1193079049?skuid=1193079055,"Y/o recibe 15% en monedero | H&CO | Set de bolsas promo para mujer | $1,59900 | (2)"
10,CLOE,bolsa hobo cloe ilivani para mujer,,169900,,Camel | Lila | Negro,https://www.liverpool.com.mx/tienda/pdp/bolsa hobo cloe ilivani para mujer/1191257586?skuid=1191257592,"Y/o recibe 15% en monedero | CLOE | Bolsa hobo Ilivani para mujer | $1,69900"
10,H&CO,bolsa tote h&co beatrice para mujer,,159900,,Gris,https://www.liverpool.com.mx/tienda/pdp/bolsa tote h&co beatrice para mujer/1189010078?skuid=1189010091,"Y/o recibe 15% en monedero | H&CO | Bolsa tote Beatrice para mujer | $1,59900"
10,WESTIES,bolsa crossbody westies para mujer,,149900,,Azul | Negro | Café,https://www.liverpool.com.mx/tienda/pdp/bolsa crossbody westies para mujer/1185779113?skuid=1185779129,"Y/o recibe 15% en monedero | WESTIES | Bolsa crossbody para mujer | $1,49900"
10,H&CO,bolsa shoulder h&co katherine para mujer,,99900,,Negro | Verde | Café,https://www.liverpool.com.mx/tienda/pdp/bolsa shoulder h&co katherine para mujer/1192114029?skuid=1192114035,Y/o recibe 15% en monedero | H&CO | Bolsa shoulder Katherine para mujer | $99900
10,CLOE,backpack cloe ofolia para mujer,,219900,3,Azul | Beige | Camel,https://www.liverpool.com.mx/tienda/pdp/backpack cloe ofolia para mujer/1191247343?skuid=1191247350,"Y/o recibe 15% en monedero | CLOE | Backpack Ofolia para mujer | $2,19900 | (3)"
10,THAT'S IT,bolsa crossbody that's it para mujer,49900,34930,1,,https://www.liverpool.com.mx/tienda/pdp/bolsa crossbody that's it para mujer/1186741829?skuid=1186741842,Y/o recibe 15% en monedero | THAT'S IT | Bolsa crossbody para mujer | $49900 | $34930 | (1)
10,HUSER,bolsa crossbody huser para mujer,,99900,2,Lila | Negro | Café,https://www.liverpool.com.mx/tienda/pdp/bolsa crossbody huser para mujer/1191044451?skuid=1191044467,Y/o recibe 15% en monedero | HUSER | Bolsa crossbody para mujer | $99900 | (2)
10,H&CO,set de bolsas crossbody h&co audrey para mujer,,139900,,Negro | Azul,https://www.liverpool.com.mx/tienda/pdp/set de bolsas crossbody h&co audrey para mujer/1187304309?skuid=1187304314,"Y/o recibe 15% en monedero | H&CO | Set de bolsas crossbody Audrey para mujer | $1,39900"
10,CLOE,bolsa tote cloe gaselia para mujer,,229900,3,Azul | Negro | Verde | Rosa,https://www.liverpool.com.mx/tienda/pdp/bolsa tote cloe gaselia para mujer/1191257802?skuid=1191257819,"Y/o recibe 15% en monedero | CLOE | Bolsa tote Gaselia para mujer | $2,29900 | (3)"
10,CLOE,bolsa satchel cloe para mujer,,229900,,Blanco | Negro,https://www.liverpool.com.mx/tienda/pdp/bolsa satchel cloe para mujer/1187542072?skuid=1187542088,"Y/o recibe 15% en monedero | CLOE | Bolsa satchel para mujer | $2,29900"
10,STEVE MADDEN,bolsa crossbody steve madden para mujer,,119900,31,Café | Multicolor,https://www.liverpool.com.mx/tienda/pdp/bolsa crossbody steve madden para mujer/1132385932?skuid=1132385943,"Y/o recibe 15% en monedero | STEVE MADDEN | Bolsa crossbody para mujer | $1,19900 | (31)"
10,HUSER,bolsa tote huser para mujer,,169900,,Rosa | Camel | Verde,https://www.liverpool.com.mx/tienda/pdp/bolsa tote huser para mujer/1189806301?skuid=1189806317,"Y/o recibe 15% en monedero | HUSER | Bolsa tote para mujer | $1,69900"
10,H&CO,bolsa satchel h&co sophia para mujer,,149900,,Negro | Beige | Azul,https://www.liverpool.com.mx/tienda/pdp/bolsa satchel h&co sophia para mujer/1190746371?skuid=1190746387,"Y/o recibe 15% en monedero | H&CO | Bolsa satchel Sophia para mujer | $1,49900"
10,H&CO,bolsa bowler h&co aurora para mujer,,149900,,Negro | Blanco | Rojo,https://www.liverpool.com.mx/tienda/pdp/bolsa bowler h&co aurora para mujer/1190580570?skuid=1190580586,"Y/o recibe 15% en monedero | H&CO | Bolsa bowler Aurora para mujer | $1,49900"
6,YOIKO,Bolsa tote Luxe para mujer,159900,99900,1,Camel,https://www.liverpool.com.mx/tienda/pdp/bolsa tote yoiko luxe para mujer/1175054461?skuid=1175054461,"YOIKO | Bolsa tote Luxe para mujer | $1,59900 | $99900 | (1)"
7,YOIKO,Bolsa bucket para mujer,184900,93900,,Negro | Blanco,https://www.liverpool.com.mx/tienda/pdp/bolsa bucket yoiko para mujer/99991305377?skuid=1187988981,"YOIKO | Bolsa bucket para mujer | $1,84900 | $93900"
9,YOIKO,Bolsa crossbody Camille para mujer,129900,85900,2,Camel,https://www.liverpool.com.mx/tienda/pdp/bolsa crossbody yoiko camille para mujer/99982408199?skuid=1172620236,"YOIKO | Bolsa crossbody Camille para mujer | $1,29900 | $85900 | (2)"
10,YUZEFI,Bolsa crossbody Dinner Roll de piel para mujer,362900,290320,,Beige,https://www.liverpool.com.mx/tienda/pdp/bolsa crossbody yuzefi dinner roll de piel para mujer/1124926838?skuid=1124926838,"YUZEFI | Bolsa crossbody Dinner Roll de piel para mujer | $3,62900 | $2,90320"
